organism_key	taxon_version_key	kingdom	phylum_division	class	order	family	genus	taxon_name	taxon_authority	taxon_rank	synonyms	non_native_flag	terrestrial_freshwater_flag	freshwater	marine_flag	freshbase	ukceh_freshwater_list	pantheon_sqs	pantheon_conservation_status	pantheon_current_conservation_status	pantheon_designation_summary	pantheon_larval_feeding_guild	pantheon_adult_feeding_guild	pantheon_broad_biotope	pantheon_habitat	pantheon_resources	pantheon_specific_assemblage_type	pantheon_habitat_score	pantheon_associations	jncc_a: bern convention	jncc_c: birds directive	jncc_c1: convention on migratory species	jncc_c2: ospar	jncc_d: habitats directive	jncc_e: ec cites	jncc_f: global red list status	jncc_fa: red listing based on pre 1994 iucn guidelines	jncc_fb: red listing based on 1994 iucn guidelines	jncc_fc: red listing based on 2001 iucn guidelines	jncc_fd: red data categories  - birds (not based on iucn criteria)	jncc_fe: red data categories - spiders (not based on iucn criteria)	jncc_ga: rare and scarce species	jncc_gb: rare and scarce species (not based on iucn criteria)	jncc_ha: biodiversity action plan uk list of priority species	jncc_hb: biodiversity lists - england	jncc_hc: biodiversity lists - scotland	jncc_hd: biodiversity lists - wales	jncc_he: biodiversity lists - northern ireland	jncc_i: wildlife and countryside act 1981	jncc_j: the wildlife (northern ireland) order 1985	jncc_k: the conservation of habitats and species regulations 2010	jncc_l: the conservation (nature habitats, etc_) regulations (ni) 199	jncc_m: protection of badgers act	number_records	gb_records	bags_grade	species_status	bin_uris	otu_ids	other_names
NBNORG0000064636	NHMSYS0000599624	Chromista		Bacillariophyceae		Acanthocerataceae	Acanthoceras	Acanthoceras madeburgensis	Hongim.	Species	Acanthoceras zachariasi;Attheya zachariasii																																											0	0	F	BLACK			
NBNORG0000064639	NHMSYS0000599639	Chromista		Bacillariophyceae	Achnanthales	Achnanthaceae	Achnanthes	Achnanthes angustata	Grev.	Species																																												0	0	F	BLACK			
NBNORG0000064640	NHMSYS0000599640	Chromista		Bacillariophyceae	Achnanthales	Achnanthaceae	Achnanthes	Achnanthes aperta	J.R.Carter	Species																																												0	0	F	BLACK			
NBNORG0000064641	NHMSYS0000599641	Chromista		Bacillariophyceae	Achnanthales	Achnanthaceae	Achnanthes	Achnanthes austriaca	Hust.	Species	Achnanthes austriaca var. parallela;Achnanthes austriaca var. ventricosa;Eucocconeis austriaca																																											0	0	F	BLACK			
NBNORG0000106768	NHMSYS0020954798	Chromista		Bacillariophyceae	Achnanthales	Achnanthaceae	Achnanthes	Achnanthes bahusiensis	(Grunow) Lange-Bertalot, 1989	Species																																												0	0	F	BLACK			
NBNORG0000064644	NHMSYS0000599646	Chromista		Bacillariophyceae	Achnanthales	Achnanthaceae	Achnanthes	Achnanthes bicapitata	Hust.	Species																																												0	0	F	BLACK			
NBNORG0000064645	NHMSYS0000599648	Chromista		Bacillariophyceae	Achnanthales	Achnanthaceae	Achnanthes	Achnanthes borealis	A.Cleve	Species																																												0	0	F	BLACK			
NBNORG0000064646	NHMSYS0000599649	Chromista		Bacillariophyceae	Achnanthales	Achnanthaceae	Achnanthes	Achnanthes boyei	Østrup.	Species																																												0	0	F	BLACK			
NBNORG0000106769	NHMSYS0020954799	Chromista		Bacillariophyceae	Achnanthales	Achnanthaceae	Achnanthes	Achnanthes bremeyeri	Lange-Bertalot, 1989	Species																																												0	0	F	BLACK			
NBNORG0000064647	NHMSYS0000599650	Chromista		Bacillariophyceae	Achnanthales	Achnanthaceae	Achnanthes	Achnanthes brevipes	C.Agardh	Species	Achnanthes brevipes var. intermedia																																											1	0	E	RED		OTU_001377	Achnanthes sp. a
NBNORG0000106770	NHMSYS0020954800	Chromista		Bacillariophyceae	Achnanthales	Achnanthaceae	Achnanthes	Achnanthes carissima	Lange-Bertalot in Lange-Bertalot & Krammer, 1989	Species																																												0	0	F	BLACK			
NBNORG0000106771	NHMSYS0020954801	Chromista		Bacillariophyceae	Achnanthales	Achnanthaceae	Achnanthes	Achnanthes chlidanos	Holm & Hellerman, 1963	Species																																												0	0	F	BLACK			
NBNORG0000064649	NHMSYS0000599656	Chromista		Bacillariophyceae	Achnanthales	Achnanthaceae	Achnanthes	Achnanthes coarctata	(Bréb. ex W.Sm.) Grunow	Species	Achnanthes coarctata var. elliptica;Achnanthes coarctata var. sinaensis;Achnanthidium coarctatum																																											2	0	C	GREEN		OTU_002211;OTU_003864	
NBNORG0000064652	NHMSYS0000599659	Chromista		Bacillariophyceae	Achnanthales	Achnanthaceae	Achnanthes	Achnanthes conspicua	A.Mayer	Species	Achnanthes conspicua var. brevistriata																																											0	0	F	BLACK			
NBNORG0000064654	NHMSYS0000599661	Chromista		Bacillariophyceae	Achnanthales	Achnanthaceae	Achnanthes	Achnanthes curtissima	J.R.Carter	Species																																												0	0	F	BLACK			
NBNORG0000064655	NHMSYS0000599662	Chromista		Bacillariophyceae	Achnanthales	Achnanthaceae	Achnanthes	Achnanthes danica	(Flögel) Grunow	Species																																												0	0	F	BLACK			
NBNORG0000106772	NHMSYS0020954802	Chromista		Bacillariophyceae	Achnanthales	Achnanthaceae	Achnanthes	Achnanthes delicatula	(Kützing) Grunow in Grunow & Grunow, 1880	Species	Achnanthes delicatula var. hauckiana																																											0	0	F	BLACK			
NBNORG0000064656	NHMSYS0000599669	Chromista		Bacillariophyceae	Achnanthales	Achnanthaceae	Achnanthes	Achnanthes depressa	(Cleve) Hust.	Species	Eucocconeis depressa																																											0	0	F	BLACK			
NBNORG0000043660	NBNSYS0100009134	Chromista		Bacillariophyceae	Achnanthales	Achnanthaceae	Achnanthes	Achnanthes dispar	Cleve	Species																																												0	0	F	BLACK			
NBNORG0000064657	NHMSYS0000599673	Chromista		Bacillariophyceae	Achnanthales	Achnanthaceae	Achnanthes	Achnanthes distincta	Messik.	Species																																												0	0	F	BLACK			
NBNORG0000064658	NHMSYS0000599674	Chromista		Bacillariophyceae	Achnanthales	Achnanthaceae	Achnanthes	Achnanthes divergens	A.Cleve	Species																																												0	0	F	BLACK			
NBNORG0000064659	NHMSYS0000599676	Chromista		Bacillariophyceae	Achnanthales	Achnanthaceae	Achnanthes	Achnanthes exigua	Grunow	Species	Achnanthes exigua var. heterovalva																																											0	0	F	BLACK			
NBNORG0000064661	NHMSYS0000599679	Chromista		Bacillariophyceae	Achnanthales	Achnanthaceae	Achnanthes	Achnanthes expressa	J.R.Carter	Species																																												0	0	F	BLACK			
NBNORG0000106775	NHMSYS0020954806	Chromista		Bacillariophyceae	Achnanthales	Achnanthaceae	Achnanthes	Achnanthes flexella	(Kütz.) Brun, 1880	Species	Achnanthes flexella var. alpestris																																											0	0	F	BLACK			
NBNORG0000064662	NHMSYS0000599681	Chromista		Bacillariophyceae	Achnanthales	Achnanthaceae	Achnanthes	Achnanthes fluviatilis	A.Cleve	Species																																												0	0	F	BLACK			
NBNORG0000064663	NHMSYS0000599682	Chromista		Bacillariophyceae	Achnanthales	Achnanthaceae	Achnanthes	Achnanthes fontana	Round	Species																																												0	0	F	BLACK			
NBNORG0000064664	NHMSYS0000599685	Chromista		Bacillariophyceae	Achnanthales	Achnanthaceae	Achnanthes	Achnanthes fugei	J.R.Carter	Species																																												0	0	F	BLACK			
NBNORG0000064665	NHMSYS0000599687	Chromista		Bacillariophyceae	Achnanthales	Achnanthaceae	Achnanthes	Achnanthes gibberula	Grunow	Species																																												0	0	F	BLACK			
NBNORG0000064666	NHMSYS0000599688	Chromista		Bacillariophyceae	Achnanthales	Achnanthaceae	Achnanthes	Achnanthes gracillima	Mills	Species																																												0	0	F	BLACK			
NBNORG0000106777	NHMSYS0020954808	Chromista		Bacillariophyceae	Achnanthales	Achnanthaceae	Achnanthes	Achnanthes grana	Hohn & Hellerman, 1963	Species																																												0	0	F	BLACK			
NBNORG0000106778	NHMSYS0020954809	Chromista		Bacillariophyceae	Achnanthales	Achnanthaceae	Achnanthes	Achnanthes grischuna	Wuthrich, 1975	Species																																												0	0	F	BLACK			
NBNORG0000064667	NHMSYS0000599690	Chromista		Bacillariophyceae	Achnanthales	Achnanthaceae	Achnanthes	Achnanthes hallandica	A.Cleve	Species																																												0	0	F	BLACK			
NBNORG0000043661	NBNSYS0100009146	Chromista		Bacillariophyceae	Achnanthales	Achnanthaceae	Achnanthes	Achnanthes haynaldii		Species	Achnanthes haynaldii var. elliptico-lanceolata																																											0	0	F	BLACK			
NBNORG0000064668	NHMSYS0000599694	Chromista		Bacillariophyceae	Achnanthales	Achnanthaceae	Achnanthes	Achnanthes helvetica	(Hust.) Lange-Bert.	Species	Achnanthes helvetica var. alpina																																											0	0	F	BLACK			
NBNORG0000064669	NHMSYS0000599695	Chromista		Bacillariophyceae	Achnanthales	Achnanthaceae	Achnanthes	Achnanthes hintzii	Lange-Bert. et Krammer	Species																																												0	0	F	BLACK			
NBNORG0000103571	NHMSYS0020748785	Chromista		Bacillariophyceae	Achnanthales	Achnanthaceae	Achnanthes	Achnanthes holsatica	Hust	Species																																												0	0	F	BLACK			
NBNORG0000043662	NBNSYS0100009148	Chromista		Bacillariophyceae	Achnanthales	Achnanthaceae	Achnanthes	Achnanthes holstii		Species																																												0	0	F	BLACK			
NBNORG0000064670	NHMSYS0000599697	Chromista		Bacillariophyceae	Achnanthales	Achnanthaceae	Achnanthes	Achnanthes hungarica	(Grunow) Grunow	Species	Lemnicola hungarica																																											4	0	C	BLUE		OTU_000229;OTU_002023;OTU_002233	
NBNORG0000064671	NHMSYS0000599699	Chromista		Bacillariophyceae	Achnanthales	Achnanthaceae	Achnanthes	Achnanthes hyperborea	(Grunow) Grunow	Species																																												0	0	F	BLACK			
NBNORG0000106780	NHMSYS0020954811	Chromista		Bacillariophyceae	Achnanthales	Achnanthaceae	Achnanthes	Achnanthes impexa	Lange-Bertalot, 1989	Species																																												0	0	F	BLACK			
NBNORG0000064672	NHMSYS0000599700	Chromista		Bacillariophyceae	Achnanthales	Achnanthaceae	Achnanthes	Achnanthes inflata	(Kütz.) Grunow	Species																																												0	0	F	BLACK			
NBNORG0000106781	NHMSYS0020954812	Chromista		Bacillariophyceae	Achnanthales	Achnanthaceae	Achnanthes	Achnanthes ingratiformis	Lange Bertalot, 1989	Species																																												0	0	F	BLACK			
NBNORG0000106782	NHMSYS0020954813	Chromista		Bacillariophyceae	Achnanthales	Achnanthaceae	Achnanthes	Achnanthes joursacense	Hérib.-Joseph.	Species	Achnanthes elliptica																																											0	0	F	BLACK			
NBNORG0000064673	NHMSYS0000599706	Chromista		Bacillariophyceae	Achnanthales	Achnanthaceae	Achnanthes	Achnanthes kriegeri	Krasske	Species																																												0	0	F	BLACK			
NBNORG0000060419	NHMSYS0000524224	Chromista		Bacillariophyceae	Achnanthales	Achnanthaceae	Achnanthes	Achnanthes kryophila	J.B. Petersen 1924	Species	Achnanthes kryophila var. protracta																																											0	0	F	BLACK			
NBNORG0000064674	NHMSYS0000599711	Chromista		Bacillariophyceae	Achnanthales	Achnanthaceae	Achnanthes	Achnanthes laevis	Østrup	Species	Eucocconeis laevis																																											1	0	D	BLUE		OTU_003628	
NBNORG0000064675	NHMSYS0000599722	Chromista		Bacillariophyceae	Achnanthales	Achnanthaceae	Achnanthes	Achnanthes lapidosa	Krasske	Species	Nupela lapidosa																																											0	0	F	BLACK			
NBNORG0000106784	NHMSYS0020954815	Chromista		Bacillariophyceae	Achnanthales	Achnanthaceae	Achnanthes	Achnanthes lapponica	(Hustedt) Hustedt, 1933	Species																																												0	0	F	BLACK			
NBNORG0000064676	NHMSYS0000599724	Chromista		Bacillariophyceae	Achnanthales	Achnanthaceae	Achnanthes	Achnanthes latissima	A.Cleve	Species																																												0	0	F	BLACK			
NBNORG0000106785	NHMSYS0020954816	Chromista		Bacillariophyceae	Achnanthales	Achnanthaceae	Achnanthes	Achnanthes lauenbergiana	Hulstedt, 1950	Species																																												0	0	F	BLACK			
NBNORG0000064677	NHMSYS0000599726	Chromista		Bacillariophyceae	Achnanthales	Achnanthaceae	Achnanthes	Achnanthes lemmermannii	Hust.	Species	Achnanthes lemmermannii var. lineata;Achnanthes lemmermannii var. obtusa																																											0	0	F	BLACK			
NBNORG0000043663	NBNSYS0100009160	Chromista		Bacillariophyceae	Achnanthales	Achnanthaceae	Achnanthes	Achnanthes lilljeborgei	Grunow	Species																																												0	0	F	BLACK			
NBNORG0000043664	NBNSYS0100009161	Chromista		Bacillariophyceae	Achnanthales	Achnanthaceae	Achnanthes	Achnanthes linkei	Hust.	Species																																												0	0	F	BLACK			
NBNORG0000064680	NHMSYS0000599731	Chromista		Bacillariophyceae	Achnanthales	Achnanthaceae	Achnanthes	Achnanthes lintonensis	J.R.Carter	Species																																												0	0	F	BLACK			
NBNORG0000115659	NHMSYS0021057961	Chromista		Bacillariophyceae	Achnanthales	Achnanthaceae	Achnanthes	Achnanthes longipes	C.Agardh, 1824	Species					Y																																							1	0	D	GREEN		OTU_003057	
NBNORG0000064681	NHMSYS0000599732	Chromista		Bacillariophyceae	Achnanthales	Achnanthaceae	Achnanthes	Achnanthes lutheri	Hust.	Species																																												0	0	F	BLACK			
NBNORG0000064682	NHMSYS0000599734	Chromista		Bacillariophyceae	Achnanthales	Achnanthaceae	Achnanthes	Achnanthes maxima	A.Cleve	Species																																												0	0	F	BLACK			
NBNORG0000064683	NHMSYS0000599737	Chromista		Bacillariophyceae	Achnanthales	Achnanthaceae	Achnanthes	Achnanthes minima	J.R.Carter	Species																																												0	0	F	BLACK			
NBNORG0000064684	NHMSYS0000599738	Chromista		Bacillariophyceae	Achnanthales	Achnanthaceae	Achnanthes	Achnanthes minuscula	Hust.	Species																																												0	0	F	BLACK			
NBNORG0000106787	NHMSYS0020954820	Chromista		Bacillariophyceae	Achnanthales	Achnanthaceae	Achnanthes	Achnanthes modestiformis	Lange-Bertalot, 1989	Species																																												0	0	F	BLACK			
NBNORG0000064685	NHMSYS0000599745	Chromista		Bacillariophyceae	Achnanthales	Achnanthaceae	Achnanthes	Achnanthes montana	Krasske	Species																																												0	0	F	BLACK			
NBNORG0000064686	NHMSYS0000599746	Chromista		Bacillariophyceae	Achnanthales	Achnanthaceae	Achnanthes	Achnanthes nodosa	A.Cleve	Species																																												0	0	F	BLACK			
NBNORG0000064687	NHMSYS0000599747	Chromista		Bacillariophyceae	Achnanthales	Achnanthaceae	Achnanthes	Achnanthes obliqua	(Greg.) Hust.	Species																																												0	0	F	BLACK			
NBNORG0000064688	NHMSYS0000599749	Chromista		Bacillariophyceae	Achnanthales	Achnanthaceae	Achnanthes	Achnanthes oblongella	Østrup.	Species																																												0	0	F	BLACK			
NBNORG0000064689	NHMSYS0000599752	Chromista		Bacillariophyceae	Achnanthales	Achnanthaceae	Achnanthes	Achnanthes parvula	Kütz.	Species																																												0	0	F	BLACK			
NBNORG0000064690	NHMSYS0000599754	Chromista		Bacillariophyceae	Achnanthales	Achnanthaceae	Achnanthes	Achnanthes perfida	J.R.Carter	Species																																												0	0	F	BLACK			
NBNORG0000106788	NHMSYS0020954822	Chromista		Bacillariophyceae	Achnanthales	Achnanthaceae	Achnanthes	Achnanthes pericava	Carter, 1966	Species																																												0	0	F	BLACK			
NBNORG0000106789	NHMSYS0020954823	Chromista		Bacillariophyceae	Achnanthales	Achnanthaceae	Achnanthes	Achnanthes petersenii	Hustedt, 1937	Species																																												0	0	F	BLACK			
NBNORG0000064691	NHMSYS0000599755	Chromista		Bacillariophyceae	Achnanthales	Achnanthaceae	Achnanthes	Achnanthes pinnata	Hust.	Species																																												0	0	F	BLACK			
NBNORG0000064692	NHMSYS0000599756	Chromista		Bacillariophyceae	Achnanthales	Achnanthaceae	Achnanthes	Achnanthes plana	J.R.Carter	Species																																												0	0	F	BLACK			
NBNORG0000060421	NHMSYS0000524228	Chromista		Bacillariophyceae	Achnanthales	Achnanthaceae	Achnanthes	Achnanthes ploenensis	Hust. 1930	Species	Achnanthes ploenensis var. gessneri																																											0	0	F	BLACK			
NBNORG0000064694	NHMSYS0000599759	Chromista		Bacillariophyceae	Achnanthales	Achnanthaceae	Achnanthes	Achnanthes pseudosuchlandtii	Manguin	Species																																												0	0	F	BLACK			
NBNORG0000106790	NHMSYS0020954824	Chromista		Bacillariophyceae	Achnanthales	Achnanthaceae	Achnanthes	Achnanthes pseudoswazi	J.R. Carter, 1963	Species																																												0	0	F	BLACK			
NBNORG0000064695	NHMSYS0000599760	Chromista		Bacillariophyceae	Achnanthales	Achnanthaceae	Achnanthes	Achnanthes pseudotanensis	A.Cleve	Species																																												0	0	F	BLACK			
NBNORG0000064696	NHMSYS0000599761	Chromista		Bacillariophyceae	Achnanthales	Achnanthaceae	Achnanthes	Achnanthes punctata	Round	Species																																												0	0	F	BLACK			
NBNORG0000064697	NHMSYS0000599765	Chromista		Bacillariophyceae	Achnanthales	Achnanthaceae	Achnanthes	Achnanthes quadratarea	(Østrup) R.Ross	Species	Achnanthes laevis var. quadratarea;Achnanthes quadratarea var. fennica;Eucocconeis quadratarea																																											0	0	F	BLACK			
NBNORG0000064699	NHMSYS0000599767	Chromista		Bacillariophyceae	Achnanthales	Achnanthaceae	Achnanthes	Achnanthes rechtensis	Leclercq	Species																																												0	0	F	BLACK			
NBNORG0000106791	NHMSYS0020954825	Chromista		Bacillariophyceae	Achnanthales	Achnanthaceae	Achnanthes	Achnanthes ricula	Hohm & Hellerman, 1963	Species																																												0	0	F	BLACK			
NBNORG0000064700	NHMSYS0000599772	Chromista		Bacillariophyceae	Achnanthales	Achnanthaceae	Achnanthes	Achnanthes rostellata	A.Cleve	Species																																												0	0	F	BLACK			
NBNORG0000064701	NHMSYS0000599774	Chromista		Bacillariophyceae	Achnanthales	Achnanthaceae	Achnanthes	Achnanthes rupestoides	Hohn., 1961	Species	Achnanthes hustedtii;Achnanthes krasskei																																											0	0	F	BLACK			
NBNORG0000064702	NHMSYS0000599775	Chromista		Bacillariophyceae	Achnanthales	Achnanthaceae	Achnanthes	Achnanthes rupestris	Krasske	Species																																												0	0	F	BLACK			
NBNORG0000043665	NBNSYS0100009183	Chromista		Bacillariophyceae	Achnanthales	Achnanthaceae	Achnanthes	Achnanthes saccula	J.R.Carter	Species																																												0	0	F	BLACK			
NBNORG0000064703	NHMSYS0000599777	Chromista		Bacillariophyceae	Achnanthales	Achnanthaceae	Achnanthes	Achnanthes saxonica	Krasske ex Hust.	Species																																												0	0	F	BLACK			
NBNORG0000064704	NHMSYS0000599779	Chromista		Bacillariophyceae	Achnanthales	Achnanthaceae	Achnanthes	Achnanthes semiaperta	Hust.	Species																																												0	0	F	BLACK			
NBNORG0000106792	NHMSYS0020954826	Chromista		Bacillariophyceae	Achnanthales	Achnanthaceae	Achnanthes	Achnanthes silvahercynia	Lange-Bertalot, 1989	Species																																												0	0	F	BLACK			
NBNORG0000064705	NHMSYS0000599781	Chromista		Bacillariophyceae	Achnanthales	Achnanthaceae	Achnanthes	Achnanthes similis	McCall	Species																																												0	0	F	BLACK			
NBNORG0000064706	NHMSYS0000599782	Chromista		Bacillariophyceae	Achnanthales	Achnanthaceae	Achnanthes	Achnanthes sonyda	J.R.Carter	Species																																												0	0	F	BLACK			
NBNORG0000103572	NHMSYS0020748787	Chromista		Bacillariophyceae	Achnanthales	Achnanthaceae	Achnanthes	Achnanthes stolida	(Krasske) Krasske	Species																																												0	0	F	BLACK			
NBNORG0000106793	NHMSYS0020954827	Chromista		Bacillariophyceae	Achnanthales	Achnanthaceae	Achnanthes	Achnanthes straubiana	Lange-Bertalot in Lange-Bertalot & Metzeltin, 1996	Species																																												0	0	F	BLACK			
NBNORG0000064707	NHMSYS0000599785	Chromista		Bacillariophyceae	Achnanthales	Achnanthaceae	Achnanthes	Achnanthes stroemii	Hust.	Species	Achnanthes fimbricata																																											0	0	F	BLACK			
NBNORG0000064708	NHMSYS0000599788	Chromista		Bacillariophyceae	Achnanthales	Achnanthaceae	Achnanthes	Achnanthes subsalsa	J.B.Petersen	Species																																												0	0	F	BLACK			
NBNORG0000064709	NHMSYS0000599789	Chromista		Bacillariophyceae	Achnanthales	Achnanthaceae	Achnanthes	Achnanthes subsalsoides	Hust.	Species																																												0	0	F	BLACK			
NBNORG0000043666	NBNSYS0100009192	Chromista		Bacillariophyceae	Achnanthales	Achnanthaceae	Achnanthes	Achnanthes suchlandtii		Species																																												0	0	F	BLACK			
NBNORG0000064710	NHMSYS0000599792	Chromista		Bacillariophyceae	Achnanthales	Achnanthaceae	Achnanthes	Achnanthes suspecta	A.Cleve	Species																																												0	0	F	BLACK			
NBNORG0000064712	NHMSYS0000599794	Chromista		Bacillariophyceae	Achnanthales	Achnanthaceae	Achnanthes	Achnanthes tenuis	Hust.	Species																																												0	0	F	BLACK			
NBNORG0000064713	NHMSYS0000599795	Chromista		Bacillariophyceae	Achnanthales	Achnanthaceae	Achnanthes	Achnanthes thermalis	(Rabenh.) Schoenfeld	Species	Achnanthidium thermale																																											0	0	F	BLACK			
NBNORG0000064714	NHMSYS0000599796	Chromista		Bacillariophyceae	Achnanthales	Achnanthaceae	Achnanthes	Achnanthes trinodis	(Ralfs) Grunow	Species																																												0	0	F	BLACK			
NBNORG0000064715	NHMSYS0000599797	Chromista		Bacillariophyceae	Achnanthales	Achnanthaceae	Achnanthes	Achnanthes umara	J.R. Carter, 1970	Species																																												0	0	F	BLACK			
NBNORG0000106794	NHMSYS0020954828	Chromista		Bacillariophyceae	Achnanthales	Achnanthaceae	Achnanthes	Achnanthes ziegleri	Lange-Bertalot, 1993	Species																																												0	0	F	BLACK			
NBNORG0000064717	NHMSYS0000599800	Chromista		Bacillariophyceae	Achnanthales	Achnanthaceae	Achnanthidium	Achnanthidium affine	(Kütz.) Czarn., 1994	Species	Achnanthes minutissima var. affinis;Achnanthes minutissima var. jackii																																											0	0	F	BLACK			
NBNORG0000123407	NHMSYS0021182336	Chromista		Bacillariophyceae	Achnanthales	Achnanthaceae	Achnanthidium	Achnanthidium atomoides	Monnier, Lange-Bertalot & Ector, 2004	Species				Y																																								1	0	D	GREEN		OTU_003941	
NBNORG0000106795	NHMSYS0020954829	Chromista		Bacillariophyceae	Achnanthales	Achnanthaceae	Achnanthidium	Achnanthidium biasolettianum	(Grunow) Round & L. Bukhtiyarova, 1996	Species	Achnanthes biasolettiana;Achnanthidium biasolettiana																																											0	0	F	BLACK			
NBNORG0000122339	NHMSYS0021165211	Chromista		Bacillariophyceae	Achnanthales	Achnanthaceae	Achnanthidium	Achnanthidium caledonicum	(Lange-Bertalot) Lange-Bertalot, 1999	Species			Y																																									0	0	F	BLACK			
NBNORG0000122670	NHMSYS0021167582	Chromista		Bacillariophyceae	Achnanthales	Achnanthaceae	Achnanthidium	Achnanthidium catenatum	(Bily & Marvan) Lange-Bertalot in Lange-Bertalot & Genkal, 1999	Species																																												2	0	C	GREEN		OTU_000479;OTU_002483	
NBNORG0000106796	NHMSYS0020954830	Chromista		Bacillariophyceae	Achnanthales	Achnanthaceae	Achnanthidium	Achnanthidium eutrophilum	(Lange-Bertalot) Lange-Bertalot, 1999	Species																																												9	0	C	GREEN		OTU_001892;OTU_001893;OTU_003896;OTU_003897	
NBNORG0000064718	NHMSYS0000599806	Chromista		Bacillariophyceae	Achnanthales	Achnanthaceae	Achnanthidium	Achnanthidium exile	(Kütz.) Heiberg	Species	Achnanthes exilis;Achnanthidium exilis																																											0	0	F	BLACK			
NBNORG0000122341	NHMSYS0021165397	Chromista		Bacillariophyceae	Achnanthales	Achnanthaceae	Achnanthidium	Achnanthidium jackii	Rabenhorst, 1861	Species			Y																																									3	0	E	RED		OTU_000065;OTU_003796	Achnanthidium minutissimum
NBNORG0000064719	NHMSYS0000599807	Chromista		Bacillariophyceae	Achnanthales	Achnanthaceae	Achnanthidium	Achnanthidium kranzii	(Lange-Bert.) Round et L. Bukht., 1996	Species	Achnanthes kranzii																																											1	0	F	GREEN			
NBNORG0000064720	NHMSYS0000599808	Chromista		Bacillariophyceae	Achnanthales	Achnanthaceae	Achnanthidium	Achnanthidium kryophila	(J.B. Petersen) Bukht., 1995	Species	Achnanthes childanos;Achnanthes kryophila																																											0	0	F	BLACK			
NBNORG0000122342	NHMSYS0021165293	Chromista		Bacillariophyceae	Achnanthales	Achnanthaceae	Achnanthidium	Achnanthidium lineare	W. Smith, 1855	Species			Y																																									3	0	C	GREEN		OTU_001894;OTU_003898	
NBNORG0000064721	NHMSYS0000599811	Chromista		Bacillariophyceae	Achnanthales	Achnanthaceae	Achnanthidium	Achnanthidium macrocephalum	(Hust.) Round et L. Bukht., 1996	Species	Achnanthes minutissima var. macrocephala																																											0	0	F	BLACK			
NBNORG0000064722	NHMSYS0000599813	Chromista		Bacillariophyceae	Achnanthales	Achnanthaceae	Achnanthidium	Achnanthidium minutissimum	(Kütz.) Czarn., 1994	Species	Achnanthes microcephala;Achnanthes minutissima;Achnanthidium microcephalum;Achnanthidium minutissimum var. gracillimum;Achnanthidium minutissimum var. scotica																																											142	79	E	RED		OTU_000065;OTU_000077;OTU_000093;OTU_000095;OTU_000100;OTU_000374;OTU_000471;OTU_000527;OTU_001871;OTU_001929;OTU_001953;OTU_001991;OTU_002069;OTU_002081;OTU_002099;OTU_002104;OTU_002378;OTU_002475;OTU_002628;OTU_003137;OTU_003778;OTU_003875;OTU_003876;OTU_003895;OTU_003926;OTU_003931;OTU_003933;OTU_003944;OTU_003957;OTU_003965;OTU_003995	Achnanthidium jackii;Achnanthidium pyrenaicum;Achnanthidium subatomus
NBNORG0000122671	NHMSYS0021167588	Chromista		Bacillariophyceae	Achnanthales	Achnanthaceae	Achnanthidium	Achnanthidium neomicrocephalum	Lange-Bertalot & Staab, 2004	Species																																												0	0	F	BLACK			
NBNORG0000106797	NHMSYS0020954831	Chromista		Bacillariophyceae	Achnanthales	Achnanthaceae	Achnanthidium	Achnanthidium pyrenaicum	(Hustedt) H. Kobayasi, 1997	Species																																												12	0	E	RED		OTU_000093;OTU_001895;OTU_001896;OTU_001986;OTU_001987;OTU_002097;OTU_003899;OTU_003900;OTU_003990;OTU_003991	Achnanthidium minutissimum
NBNORG0000122343	NHMSYS0021165294	Chromista		Bacillariophyceae	Achnanthales	Achnanthaceae	Achnanthidium	Achnanthidium reimeri	(Camburn) Ponader & Potapova, 2007	Species			Y																																									1	0	F	GREEN			
NBNORG0000122344	NHMSYS0021165295	Chromista		Bacillariophyceae	Achnanthales	Achnanthaceae	Achnanthidium	Achnanthidium rivulare	Potapova & Ponader	Species			Y																																									2	0	D	GREEN		OTU_001777	
NBNORG0000106798	NHMSYS0020954832	Chromista		Bacillariophyceae	Achnanthales	Achnanthaceae	Achnanthidium	Achnanthidium saprophilum	(H. Kobayasi & S. Mayama) Round & L. Bukhtiyarova, 1996	Species	Achnanthes minutissima var. saprophila;Achnanthidium saprophila																																											2	0	D	GREEN		OTU_003542	
NBNORG0000091382	NHMSYS0020063191	Chromista		Bacillariophyceae	Achnanthales	Achnanthaceae	Achnanthidium	Achnanthidium subatomus	Lange-Bert. 1999	Species																																												7	0	E	RED		OTU_000471;OTU_001984;OTU_003988	Achnanthidium minutissimum
NBNORG0000043667	NBNSYS0100009211	Chromista		Bacillariophyceae	Achnanthales	Achnanthaceae	Achnanthidium	Achnanthidium ventrale		Species																																												0	0	F	BLACK			
NBNORG0000115598	NHMSYS0021058184	Chromista		Bacillariophyceae	Coscinodiscales	Hemidiscaceae	Actinocyclus	Actinocyclus curvatulus	Janisch, 1874	Species					Y																																							0	0	F	BLACK			
NBNORG0000062469	NHMSYS0000560214	Chromista		Bacillariophyceae	Coscinodiscales	Hemidiscaceae	Actinocyclus	Actinocyclus kützingii		Species																																												0	0	F	BLACK			
NBNORG0000064731	NHMSYS0021058185	Chromista		Bacillariophyceae	Coscinodiscales	Hemidiscaceae	Actinocyclus	Actinocyclus normanii	(Gregory) Hustedt, 1957	Species	Actinocyclus normanii f. subsalsa;Actinocyclus normanii subsalsus				Y																																							0	0	F	BLACK			
NBNORG0000125478	NHMSYS0021058181	Chromista		Bacillariophyceae	Coscinodiscales	Hemidiscaceae	Actinocyclus	Actinocyclus octonarius	Ehrenberg, 1837	Species	Actinocyclus octonarius var. crassus;Actinocyclus octonarius var. octonarius;Actinocyclus octonarius var. ralfsii;Actinocyclus octonarius var. sparsus;Actinocyclus octonarius var. tenellus;Actinoptychus octonarius				Y																																							3	0	C	BLUE		OTU_000986;OTU_002990	
NBNORG0000061906	NHMSYS0000547621	Chromista		Bacillariophyceae	Coscinodiscales	Hemidiscaceae	Actinocyclus	Actinocyclus roperii	(Brébission) Grunow In Van Heurck, 1881	Species																																												0	0	F	BLACK			
NBNORG0000125479	NHMSYS0021200078	Chromista		Bacillariophyceae	Coscinodiscales	Hemidiscaceae	Actinocyclus	Actinocyclus senarius	Ehrenberg, 1838	Species	Actinoptychus senarius				Y																																							0	0	F	BLACK			
NBNORG0000115596	NHMSYS0021058186	Chromista		Bacillariophyceae	Coscinodiscales	Hemidiscaceae	Actinocyclus	Actinocyclus subtilis	(W.Gregory) Ralfs, 1861	Species					Y																																							0	0	F	BLACK			
NBNORG0000115573	NHMSYS0021058182	Chromista		Bacillariophyceae	Coscinodiscales	Heliopeltaceae	Actinoptychus	Actinoptychus splendens	(Shadbolt) Ralfs ex Pritchard, 1861	Species					Y																																							2	0	C	GREEN		OTU_002971;OTU_003076	
NBNORG0000122346	NHMSYS0021165266	Chromista		Bacillariophyceae	Cymbellales	Anomoeoneidaceae	Adlafia	Adlafia brockmannii	(Hustedt) K. Bruder & Hinz in K. Bruder & L.K. Medlin, 2008	Species			Y																																									1	0	D	GREEN		OTU_003742	
NBNORG0000106803	NHMSYS0020954837	Chromista		Bacillariophyceae	Cymbellales	Anomoeoneidaceae	Adlafia	Adlafia suchlandtii	(Hustedt) Gerd Moser, Lange-Bertalot & D. Metzeltin, 1998	Species																																												0	0	F	BLACK			
NBNORG0000125939	NHMSYS0021202280	Chromista		Bacillariophyceae			Amphipentas	Amphipentas alternans	Ehrenberg, 1843	Species	Triceratium alternans;Triceratium alternans f. alternans				Y																																							0	0	F	BLACK			
NBNORG0000064775	NHMSYS0000599878	Chromista		Bacillariophyceae	Naviculales	Amphipleuraceae	Amphipleura	Amphipleura lindheimeri	Grunow, 1862	Species																																												0	0	F	BLACK			
NBNORG0000064776	NHMSYS0000599879	Chromista		Bacillariophyceae	Naviculales	Amphipleuraceae	Amphipleura	Amphipleura pellucida	Kütz., 1844	Species																																												1	0	D	GREEN		OTU_003960	
NBNORG0000125750	NHMSYS0021200114	Chromista		Bacillariophyceae	Naviculales	Amphipleuraceae	Amphiprora	Amphiprora lepidoptera	Gregory, 1857	Species	Amphiprora lepidoptera f. lepidoptera;Plagiotropis lepidoptera				Y																																							0	0	F	BLACK			
NBNORG0000064778	NHMSYS0000599883	Chromista		Bacillariophyceae	Naviculales	Amphipleuraceae	Amphiprora	Amphiprora oestrupii	Van Heurck, 1909	Species																																												0	0	F	BLACK			
NBNORG0000122635	NHMSYS0021167594	Chromista		Bacillariophyceae	Thalassiophysales	Catenulaceae	Amphora	Amphora abludens	Simonsen, 1960	Species																																												2	0	F	GREEN			
NBNORG0000064783	NHMSYS0000599893	Chromista		Bacillariophyceae	Thalassiophysales	Catenulaceae	Amphora	Amphora aequalis	Krammer, 1980	Species																																												0	0	F	BLACK			
NBNORG0000122347	NHMSYS0021165271	Chromista		Bacillariophyceae	Thalassiophysales	Catenulaceae	Amphora	Amphora affinis	Kützing, 1844	Species			Y																																									0	0	F	BLACK			
NBNORG0000122639	NHMSYS0021167600	Chromista		Bacillariophyceae	Thalassiophysales	Catenulaceae	Amphora	Amphora aliformis	J.G.Stepanek, S. Mayama & J.P.Kociolek, 2015	Species																																												2	0	C	GREEN		OTU_000819;OTU_002823	
NBNORG0000122348	NHMSYS0021165296	Chromista		Bacillariophyceae	Thalassiophysales	Catenulaceae	Amphora	Amphora atomoides	Levkov, 2009	Species			Y																																									0	0	F	BLACK			
NBNORG0000122349	NHMSYS0021165273	Chromista		Bacillariophyceae	Thalassiophysales	Catenulaceae	Amphora	Amphora beaufortiana	Hustedt, 1955	Species			Y																																									1	0	F	GREEN			
NBNORG0000122350	NHMSYS0021165213	Chromista		Bacillariophyceae	Thalassiophysales	Catenulaceae	Amphora	Amphora berolinensis	N.Abarca & R.Jahn in Zimmermann et al., 2014	Species			Y																																									1	0	F	GREEN			
NBNORG0000064784	NHMSYS0000599895	Chromista		Bacillariophyceae	Thalassiophysales	Catenulaceae	Amphora	Amphora calumetica	(Thomas) Perag., 1897	Species																																												1	0	D	GREEN		OTU_003260	
NBNORG0000064785	NHMSYS0000599896	Chromista		Bacillariophyceae	Thalassiophysales	Catenulaceae	Amphora	Amphora cingulata	Cleve, 1878	Species																																												0	0	F	BLACK			
NBNORG0000064786	NHMSYS0000599897	Chromista		Bacillariophyceae	Thalassiophysales	Catenulaceae	Amphora	Amphora coffeaefomis	(C.Agardh) Kütz.	Species	Amphora coffeaeformis;Amphora coffeiformis var. angularis;Amphora coffeiformis var. borealis																																											0	0	F	BLACK			
NBNORG0000122351	NHMSYS0021165269	Chromista		Bacillariophyceae	Thalassiophysales	Catenulaceae	Amphora	Amphora commutata	Grunow, 1880	Species			Y																																									2	0	C	GREEN		OTU_000259;OTU_002263	
NBNORG0000106816	NHMSYS0020954852	Chromista		Bacillariophyceae	Thalassiophysales	Catenulaceae	Amphora	Amphora decussata	Grunow, 1877	Species																																												0	0	F	BLACK			
NBNORG0000064789	NHMSYS0000599901	Chromista		Bacillariophyceae	Thalassiophysales	Catenulaceae	Amphora	Amphora delicatissima	Krasske, 1930	Species																																												0	0	F	BLACK			
NBNORG0000064790	NHMSYS0000599902	Chromista		Bacillariophyceae	Thalassiophysales	Catenulaceae	Amphora	Amphora dusenii	Brun, 1901	Species																																												0	0	F	BLACK			
NBNORG0000064791	NHMSYS0000599903	Chromista		Bacillariophyceae	Thalassiophysales	Catenulaceae	Amphora	Amphora elegans	H. Perag ex Cleve, 1893	Species																																												0	0	F	BLACK			
NBNORG0000064792	NHMSYS0000599904	Chromista		Bacillariophyceae	Thalassiophysales	Catenulaceae	Amphora	Amphora elliptica	(C.Agardh) Kütz., 1844	Species																																												0	0	F	BLACK			
NBNORG0000064793	NHMSYS0000599905	Chromista		Bacillariophyceae	Thalassiophysales	Catenulaceae	Amphora	Amphora eunotia	Cleve, 1873	Species																																												0	0	F	BLACK			
NBNORG0000064794	NHMSYS0000599906	Chromista		Bacillariophyceae	Thalassiophysales	Catenulaceae	Amphora	Amphora exigua	Greg., 1857	Species																																												0	0	F	BLACK			
NBNORG0000064795	NHMSYS0000599907	Chromista		Bacillariophyceae	Thalassiophysales	Catenulaceae	Amphora	Amphora eximia	J.R. Carter ex E.Y. Haw., 1974	Species																																												0	0	F	BLACK			
NBNORG0000064796	NHMSYS0000599908	Chromista		Bacillariophyceae	Thalassiophysales	Catenulaceae	Amphora	Amphora extensa	Salah, 1955	Species																																												0	0	F	BLACK			
NBNORG0000064797	NHMSYS0000599909	Chromista		Bacillariophyceae	Thalassiophysales	Catenulaceae	Amphora	Amphora fluminensis	Grunow, 1863	Species																																												0	0	F	BLACK			
NBNORG0000064798	NHMSYS0000599910	Chromista		Bacillariophyceae	Thalassiophysales	Catenulaceae	Amphora	Amphora fogediana	Krammer, 1985	Species																																												0	0	F	BLACK			
NBNORG0000122352	NHMSYS0021165274	Chromista		Bacillariophyceae	Thalassiophysales	Catenulaceae	Amphora	Amphora graeffeana	Hendey, 1973	Species			Y																																									3	0	C	GREEN		OTU_001207;OTU_003255	
NBNORG0000064799	NHMSYS0000599911	Chromista		Bacillariophyceae	Thalassiophysales	Catenulaceae	Amphora	Amphora gregorii	Ralfs in A. Pritch., 1861	Species																																												0	0	F	BLACK			
NBNORG0000106817	NHMSYS0020954853	Chromista		Bacillariophyceae	Thalassiophysales	Catenulaceae	Amphora	Amphora holsatica	Hulstedt, 1925	Species																																												0	0	F	BLACK			
NBNORG0000122353	NHMSYS0021165398	Chromista		Bacillariophyceae	Thalassiophysales	Catenulaceae	Amphora	Amphora hyalina	Kützing, 1844	Species			Y																																									0	0	F	BLACK			
NBNORG0000064800	NHMSYS0000599912	Chromista		Bacillariophyceae	Thalassiophysales	Catenulaceae	Amphora	Amphora inariensis	Krammer, 1980	Species																																												0	0	F	BLACK			
NBNORG0000123408	NHMSYS0021182342	Chromista		Bacillariophyceae	Thalassiophysales	Catenulaceae	Amphora	Amphora indistincta	Levkov, 2009	Species				Y																																								1	0	D	GREEN		OTU_003242	
NBNORG0000122354	NHMSYS0021165399	Chromista		Bacillariophyceae	Thalassiophysales	Catenulaceae	Amphora	Amphora laevissima	Gregory, 1857	Species			Y																																									1	0	F	GREEN			
NBNORG0000064801	NHMSYS0000599913	Chromista		Bacillariophyceae	Thalassiophysales	Catenulaceae	Amphora	Amphora levenensis	E.Y. Haw., 1974	Species																																												0	0	F	BLACK			
NBNORG0000064802	NHMSYS0000599914	Chromista		Bacillariophyceae	Thalassiophysales	Catenulaceae	Amphora	Amphora libyca	Ehrenb., 1840	Species	Amphora copulata																																											6	0	B	BLUE		OTU_001203	
NBNORG0000064803	NHMSYS0000599915	Chromista		Bacillariophyceae	Thalassiophysales	Catenulaceae	Amphora	Amphora linearis	F. Meister, 1934	Species																																												0	0	F	BLACK			
NBNORG0000064804	NHMSYS0000599916	Chromista		Bacillariophyceae	Thalassiophysales	Catenulaceae	Amphora	Amphora lineolata	Ehrenb., 1838	Species																																												1	0	F	GREEN			
NBNORG0000064805	NHMSYS0000599917	Chromista		Bacillariophyceae	Thalassiophysales	Catenulaceae	Amphora	Amphora lyrata	Greg., 1857	Species																																												0	0	F	BLACK			
NBNORG0000064806	NHMSYS0000599918	Chromista		Bacillariophyceae	Thalassiophysales	Catenulaceae	Amphora	Amphora macilenta	Greg., 1857	Species	Amphora macilenta var. ergadensis																																											0	0	F	BLACK			
NBNORG0000064808	NHMSYS0000599920	Chromista		Bacillariophyceae	Thalassiophysales	Catenulaceae	Amphora	Amphora milesiana	Greg., 1857	Species																																												0	0	F	BLACK			
NBNORG0000064809	NHMSYS0000599921	Chromista		Bacillariophyceae	Thalassiophysales	Catenulaceae	Amphora	Amphora monilifera	Greg., 1857	Species																																												0	0	F	BLACK			
NBNORG0000064810	NHMSYS0000599922	Chromista		Bacillariophyceae	Thalassiophysales	Catenulaceae	Amphora	Amphora montana	Krasske, 1932	Species																																												0	0	F	BLACK			
NBNORG0000064811	NHMSYS0000599923	Chromista		Bacillariophyceae	Thalassiophysales	Catenulaceae	Amphora	Amphora normanii	Rabenh., 1864	Species																																												0	0	F	BLACK			
NBNORG0000064812	NHMSYS0000599924	Chromista		Bacillariophyceae	Thalassiophysales	Catenulaceae	Amphora	Amphora oblonga	Greg., 1857	Species																																												0	0	F	BLACK			
NBNORG0000122355	NHMSYS0021165268	Chromista		Bacillariophyceae	Thalassiophysales	Catenulaceae	Amphora	Amphora obtusa	Gregory, 1857	Species			Y																																									1	0	D	GREEN		OTU_003412	
NBNORG0000106818	NHMSYS0020954854	Chromista		Bacillariophyceae	Thalassiophysales	Catenulaceae	Amphora	Amphora oligotraphenta	Lange-Bertalot & Metzeltin, 1996	Species																																												0	0	F	BLACK			
NBNORG0000064813	NHMSYS0000599925	Chromista		Bacillariophyceae	Thalassiophysales	Catenulaceae	Amphora	Amphora ovalis	Kütz., 1844	Species	Amphora ovalis var. libyca																																											9	0	C	GREEN		OTU_001230;OTU_003234;OTU_003771	
NBNORG0000064814	NHMSYS0000599927	Chromista		Bacillariophyceae	Thalassiophysales	Catenulaceae	Amphora	Amphora pediculus	(Kütz.) Grunow in Schmid et al., 1875	Species	Amphora ovalis var. pediculus;Cymbella pediculus																																											68	3	C	GREEN		OTU_000042;OTU_001897;OTU_001898;OTU_001899;OTU_001900;OTU_002046;OTU_003901;OTU_003902;OTU_003903;OTU_003904;OTU_003955	
NBNORG0000064815	NHMSYS0000599928	Chromista		Bacillariophyceae	Thalassiophysales	Catenulaceae	Amphora	Amphora praelata	Hendey, 1973	Species																																												0	0	F	BLACK			
NBNORG0000122356	NHMSYS0021165272	Chromista		Bacillariophyceae	Thalassiophysales	Catenulaceae	Amphora	Amphora proteus	W.Gregory, 1857	Species			Y																																									1	0	F	GREEN			
NBNORG0000064816	NHMSYS0000599929	Chromista		Bacillariophyceae	Thalassiophysales	Catenulaceae	Amphora	Amphora pseudohyalina	Simonsen, 1960	Species																																												0	0	F	BLACK			
NBNORG0000064817	NHMSYS0000599930	Chromista		Bacillariophyceae	Thalassiophysales	Catenulaceae	Amphora	Amphora pulchella	H. Perag. et Perag., 1898	Species																																												0	0	F	BLACK			
NBNORG0000064818	NHMSYS0000599931	Chromista		Bacillariophyceae	Thalassiophysales	Catenulaceae	Amphora	Amphora pusilla	Greg., 1857	Species																																												0	0	F	BLACK			
NBNORG0000064819	NHMSYS0000599932	Chromista		Bacillariophyceae	Thalassiophysales	Catenulaceae	Amphora	Amphora pusio	Cleve, 1896	Species																																												0	0	F	BLACK			
NBNORG0000122357	NHMSYS0021165270	Chromista		Bacillariophyceae	Thalassiophysales	Catenulaceae	Amphora	Amphora securicula	H.Peragallo & M.Peragallo, 1899	Species			Y																																									1	0	F	GREEN			
NBNORG0000122637	NHMSYS0021167606	Chromista		Bacillariophyceae	Thalassiophysales	Catenulaceae	Amphora	Amphora semperpalorum	A.H.Wachnicka & E.E.Gaiser, 2007	Species																																												1	0	F	GREEN			
NBNORG0000064820	NHMSYS0000599933	Chromista		Bacillariophyceae	Thalassiophysales	Catenulaceae	Amphora	Amphora spitzbergensis	VanLand., 1967	Species																																												0	0	F	BLACK			
NBNORG0000106821	NHMSYS0020954857	Chromista		Bacillariophyceae	Thalassiophysales	Catenulaceae	Amphora	Amphora subholsatica	Krammer, 1997	Species																																												0	0	F	BLACK			
NBNORG0000122636	NHMSYS0021167612	Chromista		Bacillariophyceae	Thalassiophysales	Catenulaceae	Amphora	Amphora sublaevis	Hustedt, 1955	Species																																												3	0	B	GREEN		OTU_001216	
NBNORG0000064821	NHMSYS0000599934	Chromista		Bacillariophyceae	Thalassiophysales	Catenulaceae	Amphora	Amphora sulcata	Bréb., 1854	Species																																												1	0	F	GREEN			
NBNORG0000064822	NHMSYS0000599935	Chromista		Bacillariophyceae	Thalassiophysales	Catenulaceae	Amphora	Amphora terroris	Ehrenb., 1853	Species																																												0	0	F	BLACK			
NBNORG0000064823	NHMSYS0000599936	Chromista		Bacillariophyceae	Thalassiophysales	Catenulaceae	Amphora	Amphora thumensis	(Mayer) A. Cleve, 1932	Species																																												1	0	D	GREEN		OTU_002927	
NBNORG0000064824	NHMSYS0000599937	Chromista		Bacillariophyceae	Thalassiophysales	Catenulaceae	Amphora	Amphora truncata	Greg., 1857	Species																																												0	0	F	BLACK			
NBNORG0000064825	NHMSYS0000599938	Chromista		Bacillariophyceae	Thalassiophysales	Catenulaceae	Amphora	Amphora veneta	Kütz., 1844	Species	Amphora veneta var. capitata																																											0	0	F	BLACK			
NBNORG0000122638	NHMSYS0021167618	Chromista		Bacillariophyceae	Thalassiophysales	Catenulaceae	Amphora	Amphora waldeniana	J.G.Stepanek & J.P.Kociolek, 2013	Species																																												1	0	F	GREEN			
NBNORG0000064845	NHMSYS0000599965	Chromista		Bacillariophyceae	Mastogloiales	Mastogloiaceae	Aneumastus	Aneumastus minor	(Hust.) Lange-Bert., 1993	Species	Aneumastus tusculus form obtusum;Aneumastus tusculus forma obtusum;Aneumastus tusculus var. obtusa;Navicula tuscula var. obtusa																																											0	0	F	BLACK			
NBNORG0000091383	NHMSYS0020063192	Chromista		Bacillariophyceae	Mastogloiales	Mastogloiaceae	Aneumastus	Aneumastus pseudotusculus	(Hust.) Cox & Williams 2000	Species																																												0	0	F	BLACK			
NBNORG0000064846	NHMSYS0000599966	Chromista		Bacillariophyceae	Mastogloiales	Mastogloiaceae	Aneumastus	Aneumastus stroesei	(Østrup) D.G. Mann in Round et al., 1990	Species	Aneumastus stroesei var. lanceolata;Navicula tuscula var. stroesei																																											2	0	E	RED		OTU_001592	Aneumastus albanicus;Aneumastus ohridanus;Aneumastus pseudoapiculatus;Aneumastus rhombicus;Aneumastus subapiculatus
NBNORG0000064847	NHMSYS0000599967	Chromista		Bacillariophyceae	Mastogloiales	Mastogloiaceae	Aneumastus	Aneumastus tusculoides	(A. Cleve) D.G. Mann in Round et al., 1990	Species	Navicula tusculoides																																											0	0	F	BLACK			
NBNORG0000106822	NHMSYS0020954858	Chromista		Bacillariophyceae	Mastogloiales	Mastogloiaceae	Aneumastus	Aneumastus tusculus	(Ehrenberg) D.G. Mann & A.J. Stickle in Round et al., 1990	Species	Aneumastus tusculus var. capitata;Navicula tuscula																																											1	0	E	RED		OTU_001613	Aneumastus macedonicus;Aneumastus mongolotusculus
NBNORG0000106826	NHMSYS0020954862	Chromista		Bacillariophyceae	Cymbellales	Anomoeoneidaceae	Anomoeoneis	Anomoeoneis brachysira	(Brébisson ex Rabenhorst) Cleve, 1895	Species																																												0	0	F	BLACK			
NBNORG0000064859	NHMSYS0000600006	Chromista		Bacillariophyceae	Cymbellales	Anomoeoneidaceae	Anomoeoneis	Anomoeoneis costata	(Kütz.) Hust., 1959	Species	Anomoeoneis sphaerophora form costata;Anomoeoneis sphaerophora var. guntherii																																											0	0	F	BLACK			
NBNORG0000122678	NHMSYS0021167624	Chromista		Bacillariophyceae	Cymbellales	Anomoeoneidaceae	Anomoeoneis	Anomoeoneis fogedii	Reimer, 1982	Species																																												1	0	D	GREEN		OTU_002683	
NBNORG0000106827	NHMSYS0020954863	Chromista		Bacillariophyceae	Cymbellales	Anomoeoneidaceae	Anomoeoneis	Anomoeoneis follis	(Ehrenberg) Cleve, 1896	Species																																												0	0	F	BLACK			
NBNORG0000122358	NHMSYS0021165254	Chromista		Bacillariophyceae	Cymbellales	Anomoeoneidaceae	Anomoeoneis	Anomoeoneis sculpta	(Ehrenberg) Cleve, 1896	Species			Y																																									1	0	D	GREEN		OTU_003043	
NBNORG0000064860	NHMSYS0000600009	Chromista		Bacillariophyceae	Cymbellales	Anomoeoneidaceae	Anomoeoneis	Anomoeoneis sphaerophora	(Ehrenb.) Pfitzer, 1871	Species	Anomoeoneis sphaerophora form sculpta																																											2	0	C	GREEN		OTU_001039;OTU_002684	
NBNORG0000106828	NHMSYS0020954864	Chromista		Bacillariophyceae	Cymbellales	Anomoeoneidaceae	Anomoeoneis	Anomoeoneis vitrea	(Grunow) R. Ross in Patrick & Reimer, 1966	Species																																												0	0	F	BLACK			
NBNORG0000122360	NHMSYS0021165396	Chromista		Bacillariophyceae	Toxariales	Ardissoneaceae	Ardissonea	Ardissonea baculus	Gregory	Species			Y																																									1	0	D	GREEN		OTU_002565	
NBNORG0000122361	NHMSYS0021165275	Chromista		Bacillariophyceae	Toxariales	Ardissoneaceae	Ardissonea	Ardissonea formosa	(Hantzsch) Grunow, 1880	Species			Y																																									1	0	D	GREEN		OTU_002244	
NBNORG0000125498	NHMSYS0021200156	Chromista		Bacillariophyceae	Fragilariales	Fragilariaceae	Asterionella	Asterionella bleakeleyi	W.Smith, 1856	Species	Asterionella bleakeleyi var. notata				Y																																							0	0	F	BLACK			
NBNORG0000064895	NHMSYS0021058305	Chromista		Bacillariophyceae	Fragilariales	Fragilariaceae	Asterionella	Asterionella formosa	Hassall, 1850	Species	Asterionella formosa var. acaroides;Asterionella gracillima;Diatoma gracillima		Y																																									25	0	C	GREEN		OTU_000036;OTU_002040	
NBNORG0000061926	NHMSYS0000547646	Chromista		Bacillariophyceae	Fragilariales	Fragilariaceae	Asterionella	Asterionella glacialis	Castracane, 1886	Species	Asterionellopsis glacialis																																											5	0	E	RED		OTU_000220;OTU_000236;OTU_002224;OTU_002240;OTU_002831	Asterionellopsis cf. glacialis;Asterionellopsis socialis;Asteroplanus karianus
NBNORG0000125501	NHMSYS0021200168	Chromista		Bacillariophyceae	Fragilariales	Fragilariaceae	Asterionella	Asterionella kariana	Grunow, 1880	Species	Asterionellopsis kariana;Asteroplanus karianus				Y																																							1	0	E	RED		OTU_000236	Asterionellopsis glacialis;Asterionellopsis socialis
NBNORG0000064897	NHMSYS0000600086	Chromista		Bacillariophyceae	Fragilariales	Fragilariaceae	Asterionella	Asterionella ralfsii	W. Sm., 1856	Species	Asterionella formosa var. ralfsii;Asterionella ralfsii var. americana;Asterionella ralfsii var. hustedtiana;Peronia erinacea																																											0	0	F	BLACK			
NBNORG0000115635	NHMSYS0021058162	Chromista		Bacillariophyceae	Asterolamprales	Asterolampraceae	Asteromphalus	Asteromphalus hookeri	Ehrenberg, 1844	Species					Y																																							0	0	F	BLACK			
NBNORG0000115503	NHMSYS0021058101	Chromista		Bacillariophyceae	Chaetocerotanae incertae sedis	Attheyaceae	Attheya	Attheya longicornis	R.M.Crawford & C.Gardner, 1994	Species					Y																																							3	0	E	RED		OTU_000224;OTU_001054;OTU_003058	Attheya septentrionalis
NBNORG0000133863	NHMSYS0021573228	Chromista		Bacillariophyceae	Coscinodiscales	Heliopeltaceae	Aulacodiscus	Aulacodiscus argus	(Ehrenberg) A.Schmidt, 1886	Species					Y																																							0	0	F	BLACK			
NBNORG0000064909	NHMSYS0000600106	Chromista		Bacillariophyceae	Aulacoseirales	Aulacoseiraceae	Aulacoseira	Aulacoseira alpigena	(Grunow) Krammer	Species	Aulacoseira distans var. alpigena																																											0	0	F	BLACK			
NBNORG0000064910	NHMSYS0000600107	Chromista		Bacillariophyceae	Aulacoseirales	Aulacoseiraceae	Aulacoseira	Aulacoseira ambigua	(Grunow) Simonsen	Species																																												10	0	E	RED		OTU_000216;OTU_002220	Aulacoseira nyassensis
NBNORG0000064911	NHMSYS0000600109	Chromista		Bacillariophyceae	Aulacoseirales	Aulacoseiraceae	Aulacoseira	Aulacoseira crassipunctata	Krammer	Species																																												0	0	F	BLACK			
NBNORG0000064912	NHMSYS0000600110	Chromista		Bacillariophyceae	Aulacoseirales	Aulacoseiraceae	Aulacoseira	Aulacoseira crenulata	(Ehrenb.) Thwaites	Species	Melosira italica form crenulata																																											0	0	F	BLACK			
NBNORG0000064913	NHMSYS0000600113	Chromista		Bacillariophyceae	Aulacoseirales	Aulacoseiraceae	Aulacoseira	Aulacoseira distans	(Ehrenb.) Simonsen	Species	Aulacoseira distans var. africana;Aulacoseira distans var. humilis;Aulacoseira distans var. nivalis;Aulacoseira distans var. nivaloides;Aulacoseira distans var. tenella;Melosira distans																																											0	0	F	BLACK			
NBNORG0000064919	NHMSYS0000600120	Chromista		Bacillariophyceae	Aulacoseirales	Aulacoseiraceae	Aulacoseira	Aulacoseira granulata	(Ehrenb.) Simonsen	Species	Aulacoseira granulata morphotype curvata;Aulacoseira granulata var. angustissima;Aulacoseira granulata var. valida																																											17	0	C	AMBER		OTU_000350;OTU_001234;OTU_001912;OTU_002354;OTU_002928;OTU_003238;OTU_003916	
NBNORG0000064922	NHMSYS0000600124	Chromista		Bacillariophyceae	Aulacoseirales	Aulacoseiraceae	Aulacoseira	Aulacoseira islandica	(O.Müll.) Simonsen	Species	Aulacoseira islandica subsp. helvetica;Aulacoseira islandica subsp. islandica																																											3	0	E	RED		OTU_001841	Aulacoseira baicalensis
NBNORG0000064924	NHMSYS0000600126	Chromista		Bacillariophyceae	Aulacoseirales	Aulacoseiraceae	Aulacoseira	Aulacoseira italica	(Ehrenb.) Simonsen	Species	Aulacoseira italica form curvata;Aulacoseira italica subsp. subarctica;Aulacoseira italica var. tenuissima																																											0	0	F	BLACK			
NBNORG0000064928	NHMSYS0000600132	Chromista		Bacillariophyceae	Aulacoseirales	Aulacoseiraceae	Aulacoseira	Aulacoseira lacustris	(Grunow) Krammer	Species	Melosira lyrata var. lacustris																																											0	0	F	BLACK			
NBNORG0000064929	NHMSYS0000600133	Chromista		Bacillariophyceae	Aulacoseirales	Aulacoseiraceae	Aulacoseira	Aulacoseira laevissima	(Grunow) Krammer	Species	Melosira distans var. laevissima																																											0	0	F	BLACK			
NBNORG0000064930	NHMSYS0000600134	Chromista		Bacillariophyceae	Aulacoseirales	Aulacoseiraceae	Aulacoseira	Aulacoseira lirata	(Ehrenb.) R.Ross	Species	Aulacoseira lirata var. alpigena;Aulacoseira lirata var. biseriata;Aulacoseira lirata var. lirata;Melosira distans var. lirata																																											0	0	F	BLACK			
NBNORG0000064932	NHMSYS0000600136	Chromista		Bacillariophyceae	Aulacoseirales	Aulacoseiraceae	Aulacoseira	Aulacoseira muzzanensis	(Meister) Krammer	Species																																												0	0	F	BLACK			
NBNORG0000064933	NHMSYS0000600137	Chromista		Bacillariophyceae	Aulacoseirales	Aulacoseiraceae	Aulacoseira	Aulacoseira perglabra	(Østrup) E.Y.Haw.	Species	Aulacoseira perglabra var. florinae;Melosira perglabra																																											0	0	F	BLACK			
NBNORG0000064935	NHMSYS0000600139	Chromista		Bacillariophyceae	Aulacoseirales	Aulacoseiraceae	Aulacoseira	Aulacoseira pfaffiana	(Reinsch) Krammer	Species																																												0	0	F	BLACK			
NBNORG0000064936	NHMSYS0000600140	Chromista		Bacillariophyceae	Aulacoseirales	Aulacoseiraceae	Aulacoseira	Aulacoseira subarctica	(O.Müll.) E.Y.Haw.	Species	Aulacoseira italica subsp. subarctica;Aulacoseira subarctica f. subborealis;Aulacoseira subarctica form recta																																											6	0	C	GREEN		OTU_001488;OTU_003492;OTU_003493;OTU_003497;OTU_003844;OTU_003850	
NBNORG0000064938	NHMSYS0000600142	Chromista		Bacillariophyceae	Aulacoseirales	Aulacoseiraceae	Aulacoseira	Aulacoseira tenuior	(Grunow) Krammer, 1990	Species	Melosira lyrata lacustris tenuiores																																											0	0	F	BLACK			
NBNORG0000064939	NHMSYS0000600143	Chromista		Bacillariophyceae	Aulacoseirales	Aulacoseiraceae	Aulacoseira	Aulacoseira tenuis	Krammer	Species																																												0	0	F	BLACK			
NBNORG0000064940	NHMSYS0000600144	Chromista		Bacillariophyceae	Aulacoseirales	Aulacoseiraceae	Aulacoseira	Aulacoseira tethera	E.Y.Haw.	Species																																												0	0	F	BLACK			
NBNORG0000064941	NHMSYS0000600145	Chromista		Bacillariophyceae	Aulacoseirales	Aulacoseiraceae	Aulacoseira	Aulacoseira valida	(Grunow) Krammer	Species	Aulacoseira italica var. valida																																											1	0	D	GREEN		OTU_003494	
NBNORG0000062583	NHMSYS0000560376	Chromista		Bacillariophyceae	Coscinodiscales	Hemidiscaceae	Azpeitia	Azpeitia nodulifer		Species																																												0	0	F	BLACK			
NBNORG0000115508	NHMSYS0021058104	Chromista		Bacillariophyceae	Chaetocerotanae incertae sedis	Chaetocerotaceae	Bacteriastrum	Bacteriastrum delicatulum	Cleve, 1897	Species					Y																																							0	0	F	BLACK			
NBNORG0000115509	NHMSYS0021058105	Chromista		Bacillariophyceae	Chaetocerotanae incertae sedis	Chaetocerotaceae	Bacteriastrum	Bacteriastrum elongatum	Cleve, 1897	Species					Y																																							0	0	F	BLACK			
NBNORG0000061936	NHMSYS0000547658	Chromista		Bacillariophyceae	Chaetocerotanae incertae sedis	Chaetocerotaceae	Bacteriastrum	Bacteriastrum furcatum	Shadbolt, 1854	Species					Y																																							1	0	D	GREEN		OTU_003156	
NBNORG0000115531	NHMSYS0021058106	Chromista		Bacillariophyceae	Chaetocerotanae incertae sedis	Chaetocerotaceae	Bacteriastrum	Bacteriastrum hyalinum	Lauder, 1864	Species					Y																																							0	0	F	BLACK			
NBNORG0000122363	NHMSYS0021165276	Chromista		Bacillariophyceae			Bacterosira	Bacterosira constricta	(Gaarder) J.S.Park & J.H.Lee in Park et al. 2016	Species			Y																																									1	0	D	GREEN		OTU_002261	
NBNORG0000115558	NHMSYS0021058074	Chromista		Bacillariophyceae	Hemiaulales	Bellerocheaceae	Bellerochea	Bellerochea horologicalis	Stosch, 1980	Species	Bellerochea malleus				Y																																							4	0	C	AMBER		OTU_002248;OTU_002521;OTU_003206;OTU_003422	
NBNORG0000064960	NHMSYS0000600182	Chromista		Bacillariophyceae	Naviculales	Berkeleyaceae	Berkeleya	Berkeleya rutilans	(Trentephol ex Roth) Grunow, 1868	Species	Amphipleura rutilans																																											3	0	C	GREEN		OTU_000284;OTU_002288;OTU_002336	
NBNORG0000125504	NHMSYS0021200180	Chromista		Bacillariophyceae	Biddulphiales	Biddulphiaceae	Biddulphia	Biddulphia granulata	Roper, 1859	Species					Y																																							0	0	F	BLACK			
NBNORG0000115541	NHMSYS0021058067	Chromista		Bacillariophyceae	Biddulphiales	Biddulphiaceae	Biddulphia	Biddulphia rhombus	(Ehrenberg) W.Smith, 1854	Species	Odontella rhombus				Y																																							0	0	F	BLACK			
NBNORG0000125505	NHMSYS0021200186	Chromista		Bacillariophyceae	Biddulphiales	Biddulphiaceae	Biddulphia	Biddulphia sinensis	Greville, 1866	Species	Odontella sinensis	Y			Y																																							3	0	C	BLUE		OTU_000182;OTU_002186	
NBNORG0000064982	NHMSYS0000600218	Chromista		Bacillariophyceae	Naviculales	Brachysiraceae	Brachysira	Brachysira aponina	Kütz., 1836	Species																																												0	0	F	BLACK			
NBNORG0000064983	NHMSYS0000600219	Chromista		Bacillariophyceae	Naviculales	Brachysiraceae	Brachysira	Brachysira atacamae	(Hust.) D.G. Mann in Round et al., 1990	Species	Navicula atacamae																																											0	0	F	BLACK			
NBNORG0000064984	NHMSYS0000600220	Chromista		Bacillariophyceae	Naviculales	Brachysiraceae	Brachysira	Brachysira brebissonii	R. Ross in B. Hartley, 1986	Species	Anomoeoneis serians var. brachysira;Brachysira brebissonii form thermalis																																											0	0	F	BLACK			
NBNORG0000064986	NHMSYS0000600222	Chromista		Bacillariophyceae	Naviculales	Brachysiraceae	Brachysira	Brachysira follis	(Ehrenb.) R. Ross in B. Hartley, 1986	Species																																												0	0	F	BLACK			
NBNORG0000122820	NHMSYS0021168214	Chromista		Bacillariophyceae	Naviculales	Brachysiraceae	Brachysira	Brachysira intermedia	(Oestrup) Lange-Bertalot & Moser, 1994	Species					Y																																							0	0	F	BLACK			
NBNORG0000064987	NHMSYS0000600223	Chromista		Bacillariophyceae	Naviculales	Brachysiraceae	Brachysira	Brachysira longirostris	(Hust.) D.G. Mann in Round et al., 1990	Species																																												0	0	F	BLACK			
NBNORG0000122365	NHMSYS0021165297	Chromista		Bacillariophyceae	Naviculales	Brachysiraceae	Brachysira	Brachysira microcephala	(Grunow) Compère, 1986	Species			Y																																									1	1	D	GREEN		OTU_002412	
NBNORG0000123409	NHMSYS0021182348	Chromista		Bacillariophyceae	Naviculales	Brachysiraceae	Brachysira	Brachysira neglectissima	Lange Bertalot	Species				Y																																								0	0	F	BLACK			
NBNORG0000096432	NHMSYS0020475490	Chromista		Bacillariophyceae	Naviculales	Brachysiraceae	Brachysira	Brachysira neoexilis	Lange-Bertalot	Species																																												1	1	D	GREEN		OTU_000408	
NBNORG0000096433	NHMSYS0020475491	Chromista		Bacillariophyceae	Naviculales	Brachysiraceae	Brachysira	Brachysira procera	L-B & Moser	Species																																												0	0	F	BLACK			
NBNORG0000064988	NHMSYS0000600224	Chromista		Bacillariophyceae	Naviculales	Brachysiraceae	Brachysira	Brachysira rhomboides	(Hust.) D.G. Mann in Round et al., 1990	Species																																												0	0	F	BLACK			
NBNORG0000064989	NHMSYS0000600225	Chromista		Bacillariophyceae	Naviculales	Brachysiraceae	Brachysira	Brachysira serians	(Bréb. ex Kütz.) Round et D.G. Mann, 1981	Species	Anomoeoneis serians																																											0	0	F	BLACK			
NBNORG0000064990	NHMSYS0000600226	Chromista		Bacillariophyceae	Naviculales	Brachysiraceae	Brachysira	Brachysira styriaca	(Grunow) R. Ross in B. Hartley, 1986	Species																																												0	0	F	BLACK			
NBNORG0000064991	NHMSYS0000600227	Chromista		Bacillariophyceae	Naviculales	Brachysiraceae	Brachysira	Brachysira vitrea	(Grunow) R. Ross in B. Hartley, 1986	Species																																												1	1	D	GREEN		OTU_002413	
NBNORG0000064992	NHMSYS0000600228	Chromista		Bacillariophyceae	Naviculales	Brachysiraceae	Brachysira	Brachysira zellensis	(Grunow) Round et D.G. Mann, 1981	Species	Brachysira zellensis form difficilis																																											0	0	F	BLACK			
NBNORG0000064998	NHMSYS0000600235	Chromista		Bacillariophyceae	Cymbellales	Cymbellaceae	Brebissonia	Brebissonia boeckii	(Ehrenb.) Grunow, 1860	Species																																												0	0	F	BLACK			
NBNORG0000122366	NHMSYS0021165298	Chromista		Bacillariophyceae	Cymbellales	Cymbellaceae	Brebissonia	Brebissonia lanceolata	(C.Agardh) Mahoney & Reimer, 1986	Species			Y																																									0	0	F	BLACK			
NBNORG0000065024	NHMSYS0000600273	Chromista		Bacillariophyceae	Naviculales	Pinnulariaceae	Caloneis	Caloneis aerophila	Bock, 1963	Species																																												0	0	F	BLACK			
NBNORG0000065025	NHMSYS0000600274	Chromista		Bacillariophyceae	Naviculales	Pinnulariaceae	Caloneis	Caloneis alpestris	(Grunow) Cleve, 1894	Species																																												0	0	F	BLACK			
NBNORG0000065026	NHMSYS0000600275	Chromista		Bacillariophyceae	Naviculales	Pinnulariaceae	Caloneis	Caloneis amphisbaena	(Bory) Cleve, 1894	Species	Caloneis amphisbaena var. aequata;Caloneis amphisbaena var. fenzlii;Caloneis amphisbaena var. fuscata;Caloneis amphisbaena var. liburnica																																											4	0	C	GREEN		OTU_001548;OTU_003769	
NBNORG0000065030	NHMSYS0000600280	Chromista		Bacillariophyceae	Naviculales	Pinnulariaceae	Caloneis	Caloneis bacillaris	(Greg.) Cleve, 1894	Species	Caloneis bacillaris var. thermalis																																											0	0	F	BLACK			
NBNORG0000065032	NHMSYS0000600282	Chromista		Bacillariophyceae	Naviculales	Pinnulariaceae	Caloneis	Caloneis bacillum	(Grunow) Cleve, 1894	Species	Caloneis bacillum var. lancettula																																											0	0	F	BLACK			
NBNORG0000065034	NHMSYS0000600284	Chromista		Bacillariophyceae	Naviculales	Pinnulariaceae	Caloneis	Caloneis backmanii	A. Cleve in Backman et Cleve, 1922	Species	Caloneis backmanii var. fasciata																																											0	0	F	BLACK			
NBNORG0000065036	NHMSYS0000600286	Chromista		Bacillariophyceae	Naviculales	Pinnulariaceae	Caloneis	Caloneis borealis	J.R. Carter, 1971	Species																																												0	0	F	BLACK			
NBNORG0000065037	NHMSYS0000600288	Chromista		Bacillariophyceae	Naviculales	Pinnulariaceae	Caloneis	Caloneis budensis	(Grunow) Krammer, 1985	Species																																												1	0	D	GREEN		OTU_003752	
NBNORG0000065038	NHMSYS0000600289	Chromista		Bacillariophyceae	Naviculales	Pinnulariaceae	Caloneis	Caloneis clevei	(Lagerst.) Cleve, 1894	Species																																												0	0	F	BLACK			
NBNORG0000065039	NHMSYS0000600290	Chromista		Bacillariophyceae	Naviculales	Pinnulariaceae	Caloneis	Caloneis continua	J.R. Carter, 1964	Species																																												0	0	F	BLACK			
NBNORG0000065040	NHMSYS0000600291	Chromista		Bacillariophyceae	Naviculales	Pinnulariaceae	Caloneis	Caloneis crassa	(Greg.) R. Ross in B. Hartley, 1986	Species																																												0	0	F	BLACK			
NBNORG0000065041	NHMSYS0000600292	Chromista		Bacillariophyceae	Naviculales	Pinnulariaceae	Caloneis	Caloneis fasciata	(Lagerst.) Cleve, 1894	Species	Caloneis fasciata var. fonticola																																											0	0	F	BLACK			
NBNORG0000123371	NHMSYS0021180230	Chromista		Bacillariophyceae	Naviculales	Pinnulariaceae	Caloneis	Caloneis fontinalis	(Grunow) Lange-Bertalot & Reichardt, 1996	Species			Y	Y																																								4	0	C	GREEN		OTU_001567;OTU_003571	
NBNORG0000065043	NHMSYS0000600294	Chromista		Bacillariophyceae	Naviculales	Pinnulariaceae	Caloneis	Caloneis fusioides	(Grunow) Heiden et Kolbe	Species																																												0	0	F	BLACK			
NBNORG0000065044	NHMSYS0000600296	Chromista		Bacillariophyceae	Naviculales	Pinnulariaceae	Caloneis	Caloneis hustedtii	Aleem in Aleem et Hust., 1951	Species																																												0	0	F	BLACK			
NBNORG0000065045	NHMSYS0000600297	Chromista		Bacillariophyceae	Naviculales	Pinnulariaceae	Caloneis	Caloneis hyalina	Hust., 1938	Species																																												0	0	F	BLACK			
NBNORG0000123372	NHMSYS0021180236	Chromista		Bacillariophyceae	Naviculales	Pinnulariaceae	Caloneis	Caloneis lancettula	(Schulz-Danzig) Lange-Bertalot & Witkowski, 1996	Species			Y	Y																																								0	0	F	BLACK			
NBNORG0000065046	NHMSYS0000600298	Chromista		Bacillariophyceae	Naviculales	Pinnulariaceae	Caloneis	Caloneis latiuscula	(Kütz.) Cleve, 1938	Species																																												0	0	F	BLACK			
NBNORG0000065047	NHMSYS0000600299	Chromista		Bacillariophyceae	Naviculales	Pinnulariaceae	Caloneis	Caloneis lauta	J.R. Carter in Carter et Bailey-Watts, 1981	Species																																												1	0	D	GREEN		OTU_003755	
NBNORG0000065048	NHMSYS0000600300	Chromista		Bacillariophyceae	Naviculales	Pinnulariaceae	Caloneis	Caloneis lepidula	(Grunow in Van Heurck) Cleve, 1894	Species																																												0	0	F	BLACK			
NBNORG0000065049	NHMSYS0000600301	Chromista		Bacillariophyceae	Naviculales	Pinnulariaceae	Caloneis	Caloneis leptosoma	(Grunow) Krammer, 1985	Species																																												0	0	F	BLACK			
NBNORG0000122367	NHMSYS0021165299	Chromista		Bacillariophyceae	Naviculales	Pinnulariaceae	Caloneis	Caloneis lewisii	Patrick, 1945	Species			Y																																									1	0	D	GREEN		OTU_002199	
NBNORG0000065050	NHMSYS0000600302	Chromista		Bacillariophyceae	Naviculales	Pinnulariaceae	Caloneis	Caloneis limosa	(Kütz.) R.M. Patrick in R.M. Patrick et Reimer, 1966	Species	Caloneis limosa var. lancettula;Caloneis schumanniana																																											0	0	F	BLACK			
NBNORG0000065052	NHMSYS0000600304	Chromista		Bacillariophyceae	Naviculales	Pinnulariaceae	Caloneis	Caloneis macedonica	Hust., 1945	Species																																												0	0	F	BLACK			
NBNORG0000065053	NHMSYS0000600305	Chromista		Bacillariophyceae	Naviculales	Pinnulariaceae	Caloneis	Caloneis molaris	(Grunow) Krammer, 1985	Species	Pinnularia molaris																																											0	0	F	BLACK			
NBNORG0000065054	NHMSYS0000600306	Chromista		Bacillariophyceae	Naviculales	Pinnulariaceae	Caloneis	Caloneis obtusa	(W. Sm.) Cleve	Species	Caloneis hebes																																											0	0	F	BLACK			
NBNORG0000065055	NHMSYS0000600307	Chromista		Bacillariophyceae	Naviculales	Pinnulariaceae	Caloneis	Caloneis perlepida	(Grunow) A. Berg, 1952	Species																																												0	0	F	BLACK			
NBNORG0000065056	NHMSYS0000600308	Chromista		Bacillariophyceae	Naviculales	Pinnulariaceae	Caloneis	Caloneis permagna	(J.W. Bailey) Cleve, 1894	Species																																												0	0	F	BLACK			
NBNORG0000065057	NHMSYS0000600309	Chromista		Bacillariophyceae	Naviculales	Pinnulariaceae	Caloneis	Caloneis pulchra	Messik., 1927	Species																																												0	0	F	BLACK			
NBNORG0000065058	NHMSYS0000600310	Chromista		Bacillariophyceae	Naviculales	Pinnulariaceae	Caloneis	Caloneis schroederi	Hust., 1922	Species																																												0	0	F	BLACK			
NBNORG0000065059	NHMSYS0000600312	Chromista		Bacillariophyceae	Naviculales	Pinnulariaceae	Caloneis	Caloneis silicula	(Ehrenb.) Cleve, 1894	Species	Caloneis silicula form peisonis;Caloneis silicula var. alpina;Caloneis silicula var. minuta;Caloneis silicula var. truncatula;Caloneis ventricosa																																											2	0	D	GREEN		OTU_002767	
NBNORG0000065064	NHMSYS0000600318	Chromista		Bacillariophyceae	Naviculales	Pinnulariaceae	Caloneis	Caloneis sublinearis	(Grunow) Krammer, 1985	Species	Pinnularia sublinearis																																											0	0	F	BLACK			
NBNORG0000065065	NHMSYS0000600319	Chromista		Bacillariophyceae	Naviculales	Pinnulariaceae	Caloneis	Caloneis subsalina	(Donkin) Hendey, 1951	Species	Caloneis silicula form subsalina																																											0	0	F	BLACK			
NBNORG0000065066	NHMSYS0000600320	Chromista		Bacillariophyceae	Naviculales	Pinnulariaceae	Caloneis	Caloneis tenuis	(Greg.) Krammer, 1985	Species																																												0	0	F	BLACK			
NBNORG0000065067	NHMSYS0000600321	Chromista		Bacillariophyceae	Naviculales	Pinnulariaceae	Caloneis	Caloneis thermalis	(Grunow) Krammer, 1985	Species																																												0	0	F	BLACK			
NBNORG0000065068	NHMSYS0000600322	Chromista		Bacillariophyceae	Naviculales	Pinnulariaceae	Caloneis	Caloneis trinodis	(Cleve) F. Meister, 1912	Species																																												0	0	F	BLACK			
NBNORG0000065069	NHMSYS0000600323	Chromista		Bacillariophyceae	Naviculales	Pinnulariaceae	Caloneis	Caloneis undulata	(Greg.) Krammer, 1985	Species	Pinnularia undulata																																											0	0	F	BLACK			
NBNORG0000065070	NHMSYS0000600328	Chromista		Bacillariophyceae	Naviculales	Pinnulariaceae	Caloneis	Caloneis westii	(W. Sm.) Hendey, 1964	Species																																												0	0	F	BLACK			
NBNORG0000065083	NHMSYS0000600344	Chromista		Bacillariophyceae	Surirellales	Surirellaceae	Campylodiscus	Campylodiscus angularis	Greg., 1857	Species																																												0	0	F	BLACK			
NBNORG0000065084	NHMSYS0000600345	Chromista		Bacillariophyceae	Surirellales	Surirellaceae	Campylodiscus	Campylodiscus biocostatus	W. Sm. in Roper, 1854	Species	Campylodiscus clypeus var. bicostatus																																											0	0	F	BLACK			
NBNORG0000065085	NHMSYS0000600346	Chromista		Bacillariophyceae	Surirellales	Surirellaceae	Campylodiscus	Campylodiscus clypeus	Ehrenb. ex Kütz., 1844	Species																																												4	0	C	GREEN		OTU_000254;OTU_002176;OTU_002258	
NBNORG0000065086	NHMSYS0000600348	Chromista		Bacillariophyceae	Surirellales	Surirellaceae	Campylodiscus	Campylodiscus echeneis	Ehrenb. ex Kütz., 1844	Species																																												0	0	F	BLACK			
NBNORG0000065087	NHMSYS0000600349	Chromista		Bacillariophyceae	Surirellales	Surirellaceae	Campylodiscus	Campylodiscus hibernicus	Ehrenb., 1845	Species																																												0	0	F	BLACK			
NBNORG0000065088	NHMSYS0000600350	Chromista		Bacillariophyceae	Surirellales	Surirellaceae	Campylodiscus	Campylodiscus horologium	D.B. Will., 1848	Species																																												0	0	F	BLACK			
NBNORG0000065089	NHMSYS0000600351	Chromista		Bacillariophyceae	Surirellales	Surirellaceae	Campylodiscus	Campylodiscus hypodromus	Brun in Brun et Temp., 1889	Species																																												0	0	F	BLACK			
NBNORG0000065090	NHMSYS0000600352	Chromista		Bacillariophyceae	Surirellales	Surirellaceae	Campylodiscus	Campylodiscus impressus	Grunow ex A. Schmidt, 1877	Species																																												0	0	F	BLACK			
NBNORG0000065091	NHMSYS0000600353	Chromista		Bacillariophyceae	Surirellales	Surirellaceae	Campylodiscus	Campylodiscus latus	Shadbolt, 1854	Species																																												0	0	F	BLACK			
NBNORG0000065092	NHMSYS0000600354	Chromista		Bacillariophyceae	Surirellales	Surirellaceae	Campylodiscus	Campylodiscus levanderi	Hust. in Jarnefelt, 1925	Species																																												0	0	F	BLACK			
NBNORG0000065093	NHMSYS0000600355	Chromista		Bacillariophyceae	Surirellales	Surirellaceae	Campylodiscus	Campylodiscus limbatus	Bréb., 1854	Species																																												0	0	F	BLACK			
NBNORG0000122368	NHMSYS0021165300	Chromista		Bacillariophyceae	Surirellales	Surirellaceae	Campylodiscus	Campylodiscus marginatus	Jurilj, 1954	Species			Y																																									0	0	F	BLACK			
NBNORG0000065094	NHMSYS0000600356	Chromista		Bacillariophyceae	Surirellales	Surirellaceae	Campylodiscus	Campylodiscus noricus	Ehrenb. ex Kütz., 1844	Species																																												0	0	F	BLACK			
NBNORG0000122369	NHMSYS0021165301	Chromista		Bacillariophyceae	Surirellales	Surirellaceae	Campylodiscus	Campylodiscus striatus	Ehrenberg ex Kützing, 1844	Species			Y																																									0	0	F	BLACK			
NBNORG0000065095	NHMSYS0000600357	Chromista		Bacillariophyceae	Surirellales	Surirellaceae	Campylodiscus	Campylodiscus thuretii	Bréb., 1854	Species																																												1	0	D	GREEN		OTU_002583	
NBNORG0000106855	NHMSYS0020954893	Chromista		Bacillariophyceae	Cymatosirales	Cymatosiraceae	Campylosira	Catacombas gaillonii	(Bory de Saint-Vincent) D.M. Williams & Round, 1987	Species																																												1	0	D	GREEN		OTU_000841	
NBNORG0000065110	NHMSYS0000600380	Chromista		Bacillariophyceae	Naviculales	Cavinulaceae	Cavinula	Cavinula cocconeiformis	(Greg. ex Grev.) D.G. Mann et A.J. Stickle in Round et al., 1990	Species	Cavinula cocconeiformis form parva																																											0	0	F	BLACK			
NBNORG0000065111	NHMSYS0000600381	Chromista		Bacillariophyceae	Naviculales	Cavinulaceae	Cavinula	Cavinula jaernefeltii	(Hust.) D.G. Mann et A.J. Stickle in Round et al., 1990	Species																																												0	0	F	BLACK			
NBNORG0000065112	NHMSYS0000600382	Chromista		Bacillariophyceae	Naviculales	Cavinulaceae	Cavinula	Cavinula lacustris	(Greg.) D.G. Mann et A.J. Stickle in Round et al., 1990	Species	Navicula lacustris																																											0	0	F	BLACK			
NBNORG0000106858	NHMSYS0020954896	Chromista		Bacillariophyceae	Naviculales	Cavinulaceae	Cavinula	Cavinula lapidosa	(Krasske) Lange-Bertalot in Lange-Bertalot & Metzeltin, 1996	Species																																												0	0	F	BLACK			
NBNORG0000065113	NHMSYS0000600383	Chromista		Bacillariophyceae	Naviculales	Cavinulaceae	Cavinula	Cavinula pseudoscutiformis	(Hust.) D.G. Mann et A.J. Stickle in Round et al., 1990	Species																																												0	0	F	BLACK			
NBNORG0000106859	NHMSYS0020954897	Chromista		Bacillariophyceae	Naviculales	Cavinulaceae	Cavinula	Cavinula scutelloides	(W. Smith) Lange-Bertalot in Lange-Bertalot & Metzeltin, 1996	Species																																												0	0	F	BLACK			
NBNORG0000065114	NHMSYS0000600384	Chromista		Bacillariophyceae	Naviculales	Cavinulaceae	Cavinula	Cavinula scutiformis	(Grunow ex A. Schmidt) D.G. Mann et A.J. Stickle in Round et al.,	Species																																												0	0	F	BLACK			
NBNORG0000065115	NHMSYS0000600385	Chromista		Bacillariophyceae	Naviculales	Cavinulaceae	Cavinula	Cavinula variostriata	(Krasske) D.G. Mann et A.J. Stickle in Round et al., 1990	Species	Navicula variostriata																																											0	0	F	BLACK			
NBNORG0000065119	NHMSYS0000600390	Chromista		Bacillariophyceae	Fragilariales	Fragilariaceae	Centronella	Centronella reicheltii	Voigt, 1902	Species																																												1	0	E	RED		OTU_000023	Fragilaria capucina;Fragilaria cf. crotonensis;Fragilaria cf. nanoides;Fragilaria cf. pararumpens;Fragilaria crotonensis;Fragilaria mesolepta;Fragilaria nanoides;Fragilaria pararumpens;Fragilaria sp.;Ulnaria acus
NBNORG0000125762	NHMSYS0021201349	Chromista		Bacillariophyceae	Hemiaulales	Hemiaulaceae	Cerataulina	Cerataulina bergonii	Ostenfeld, 1903	Species	Cerataulina pelagica				Y																																							9	0	C	BLUE		OTU_000840;OTU_001453;OTU_001758;OTU_002844;OTU_003457;OTU_003762	
NBNORG0000115748	NHMSYS0021057972	Chromista		Bacillariophyceae	Bacillariales	Bacillariaceae	Cylindrotheca	Ceratoneis closterium	Ehrenberg, 1839	Species	Cylindrotheca closterium;Nitzschia closterium				Y																																							64	4	E	RED		OTU_000235;OTU_000362;OTU_000363;OTU_000364;OTU_000497;OTU_000523;OTU_000606;OTU_000607;OTU_000608;OTU_000610;OTU_000616;OTU_000922;OTU_001333;OTU_001335;OTU_001529;OTU_001913;OTU_002239;OTU_002367;OTU_002501;OTU_002527;OTU_002610;OTU_002611;OTU_002612;OTU_002613;OTU_002614;OTU_002615;OTU_002616;OTU_002617;OTU_002618;OTU_002619;OTU_002620;OTU_002621;OTU_002926;OTU_003138;OTU_003336;OTU_003337;OTU_003339;OTU_003340;OTU_003341;OTU_003382;OTU_003409;OTU_003467;OTU_003533;OTU_003866;OTU_003867;OTU_003917	Cylindrotheca closterium lineage v
NBNORG0000125519	NHMSYS0021200257	Chromista		Bacillariophyceae	Bacillariales	Bacillariaceae	Cylindrotheca	Ceratoneis fasciola	Ehrenberg, 1839	Species					Y																																							0	0	F	BLACK			
NBNORG0000061993	NHMSYS0000547718	Chromista		Bacillariophyceae	Chaetocerotanae incertae sedis	Chaetocerotaceae	Chaetoceros	Chaetoceros affinis	Lauder, 1864	Species					Y																																							1	0	D	GREEN		OTU_003838	
NBNORG0000115530	NHMSYS0021058107	Chromista		Bacillariophyceae	Chaetocerotanae incertae sedis	Chaetocerotaceae	Chaetoceros	Chaetoceros anastomosans	Grunow, 1882	Species					Y																																							2	0	C	GREEN		OTU_001154;OTU_003158	
NBNORG0000061994	NHMSYS0000547719	Chromista		Bacillariophyceae	Chaetocerotanae incertae sedis	Chaetocerotaceae	Chaetoceros	Chaetoceros armatus	T.West, 1860	Species	Attheya armata																																											1	0	D	BLUE		OTU_002988	
NBNORG0000061995	NHMSYS0000547720	Chromista		Bacillariophyceae	Chaetocerotanae incertae sedis	Chaetocerotaceae	Chaetoceros	Chaetoceros atlanticus	Cleve, 1873	Species					Y																																							1	0	D	GREEN		OTU_003815	
NBNORG0000115529	NHMSYS0021058108	Chromista		Bacillariophyceae	Chaetocerotanae incertae sedis	Chaetocerotaceae	Chaetoceros	Chaetoceros borealis	J.W.Bailey, 1854	Species					Y																																							0	0	F	BLACK			
NBNORG0000115528	NHMSYS0021058109	Chromista		Bacillariophyceae	Chaetocerotanae incertae sedis	Chaetocerotaceae	Chaetoceros	Chaetoceros brevis	F.Schütt, 1895	Species					Y																																							1	0	D	GREEN		OTU_003159	
NBNORG0000115527	NHMSYS0021058110	Chromista		Bacillariophyceae	Chaetocerotanae incertae sedis	Chaetocerotaceae	Chaetoceros	Chaetoceros castracanei	Karsten, 1905	Species	Chaetoceros impressus				Y																																							0	0	F	BLACK			
NBNORG0000115526	NHMSYS0021058112	Chromista		Bacillariophyceae	Chaetocerotanae incertae sedis	Chaetocerotaceae	Chaetoceros	Chaetoceros ceratosporus	Ostenfeld, 1910	Species					Y																																							0	0	F	BLACK			
NBNORG0000115516	NHMSYS0021058113	Chromista		Bacillariophyceae	Chaetocerotanae incertae sedis	Chaetocerotaceae	Chaetoceros	Chaetoceros cinctus	Gran, 1897	Species					Y																																							0	0	F	BLACK			
NBNORG0000115524	NHMSYS0021058114	Chromista		Bacillariophyceae	Chaetocerotanae incertae sedis	Chaetocerotaceae	Chaetoceros	Chaetoceros circinalis	(Meunier) K.G. Jensen & Moestrup	Species					Y																																							1	0	D	GREEN		OTU_003356	
NBNORG0000115532	NHMSYS0021058115	Chromista		Bacillariophyceae	Chaetocerotanae incertae sedis	Chaetocerotaceae	Chaetoceros	Chaetoceros coarctatus	Lauder, 1864	Species					Y																																							0	0	F	BLACK			
NBNORG0000061998	NHMSYS0000547723	Chromista		Bacillariophyceae	Chaetocerotanae incertae sedis	Chaetocerotaceae	Chaetoceros	Chaetoceros compressus	Lauder, 1864	Species	Chaetoceros contortus				Y																																							3	0	C	BLUE		OTU_001165;OTU_003169;OTU_003840	
NBNORG0000061999	NHMSYS0000547724	Chromista		Bacillariophyceae	Chaetocerotanae incertae sedis	Chaetocerotaceae	Chaetoceros	Chaetoceros concavicornis	Mangin, 1917	Species					Y																																							0	0	F	BLACK			
NBNORG0000062000	NHMSYS0000547725	Chromista		Bacillariophyceae	Chaetocerotanae incertae sedis	Chaetocerotaceae	Chaetoceros	Chaetoceros constrictus	Gran, 1897	Species					Y																																							1	0	D	GREEN		OTU_003167	
NBNORG0000062001	NHMSYS0000547726	Chromista		Bacillariophyceae	Chaetocerotanae incertae sedis	Chaetocerotaceae	Chaetoceros	Chaetoceros convolutus	Castracane, 1886	Species					Y																																							0	0	F	BLACK			
NBNORG0000115522	NHMSYS0021058117	Chromista		Bacillariophyceae	Chaetocerotanae incertae sedis	Chaetocerotaceae	Chaetoceros	Chaetoceros coronatus	Gran, 1897	Species					Y																																							0	0	F	BLACK			
NBNORG0000062002	NHMSYS0000547727	Chromista		Bacillariophyceae	Chaetocerotanae incertae sedis	Chaetocerotaceae	Chaetoceros	Chaetoceros costatus	Pavillard, 1911	Species					Y																																							5	0	C	GREEN		OTU_000311;OTU_002315	
NBNORG0000115521	NHMSYS0021058118	Chromista		Bacillariophyceae	Chaetocerotanae incertae sedis	Chaetocerotaceae	Chaetoceros	Chaetoceros crinitus	F.Schütt, 1895	Species					Y																																							0	0	F	BLACK			
NBNORG0000062720	NHMSYS0000560598	Chromista		Bacillariophyceae	Chaetocerotanae incertae sedis	Chaetocerotaceae	Chaetoceros	Chaetoceros cryophilus		Species																																												0	0	F	BLACK			
NBNORG0000109481	NHMSYS0000547729	Chromista		Bacillariophyceae	Chaetocerotanae incertae sedis	Chaetocerotaceae	Chaetoceros	Chaetoceros curvisetus	Cleve, 1889	Species					Y																																							7	0	C	GREEN		OTU_000316;OTU_001166;OTU_002320;OTU_003170;OTU_003171;OTU_003172;OTU_003173	
NBNORG0000062004	NHMSYS0000547730	Chromista		Bacillariophyceae	Chaetocerotanae incertae sedis	Chaetocerotaceae	Chaetoceros	Chaetoceros danicus	Cleve, 1889	Species					Y																																							2	0	C	GREEN		OTU_001632;OTU_003636	
NBNORG0000062005	NHMSYS0000547731	Chromista		Bacillariophyceae	Chaetocerotanae incertae sedis	Chaetocerotaceae	Chaetoceros	Chaetoceros debilis	Cleve, 1894	Species					Y																																							4	0	C	GREEN		OTU_001170;OTU_003174;OTU_003642	
NBNORG0000062006	NHMSYS0000547732	Chromista		Bacillariophyceae	Chaetocerotanae incertae sedis	Chaetocerotaceae	Chaetoceros	Chaetoceros decipiens	Cleve, 1873	Species					Y																																							5	0	E	RED		OTU_001158;OTU_003162;OTU_003839	Chaetoceros lorenzianus
NBNORG0000115520	NHMSYS0021058119	Chromista		Bacillariophyceae	Chaetocerotanae incertae sedis	Chaetocerotaceae	Chaetoceros	Chaetoceros densus	(Cleve) Cleve, 1899	Species					Y																																							0	0	F	BLACK			
NBNORG0000115519	NHMSYS0021058120	Chromista		Bacillariophyceae	Chaetocerotanae incertae sedis	Chaetocerotaceae	Chaetoceros	Chaetoceros dichaeta	Ehrenberg, 1844	Species					Y																																							1	0	D	GREEN		OTU_003653	
NBNORG0000062009	NHMSYS0000547735	Chromista		Bacillariophyceae	Chaetocerotanae incertae sedis	Chaetocerotaceae	Chaetoceros	Chaetoceros didymus	Ehrenberg, 1845	Species					Y																																							2	0	C	GREEN		OTU_001179;OTU_003787	
NBNORG0000062010	NHMSYS0000547736	Chromista		Bacillariophyceae	Chaetocerotanae incertae sedis	Chaetocerotaceae	Chaetoceros	Chaetoceros difficilis	Cleve, 1900	Species					Y																																							0	0	F	BLACK			
NBNORG0000115518	NHMSYS0021058121	Chromista		Bacillariophyceae	Chaetocerotanae incertae sedis	Chaetocerotaceae	Chaetoceros	Chaetoceros diversus	Cleve, 1873	Species					Y																																							4	0	C	GREEN		OTU_001173;OTU_003177	
NBNORG0000115517	NHMSYS0021058122	Chromista		Bacillariophyceae	Chaetocerotanae incertae sedis	Chaetocerotaceae	Chaetoceros	Chaetoceros eibenii	Grunow, 1882	Species					Y																																							2	0	C	GREEN		OTU_001174;OTU_003178	
NBNORG0000062723	NHMSYS0000560610	Chromista		Bacillariophyceae	Chaetocerotanae incertae sedis	Chaetocerotaceae	Chaetoceros	Chaetoceros exospermus		Species																																												0	0	F	BLACK			
NBNORG0000115565	NHMSYS0021058123	Chromista		Bacillariophyceae	Chaetocerotanae incertae sedis	Chaetocerotaceae	Chaetoceros	Chaetoceros externus	Gran, 1897	Species					Y																																							0	0	F	BLACK			
NBNORG0000115619	NHMSYS0021058124	Chromista		Bacillariophyceae	Chaetocerotanae incertae sedis	Chaetocerotaceae	Chaetoceros	Chaetoceros filiformis	Meunier, 1910	Species					Y																																							0	0	F	BLACK			
NBNORG0000115557	NHMSYS0021058125	Chromista		Bacillariophyceae	Chaetocerotanae incertae sedis	Chaetocerotaceae	Chaetoceros	Chaetoceros fragilis	Meunier, 1910	Species					Y																																							0	0	F	BLACK			
NBNORG0000115616	NHMSYS0021058126	Chromista		Bacillariophyceae	Chaetocerotanae incertae sedis	Chaetocerotaceae	Chaetoceros	Chaetoceros furcellatus	J.W.Bailey, 1856	Species					Y																																							0	0	F	BLACK			
NBNORG0000115615	NHMSYS0021058127	Chromista		Bacillariophyceae	Chaetocerotanae incertae sedis	Chaetocerotaceae	Chaetoceros	Chaetoceros holsaticus	F.Schütt, 1895	Species					Y																																							0	0	F	BLACK			
NBNORG0000115614	NHMSYS0021058128	Chromista		Bacillariophyceae	Chaetocerotanae incertae sedis	Chaetocerotaceae	Chaetoceros	Chaetoceros imbricatus	Mangin, 1912	Species					Y																																							0	0	F	BLACK			
NBNORG0000115613	NHMSYS0021058129	Chromista		Bacillariophyceae	Chaetocerotanae incertae sedis	Chaetocerotaceae	Chaetoceros	Chaetoceros ingolfianus	Ostenfeld, 1902	Species					Y																																							0	0	F	BLACK			
NBNORG0000115612	NHMSYS0021058130	Chromista		Bacillariophyceae	Chaetocerotanae incertae sedis	Chaetocerotaceae	Chaetoceros	Chaetoceros karianus	Grunow, 1880	Species					Y																																							0	0	F	BLACK			
NBNORG0000115611	NHMSYS0021058131	Chromista		Bacillariophyceae	Chaetocerotanae incertae sedis	Chaetocerotaceae	Chaetoceros	Chaetoceros laciniosus	F.Schütt, 1895	Species					Y																																							0	0	F	BLACK			
NBNORG0000115601	NHMSYS0021058132	Chromista		Bacillariophyceae	Chaetocerotanae incertae sedis	Chaetocerotaceae	Chaetoceros	Chaetoceros lauderi	Ralfs, 1864	Species					Y																																							2	0	C	GREEN		OTU_001176;OTU_003180	
NBNORG0000062014	NHMSYS0000547740	Chromista		Bacillariophyceae	Chaetocerotanae incertae sedis	Chaetocerotaceae	Chaetoceros	Chaetoceros lorenzianus	Grunow, 1863	Species					Y																																							4	0	E	RED		OTU_001158;OTU_003181	Chaetoceros decipiens
NBNORG0000115609	NHMSYS0021058133	Chromista		Bacillariophyceae	Chaetocerotanae incertae sedis	Chaetocerotaceae	Chaetoceros	Chaetoceros messanense	Castracane, 1875	Species	Chaetoceros messanensis				Y																																							0	0	F	BLACK			
NBNORG0000065127	NHMSYS0000600408	Chromista		Bacillariophyceae	Chaetocerotanae incertae sedis	Chaetocerotaceae	Chaetoceros	Chaetoceros muelleri	Lemmerm.	Species																																												22	0	C	GREEN		OTU_000176;OTU_000310;OTU_001596;OTU_002015;OTU_002180;OTU_002314;OTU_003600;OTU_003660	
NBNORG0000115606	NHMSYS0021058136	Chromista		Bacillariophyceae	Chaetocerotanae incertae sedis	Chaetocerotaceae	Chaetoceros	Chaetoceros neogracile	S.L.VanLandingham, 1968	Species	Chaetoceros gracile;Chaetoceros gracilis;Chaetoceros neogracilis																																											3	0	C	AMBER		OTU_000619;OTU_002623;OTU_002651	
NBNORG0000115604	NHMSYS0021058139	Chromista		Bacillariophyceae	Chaetocerotanae incertae sedis	Chaetocerotaceae	Chaetoceros	Chaetoceros perpusillus	Cleve, 1897	Species					Y																																							0	0	F	BLACK			
NBNORG0000062015	NHMSYS0000547741	Chromista		Bacillariophyceae	Chaetocerotanae incertae sedis	Chaetocerotaceae	Chaetoceros	Chaetoceros peruvianus	Brightwell, 1856	Species					Y																																							5	0	C	GREEN		OTU_000973;OTU_002977;OTU_003182;OTU_003487;OTU_003807	
NBNORG0000115603	NHMSYS0021058140	Chromista		Bacillariophyceae	Chaetocerotanae incertae sedis	Chaetocerotaceae	Chaetoceros	Chaetoceros protuberans	H.S.Lauder, 1864	Species					Y																																							1	0	D	GREEN		OTU_003183	
NBNORG0000062016	NHMSYS0000547742	Chromista		Bacillariophyceae	Chaetocerotanae incertae sedis	Chaetocerotaceae	Chaetoceros	Chaetoceros pseudocrinitus	Ostenfeld, 1901	Species					Y																																							0	0	F	BLACK			
NBNORG0000115602	NHMSYS0021058141	Chromista		Bacillariophyceae	Chaetocerotanae incertae sedis	Chaetocerotaceae	Chaetoceros	Chaetoceros pseudocurvisetus	Mangin, 1910	Species					Y																																							2	0	E	RED		OTU_000313;OTU_002317	Chaetoceros pseudo-curvisetus
NBNORG0000115625	NHMSYS0021058142	Chromista		Bacillariophyceae	Chaetocerotanae incertae sedis	Chaetocerotaceae	Chaetoceros	Chaetoceros radicans	F.Schütt, 1895	Species					Y																																							4	0	C	GREEN		OTU_000562;OTU_002566	
NBNORG0000115627	NHMSYS0021058143	Chromista		Bacillariophyceae	Chaetocerotanae incertae sedis	Chaetocerotaceae	Chaetoceros	Chaetoceros rostratus	Lauder, 1864	Species					Y																																							2	0	C	GREEN		OTU_001180;OTU_003184	
NBNORG0000115610	NHMSYS0021058144	Chromista		Bacillariophyceae	Chaetocerotanae incertae sedis	Chaetocerotaceae	Chaetoceros	Chaetoceros seiracanthus	Gran, 1897	Species					Y																																							0	0	F	BLACK			
NBNORG0000125764	NHMSYS0021201355	Chromista		Bacillariophyceae	Chaetocerotanae incertae sedis	Chaetocerotaceae	Chaetoceros	Chaetoceros septentrionalis	Cleve, 1896	Species	Attheya septentrionalis				Y																																							5	0	E	RED		OTU_000224;OTU_001054;OTU_002228;OTU_002946	Attheya longicornis
NBNORG0000115634	NHMSYS0021058145	Chromista		Bacillariophyceae	Chaetocerotanae incertae sedis	Chaetocerotaceae	Chaetoceros	Chaetoceros similis	Cleve, 1896	Species					Y																																							0	0	F	BLACK			
NBNORG0000062018	NHMSYS0000547744	Chromista		Bacillariophyceae	Chaetocerotanae incertae sedis	Chaetocerotaceae	Chaetoceros	Chaetoceros simplex	Ostenfeld, 1901	Species					Y																																							0	0	F	BLACK			
NBNORG0000115633	NHMSYS0021058146	Chromista		Bacillariophyceae	Chaetocerotanae incertae sedis	Chaetocerotaceae	Chaetoceros	Chaetoceros socialis	H.S.Lauder, 1864	Species	Chaetoceros socialis var. radians;Chaetoceros socialis var. socialis				Y																																							5	0	C	GREEN		OTU_000312;OTU_002316	
NBNORG0000065128	NHMSYS0000600409	Chromista		Bacillariophyceae	Chaetocerotanae incertae sedis	Chaetocerotaceae	Chaetoceros	Chaetoceros subtilis	Cleve, 1896	Species					Y																																							0	0	F	BLACK			
NBNORG0000115632	NHMSYS0021058147	Chromista		Bacillariophyceae	Chaetocerotanae incertae sedis	Chaetocerotaceae	Chaetoceros	Chaetoceros tenuissimus	Meunier, 1913	Species					Y																																							18	0	C	GREEN		OTU_000314;OTU_002318	
NBNORG0000062020	NHMSYS0000547746	Chromista		Bacillariophyceae	Chaetocerotanae incertae sedis	Chaetocerotaceae	Chaetoceros	Chaetoceros teres	Cleve, 1896	Species					Y																																							2	0	C	GREEN		OTU_001187;OTU_003191	
NBNORG0000115631	NHMSYS0021058148	Chromista		Bacillariophyceae	Chaetocerotanae incertae sedis	Chaetocerotaceae	Chaetoceros	Chaetoceros tetrastichon	Cleve, 1897	Species					Y																																							0	0	F	BLACK			
NBNORG0000062021	NHMSYS0000547747	Chromista		Bacillariophyceae	Chaetocerotanae incertae sedis	Chaetocerotaceae	Chaetoceros	Chaetoceros tortissimus	Gran, 1900	Species					Y																																							1	0	D	GREEN		OTU_003192	
NBNORG0000062022	NHMSYS0000547748	Chromista		Bacillariophyceae	Chaetocerotanae incertae sedis	Chaetocerotaceae	Chaetoceros	Chaetoceros wighamii	Brightwell, 1856	Species					Y																																							0	0	F	BLACK			
NBNORG0000115630	NHMSYS0021058149	Chromista		Bacillariophyceae	Chaetocerotanae incertae sedis	Chaetocerotaceae	Chaetoceros	Chaetoceros willei	Grunow, 1897	Species					Y																																							0	0	F	BLACK			
NBNORG0000133861	NHMSYS0021573218	Chromista		Bacillariophyceae	Hemiaulales	Hemiaulaceae	Climacodium	Climacodium frauenfeldianum	Grunow, 1868	Species					Y																																							1	0	D	GREEN		OTU_003611	
NBNORG0000122614	NHMSYS0021168081	Chromista		Bacillariophyceae	Naviculales	Naviculaceae	Climaconeis	Climaconeis riddleae	A.K.S.K.Prasad, 2003	Species																																												1	0	D	GREEN		OTU_002590	
NBNORG0000096441	NHMSYS0020475500	Chromista		Bacillariophyceae	Achnanthales	Cocconeidaceae	Cocconeis	Cocconeis diminuta	Pantocsek	Species																																												0	0	F	BLACK			
NBNORG0000065570	NHMSYS0000601053	Chromista		Bacillariophyceae	Achnanthales	Cocconeidaceae	Cocconeis	Cocconeis disculus	(Schum.) Cleve, 1882	Species	Cocconeis disculus var. diminuta																																											0	0	F	BLACK			
NBNORG0000065572	NHMSYS0000601055	Chromista		Bacillariophyceae	Achnanthales	Cocconeidaceae	Cocconeis	Cocconeis diversa	J.R. Carter in J.R. Carter et Bailey-Watts, 1981	Species																																												0	0	F	BLACK			
NBNORG0000122370	NHMSYS0021165289	Chromista		Bacillariophyceae	Achnanthales	Cocconeidaceae	Cocconeis	Cocconeis euglypta	Ehrenberg, 1854	Species			Y																																									5	0	E	RED		OTU_000025;OTU_002029	Cocconeis placentula
NBNORG0000065573	NHMSYS0000601056	Chromista		Bacillariophyceae	Achnanthales	Cocconeidaceae	Cocconeis	Cocconeis hustedtii	Krasske, 1923	Species																																												0	0	F	BLACK			
NBNORG0000065574	NHMSYS0000601057	Chromista		Bacillariophyceae	Achnanthales	Cocconeidaceae	Cocconeis	Cocconeis japonica	A. Schmidt, 1874	Species																																												0	0	F	BLACK			
NBNORG0000122371	NHMSYS0021165290	Chromista		Bacillariophyceae	Achnanthales	Cocconeidaceae	Cocconeis	Cocconeis lineata	Ehrenberg, 1849	Species			Y																																									0	0	F	BLACK			
NBNORG0000065575	NHMSYS0000601058	Chromista		Bacillariophyceae	Achnanthales	Cocconeidaceae	Cocconeis	Cocconeis lyra	A. Schmidt, 1874	Species																																												0	0	F	BLACK			
NBNORG0000065576	NHMSYS0000601059	Chromista		Bacillariophyceae	Achnanthales	Cocconeidaceae	Cocconeis	Cocconeis maxima	(Grunow) H. Perag. et Perag., 1897	Species																																												0	0	F	BLACK			
NBNORG0000065577	NHMSYS0000601061	Chromista		Bacillariophyceae	Achnanthales	Cocconeidaceae	Cocconeis	Cocconeis neothumensis	Krammer, 1991	Species																																												0	0	F	BLACK			
NBNORG0000065578	NHMSYS0000601062	Chromista		Bacillariophyceae	Achnanthales	Cocconeidaceae	Cocconeis	Cocconeis pediculus	Ehrenb., 1838	Species																																												7	1	C	GREEN		OTU_000450;OTU_002454;OTU_003782	
NBNORG0000065579	NHMSYS0000601063	Chromista		Bacillariophyceae	Achnanthales	Cocconeidaceae	Cocconeis	Cocconeis peltoides	Hust., 1939	Species																																												0	0	F	BLACK			
NBNORG0000065580	NHMSYS0000601064	Chromista		Bacillariophyceae	Achnanthales	Cocconeidaceae	Cocconeis	Cocconeis placentula	Ehrenb., 1838	Species	Cocconeis placentula var. euglypta;Cocconeis placentula var. intermedia;Cocconeis placentula var. klinoraphis;Cocconeis placentula var. lineata;Cocconeis placentula var. placentula;Cocconeis placentula var. pseudolineata;Cocconeis placentula var. rouxii;Cocconeis placentula var. tenuistriata																																											6	1	E	RED		OTU_000025;OTU_002209;OTU_002450;OTU_003543;OTU_003779	Cocconeis euglypta
NBNORG0000122372	NHMSYS0021165291	Chromista		Bacillariophyceae	Achnanthales	Cocconeidaceae	Cocconeis	Cocconeis pseudolineata	(Geitler) Lange-Bertalot in Werum & Lange-Bertalot, 2004	Species			Y																																									0	0	F	BLACK			
NBNORG0000065588	NHMSYS0000601072	Chromista		Bacillariophyceae	Achnanthales	Cocconeidaceae	Cocconeis	Cocconeis pseudothumensis	Reichardt, 1982	Species																																												0	0	F	BLACK			
NBNORG0000065589	NHMSYS0000601073	Chromista		Bacillariophyceae	Achnanthales	Cocconeidaceae	Cocconeis	Cocconeis rugosa	Sovereign, 1958	Species																																												0	0	F	BLACK			
NBNORG0000115655	NHMSYS0021057965	Chromista		Bacillariophyceae	Achnanthales	Cocconeidaceae	Cocconeis	Cocconeis scutellum	Ehrenberg, 1838	Species					Y																																							0	0	F	BLACK			
NBNORG0000065590	NHMSYS0000601074	Chromista		Bacillariophyceae	Achnanthales	Cocconeidaceae	Cocconeis	Cocconeis speciosa	Greg., 1855	Species																																												0	0	F	BLACK			
NBNORG0000122373	NHMSYS0021165302	Chromista		Bacillariophyceae	Achnanthales	Cocconeidaceae	Cocconeis	Cocconeis stauroneiformis	(W.Smith) H.Okuno, 1957	Species			Y																																									0	0	F	BLACK			
NBNORG0000065591	NHMSYS0000601075	Chromista		Bacillariophyceae	Achnanthales	Cocconeidaceae	Cocconeis	Cocconeis tenuis	Hust., 1939	Species																																												0	0	F	BLACK			
NBNORG0000065592	NHMSYS0000601076	Chromista		Bacillariophyceae	Achnanthales	Cocconeidaceae	Cocconeis	Cocconeis thienemannii	Hust., 1954	Species																																												0	0	F	BLACK			
NBNORG0000065593	NHMSYS0000601077	Chromista		Bacillariophyceae	Achnanthales	Cocconeidaceae	Cocconeis	Cocconeis utermoehlii	Hust., 1954	Species																																												0	0	F	BLACK			
NBNORG0000115050	NHMSYS0021058268	Chromista		Bacillariophyceae	Thalassiosirales	Thalassiosiraceae	Conticribra	Conticribra weissflogii	(Grunow) K.Stachura-Suchoples & D.M.Williams, 2009	Species	Eupodiscus weissflogii;Micropodiscus weissflogii;Thalassiosira fluviatilis;Thalassiosira weissfloggii;Thalassiosira weissflogii				Y																																							12	3	C	GREEN		OTU_000322;OTU_000356;OTU_000419;OTU_002326;OTU_002360;OTU_002423;OTU_003626	
NBNORG0000115622	NHMSYS0021058157	Chromista		Bacillariophyceae	Corethrales	Corethraceae	Corethron	Corethron hystrix	Hensen, 1887	Species					Y																																							2	0	E	RED		OTU_000175;OTU_002179	Corethron sp.
NBNORG0000062046	NHMSYS0021058158	Chromista		Bacillariophyceae	Corethrales	Corethraceae	Corethron	Corethron pennatum	(Grunow) Ostenfeld, 1909	Species	Corethron criophilum				Y																																							0	0	F	BLACK			
NBNORG0000125778	NHMSYS0021201427	Chromista		Bacillariophyceae	Coscinodiscales	Coscinodiscaceae	Coscinodiscus	Coscinodiscus angustelineatus	Schmidt in Schmidt et al., 1878	Species	Thalassiosira anguste-lineata;Thalassiosira polychorda				Y																																							1	0	D	BLUE		OTU_000324	
NBNORG0000115579	NHMSYS0021058165	Chromista		Bacillariophyceae	Coscinodiscales	Coscinodiscaceae	Coscinodiscus	Coscinodiscus asteromphalus	Ehrenberg, 1844	Species					Y																																							0	0	F	BLACK			
NBNORG0000125524	NHMSYS0021200269	Chromista		Bacillariophyceae	Coscinodiscales	Coscinodiscaceae	Coscinodiscus	Coscinodiscus bathyomphalus	Cleve, 1883	Species	Bacterosira bathyomphala				Y																																							1	0	D	BLUE		OTU_002158	
NBNORG0000115578	NHMSYS0021058166	Chromista		Bacillariophyceae	Coscinodiscales	Coscinodiscaceae	Coscinodiscus	Coscinodiscus centralis	Ehrenberg, 1844	Species					Y																																							0	0	F	BLACK			
NBNORG0000115577	NHMSYS0021058167	Chromista		Bacillariophyceae	Coscinodiscales	Coscinodiscaceae	Coscinodiscus	Coscinodiscus commutatus	Grunow, 1884	Species	Coscinodiscopsis commutata				Y																																							0	0	F	BLACK			
NBNORG0000115576	NHMSYS0021058168	Chromista		Bacillariophyceae	Coscinodiscales	Coscinodiscaceae	Coscinodiscus	Coscinodiscus concinnus	W.Smith, 1856	Species	Coscinodiscus coccinnus				Y																																							1	0	E	RED		OTU_000773	Coscinodiscus granii
NBNORG0000062056	NHMSYS0000547783	Chromista		Bacillariophyceae	Coscinodiscales	Coscinodiscaceae	Coscinodiscus	Coscinodiscus curvatulus	Grunow in A. Schmidt, 1878	Species																																												0	0	F	BLACK			
NBNORG0000115575	NHMSYS0021058169	Chromista		Bacillariophyceae	Coscinodiscales	Coscinodiscaceae	Coscinodiscus	Coscinodiscus decrescens	Grunow, 1878	Species					Y																																							0	0	F	BLACK			
NBNORG0000125525	NHMSYS0021200275	Chromista		Bacillariophyceae	Coscinodiscales	Coscinodiscaceae	Coscinodiscus	Coscinodiscus gracilis	Karsten, 1905	Species	Shionodiscus gracilis;Thalassiosira gracilis;Thalassiosira gracilis var. expecta				Y																																							0	0	F	BLACK			
NBNORG0000062057	NHMSYS0000547784	Chromista		Bacillariophyceae	Coscinodiscales	Coscinodiscaceae	Coscinodiscus	Coscinodiscus granii	Gough, 1905	Species					Y																																							8	0	E	RED		OTU_000773;OTU_002777	Coscinodiscus concinnus
NBNORG0000115564	NHMSYS0021058171	Chromista		Bacillariophyceae	Coscinodiscales	Coscinodiscaceae	Coscinodiscus	Coscinodiscus marginatus	Ehrenberg, 1844	Species					Y																																							0	0	F	BLACK			
NBNORG0000062058	NHMSYS0000547785	Chromista		Bacillariophyceae	Coscinodiscales	Coscinodiscaceae	Coscinodiscus	Coscinodiscus nobilis		Species																																												0	0	F	BLACK			
NBNORG0000062059	NHMSYS0000547786	Chromista		Bacillariophyceae	Coscinodiscales	Coscinodiscaceae	Coscinodiscus	Coscinodiscus obscurus	Schmidt, 1878	Species																																												0	0	F	BLACK			
NBNORG0000115572	NHMSYS0021058172	Chromista		Bacillariophyceae	Coscinodiscales	Coscinodiscaceae	Coscinodiscus	Coscinodiscus oculus-iridis	(Ehrenberg) Ehrenberg, 1840	Species					Y																																							0	0	F	BLACK			
NBNORG0000115581	NHMSYS0021058173	Chromista		Bacillariophyceae	Coscinodiscales	Coscinodiscaceae	Coscinodiscus	Coscinodiscus pavillardii	Forti, 1922	Species					Y																																							0	0	F	BLACK			
NBNORG0000062061	NHMSYS0000547788	Chromista		Bacillariophyceae	Coscinodiscales	Coscinodiscaceae	Coscinodiscus	Coscinodiscus perforatus	Ehrenberg, 1844	Species					Y																																							0	0	F	BLACK			
NBNORG0000062062	NHMSYS0000547789	Chromista		Bacillariophyceae	Coscinodiscales	Coscinodiscaceae	Coscinodiscus	Coscinodiscus radiatus	Ehrenberg, 1840	Species					Y																																							2	0	C	GREEN		OTU_000178;OTU_002182	
NBNORG0000125375	NHMSYS0021199525	Chromista		Bacillariophyceae	Coscinodiscales	Coscinodiscaceae	Coscinodiscus	Coscinodiscus sol	C.G.Wallich, 1860	Species	Planktoniella sol		Y	Y																																								1	0	D	BLUE		OTU_002184	
NBNORG0000125779	NHMSYS0021201433	Chromista		Bacillariophyceae	Coscinodiscales	Coscinodiscaceae	Coscinodiscus	Coscinodiscus stellaris	Tempère & Peragallo, 1912	Species	Coscinodiscus stellaris var. stellaris				Y																																							0	0	F	BLACK			
NBNORG0000115571	NHMSYS0021058174	Chromista		Bacillariophyceae	Coscinodiscales	Coscinodiscaceae	Coscinodiscus	Coscinodiscus subbulliens	E.G.Jörgensen, 1905	Species					Y																																							0	0	F	BLACK			
NBNORG0000115570	NHMSYS0021058175	Chromista		Bacillariophyceae	Coscinodiscales	Coscinodiscaceae	Coscinodiscus	Coscinodiscus wailesii	Gran & Angst, 1931	Species		Y			Y																																							2	0	E	RED		OTU_001197;OTU_003201	Coscinodiscus sp.
NBNORG0000125528	NHMSYS0021200287	Chromista		Bacillariophyceae	Thalassiosirales	Thalassiosiraceae	Coscinosira	Coscinosira oestrupii	Ostenfeld, 1900	Species	Shionodiscus oestrupii;Thalassiosira oestrupii				Y																																							1	0	D	BLUE		OTU_002146	
NBNORG0000066098	NHMSYS0000601709	Chromista		Bacillariophyceae	Naviculales	Cosmioneidaceae	Cosmioneis	Cosmioneis delawarensis	(Grunow ex Cleve) D.G. Mann in Round et al., 1990	Species																																												0	0	F	BLACK			
NBNORG0000066099	NHMSYS0000601710	Chromista		Bacillariophyceae	Naviculales	Cosmioneidaceae	Cosmioneis	Cosmioneis grossepunctata	(Hust.) D.G. Mann in Round et al., 1990	Species																																												0	0	F	BLACK			
NBNORG0000066100	NHMSYS0000601711	Chromista		Bacillariophyceae	Naviculales	Cosmioneidaceae	Cosmioneis	Cosmioneis lundstroemii	(Cleve in Cleve et Grunow) D.G. Mann in Round et al., 1990	Species																																												0	0	F	BLACK			
NBNORG0000066101	NHMSYS0000601712	Chromista		Bacillariophyceae	Naviculales	Cosmioneidaceae	Cosmioneis	Cosmioneis pusilla	(W. Sm.) D.G. Mann et A.J. Stickle in Round et al., 1990	Species																																												0	0	F	BLACK			
NBNORG0000066110	NHMSYS0000601722	Chromista		Bacillariophyceae	Thalassiosirales	Stephanodiscaceae	Crateriportula	Crateriportula inconspicuus	(Mak. et Pom.) Flower et Håk.	Species																																												0	0	F	BLACK			
NBNORG0000066112	NHMSYS0000601725	Chromista		Bacillariophyceae	Naviculales	Stauroneidaceae	Craticula	Craticula accomoda	(Hust.) D.G. Mann in Round et al., 1990	Species	Navicula accomoda																																											2	0	C	GREEN		OTU_001653;OTU_003657	
NBNORG0000066113	NHMSYS0000601726	Chromista		Bacillariophyceae	Naviculales	Stauroneidaceae	Craticula	Craticula accomodiformis	Lange-Bert., 1993	Species																																												0	0	F	BLACK			
NBNORG0000066114	NHMSYS0000601727	Chromista		Bacillariophyceae	Naviculales	Stauroneidaceae	Craticula	Craticula ambigua	(Ehrenb.) D.G. Mann in Round et al., 1990	Species	Navicula ambigua																																											0	0	F	BLACK			
NBNORG0000122374	NHMSYS0021165303	Chromista		Bacillariophyceae	Naviculales	Stauroneidaceae	Craticula	Craticula buderi	(Hustedt) Lange-Bertalot in Rumrich et al., 2000	Species			Y																																									0	0	F	BLACK			
NBNORG0000066115	NHMSYS0000601728	Chromista		Bacillariophyceae	Naviculales	Stauroneidaceae	Craticula	Craticula cuspidata	(Kütz.) D.G. Mann in Round et al., 1990	Species	Craticula cuspidata var. heribaudi;Frustulia cuspidata;Navicula cuspidata																																											13	0	C	GREEN		OTU_000196;OTU_000823;OTU_001731;OTU_002200;OTU_002827;OTU_003735	
NBNORG0000066116	NHMSYS0000601729	Chromista		Bacillariophyceae	Naviculales	Stauroneidaceae	Craticula	Craticula halophila	(Grunow ex Van Heurck) D.G. Mann in Round et al., 1990	Species	Craticula halophila form robusta;Craticula halophila form tenuirostris;Navicula cuspidata var. halophila;Navicula halophila																																											2	0	C	GREEN		OTU_000815;OTU_002819	
NBNORG0000106879	NHMSYS0020954918	Chromista		Bacillariophyceae	Naviculales	Stauroneidaceae	Craticula	Craticula halophilioides	(Hustedt) Lange-Bertalot, 2001	Species																																												0	0	F	BLACK			
NBNORG0000122679	NHMSYS0021167630	Chromista		Bacillariophyceae	Naviculales	Stauroneidaceae	Craticula	Craticula importuna	(Hustedt) K. Bruder & Hinz in K. Bruder & L.K. Medlin, 2008	Species																																												2	0	C	GREEN		OTU_003768;OTU_003981	
NBNORG0000106880	NHMSYS0020954919	Chromista		Bacillariophyceae	Naviculales	Stauroneidaceae	Craticula	Craticula minusculoides	(Hustedt) Lange-Bertalot, 2001	Species																																												0	0	F	BLACK			
NBNORG0000106881	NHMSYS0020954920	Chromista		Bacillariophyceae	Naviculales	Stauroneidaceae	Craticula	Craticula molestiformis	(Hustedt) Mayama, 1999	Species																																												4	0	C	GREEN		OTU_001630;OTU_002945;OTU_003634;OTU_003747	
NBNORG0000066119	NHMSYS0000601732	Chromista		Bacillariophyceae	Naviculales	Stauroneidaceae	Craticula	Craticula perrotettii	Grunow, 1868	Species	Navicula perrotettii																																											0	0	F	BLACK			
NBNORG0000066120	NHMSYS0000601733	Chromista		Bacillariophyceae	Naviculales	Stauroneidaceae	Craticula	Craticula riparia	(Hust.) Lange-Bert., 1993	Species	Craticula riparia var. mollenhaueri;Navicula riparia																																											0	0	F	BLACK			
NBNORG0000066122	NHMSYS0000601735	Chromista		Bacillariophyceae	Naviculales	Stauroneidaceae	Craticula	Craticula subhalophila	(Hust.) Lange-Bert., 1993	Species																																												0	0	F	BLACK			
NBNORG0000122375	NHMSYS0021165220	Chromista		Bacillariophyceae	Naviculales	Stauroneidaceae	Craticula	Craticula subminuscula	(Manguin) C.E.Wetzel & L.Ector in Wetzel et al., 2015: 229	Species			Y																																									3	0	C	GREEN		OTU_000515;OTU_002519;OTU_003980	
NBNORG0000106882	NHMSYS0020954921	Chromista		Bacillariophyceae	Naviculales	Stauroneidaceae	Craticula	Craticula submolesta	(Hustedt) Lange-Bertalot in Lange-Bertalot & Metzeltin, 1996	Species																																												0	0	F	BLACK			
NBNORG0000066123	NHMSYS0000601736	Chromista		Bacillariophyceae	Naviculales	Stauroneidaceae	Craticula	Craticula vixnegligenda	Lange-Bert., 1993	Species																																												0	0	F	BLACK			
NBNORG0000066124	NHMSYS0000601737	Chromista		Bacillariophyceae	Naviculales	Stauroneidaceae	Craticula	Craticula vixvisibilis	(Hust.) Lange-Bert., 1993	Species	Craticula vixvisibilis var. distinctior;Navicula vixvisibilis																																											0	0	F	BLACK			
NBNORG0000066149	NHMSYS0000601778	Chromista		Bacillariophyceae	Fragilariales	Fragilariaceae	Ctenophora	Ctenophora pulchella	(Ralfs ex Kütz.) D.M. Williams et Round, 1986	Species	Ctenophora pulchella var. lanceolata;Fragilaria pulchella;Synedra pulchella																																											1	0	D	GREEN		OTU_002222	
NBNORG0000066164	NHMSYS0000601798	Chromista		Bacillariophyceae	Thalassiosirales	Stephanodiscaceae	Cyclostephanos	Cyclostephanos costatilimbus	(H.Kobay. et H.Kobay.) Stoermer	Species																																												0	0	F	BLACK			
NBNORG0000066165	NHMSYS0000601799	Chromista		Bacillariophyceae	Thalassiosirales	Stephanodiscaceae	Cyclostephanos	Cyclostephanos damasi	(Hust.) Stoermer et Håk.	Species																																												0	0	F	BLACK			
NBNORG0000066166	NHMSYS0000601800	Chromista		Bacillariophyceae	Thalassiosirales	Stephanodiscaceae	Cyclostephanos	Cyclostephanos delicatus	(Genkel) Casper et Scheffler	Species																																												3	0	B	GREEN		OTU_000159	
NBNORG0000066167	NHMSYS0000601801	Chromista		Bacillariophyceae	Thalassiosirales	Stephanodiscaceae	Cyclostephanos	Cyclostephanos dubius	(Fricke) Round	Species																																												4	0	C	GREEN		OTU_000192;OTU_002196	
NBNORG0000066168	NHMSYS0000601802	Chromista		Bacillariophyceae	Thalassiosirales	Stephanodiscaceae	Cyclostephanos	Cyclostephanos invisitatus	(Hohn. et Hellermann) Theriot, Stoermer et Håk.	Species	Stephanodiscus hantzschii var. striator																																											8	0	C	GREEN		OTU_000160;OTU_002164	
NBNORG0000066169	NHMSYS0000601803	Chromista		Bacillariophyceae	Thalassiosirales	Stephanodiscaceae	Cyclostephanos	Cyclostephanos novaezeelandiae	(Cleve) Round	Species																																												0	0	F	BLACK			
NBNORG0000066170	NHMSYS0000601804	Chromista		Bacillariophyceae	Thalassiosirales	Stephanodiscaceae	Cyclostephanos	Cyclostephanos tholiformis	Stoermer, Håk. et Theriot	Species																																												1	0	D	GREEN		OTU_002163	
NBNORG0000066172	NHMSYS0000601806	Chromista		Bacillariophyceae	Thalassiosirales	Stephanodiscaceae	Cyclotella	Cyclotella agassizensis	Halkansson et Kling	Species																																												0	0	F	BLACK			
NBNORG0000066173	NHMSYS0000601807	Chromista		Bacillariophyceae	Thalassiosirales	Stephanodiscaceae	Cyclotella	Cyclotella antiqua	W.Sm.	Species																																												0	0	F	BLACK			
NBNORG0000066174	NHMSYS0000601809	Chromista		Bacillariophyceae	Thalassiosirales	Stephanodiscaceae	Cyclotella	Cyclotella areolata	Hust.	Species																																												0	0	F	BLACK			
NBNORG0000115442	NHMSYS0021058264	Chromista		Bacillariophyceae	Thalassiosirales	Stephanodiscaceae	Cyclotella	Cyclotella atomus	Hustedt, 1937	Species			Y																																									0	0	F	BLACK			
NBNORG0000066176	NHMSYS0000601811	Chromista		Bacillariophyceae	Thalassiosirales	Stephanodiscaceae	Cyclotella	Cyclotella austriaca	(M.Perag.) Hust.	Species																																												0	0	F	BLACK			
NBNORG0000066177	NHMSYS0000601812	Chromista		Bacillariophyceae	Thalassiosirales	Stephanodiscaceae	Cyclotella	Cyclotella azigzensis	Flower, Gasse et Håk.	Species																																												0	0	F	BLACK			
NBNORG0000066178	NHMSYS0000601813	Chromista		Bacillariophyceae	Thalassiosirales	Stephanodiscaceae	Cyclotella	Cyclotella baikalensis	Skvortsov	Species																																												0	0	F	BLACK			
NBNORG0000066179	NHMSYS0000601814	Chromista		Bacillariophyceae	Thalassiosirales	Stephanodiscaceae	Cyclotella	Cyclotella bastowii	J.R.Carter	Species																																												0	0	F	BLACK			
NBNORG0000066180	NHMSYS0000601815	Chromista		Bacillariophyceae	Thalassiosirales	Stephanodiscaceae	Cyclotella	Cyclotella bodanica	Eulenstein ex Grunow	Species	Cyclotella bodanica var. affinis;Cyclotella bodanica var. lemanica																																											0	0	F	BLACK			
NBNORG0000066183	NHMSYS0000601819	Chromista		Bacillariophyceae	Thalassiosirales	Stephanodiscaceae	Cyclotella	Cyclotella bornata	(Skvortsov) Flower	Species																																												0	0	F	BLACK			
NBNORG0000066185	NHMSYS0000601821	Chromista		Bacillariophyceae	Thalassiosirales	Stephanodiscaceae	Cyclotella	Cyclotella catenata	(Brun) Bachm.	Species																																												0	0	F	BLACK			
NBNORG0000115052	NHMSYS0021058265	Chromista		Bacillariophyceae	Thalassiosirales	Stephanodiscaceae	Cyclotella	Cyclotella choctawhatcheeana	Prasad, 1990	Species	Cyclotella caspia				Y																																							0	0	F	BLACK			
NBNORG0000066186	NHMSYS0000601822	Chromista		Bacillariophyceae	Thalassiosirales	Stephanodiscaceae	Cyclotella	Cyclotella comensis	Grunow	Species																																												0	0	F	BLACK			
NBNORG0000122672	NHMSYS0021167636	Chromista		Bacillariophyceae	Thalassiosirales	Stephanodiscaceae	Cyclotella	Cyclotella cryptica	Reimann, J.C.Lewin & Guillard, 1963	Species																																												1	0	D	GREEN		OTU_003042	
NBNORG0000066187	NHMSYS0000601825	Chromista		Bacillariophyceae	Thalassiosirales	Stephanodiscaceae	Cyclotella	Cyclotella cyclopuncta	Håk. et J.R.Carter	Species																																												0	0	F	BLACK			
NBNORG0000066188	NHMSYS0000601826	Chromista		Bacillariophyceae	Thalassiosirales	Stephanodiscaceae	Cyclotella	Cyclotella delicatissima	J.R.Carter	Species																																												0	0	F	BLACK			
NBNORG0000066189	NHMSYS0000601827	Chromista		Bacillariophyceae	Thalassiosirales	Stephanodiscaceae	Cyclotella	Cyclotella delicatula	Hust.	Species																																												0	0	F	BLACK			
NBNORG0000066190	NHMSYS0000601828	Chromista		Bacillariophyceae	Thalassiosirales	Stephanodiscaceae	Cyclotella	Cyclotella distinguenda	Hust.	Species	Cyclotella distinguenda var. mesoleia;Cyclotella distinguenda var. unipunctata;Cyclotella tecta																																											2	0	E	RED		OTU_000138;OTU_002142	Cyclotella bifacialis;Cyclotella plitvicensis
NBNORG0000066193	NHMSYS0000601831	Chromista		Bacillariophyceae	Thalassiosirales	Stephanodiscaceae	Cyclotella	Cyclotella elgeri	Hust.	Species																																												0	0	F	BLACK			
NBNORG0000066194	NHMSYS0000601832	Chromista		Bacillariophyceae	Thalassiosirales	Stephanodiscaceae	Cyclotella	Cyclotella fottii	Hust.	Species																																												2	0	C	GREEN		OTU_001593;OTU_003597	
NBNORG0000066195	NHMSYS0000601833	Chromista		Bacillariophyceae	Thalassiosirales	Stephanodiscaceae	Cyclotella	Cyclotella gamma	Sovereign	Species																																												0	0	F	BLACK			
NBNORG0000066196	NHMSYS0000601834	Chromista		Bacillariophyceae	Thalassiosirales	Stephanodiscaceae	Cyclotella	Cyclotella glabriuscula	(Grunow) Håk.	Species																																												0	0	F	BLACK			
NBNORG0000066197	NHMSYS0000601835	Chromista		Bacillariophyceae	Thalassiosirales	Stephanodiscaceae	Cyclotella	Cyclotella glomerata	H.Bachm.	Species																																												2	0	E	RED		OTU_001303	Discostella sp.
NBNORG0000106883	NHMSYS0020954924	Chromista		Bacillariophyceae	Thalassiosirales	Stephanodiscaceae	Cyclotella	Cyclotella gordonensis	Kling & Hakansson, 1988	Species																																												0	0	F	BLACK			
NBNORG0000066198	NHMSYS0000601836	Chromista		Bacillariophyceae	Thalassiosirales	Stephanodiscaceae	Cyclotella	Cyclotella hakanssoniae	Wendker	Species																																												0	0	F	BLACK			
NBNORG0000066199	NHMSYS0000601837	Chromista		Bacillariophyceae	Thalassiosirales	Stephanodiscaceae	Cyclotella	Cyclotella iris	Brun et Hérib.-Jos.	Species																																												0	0	F	BLACK			
NBNORG0000066200	NHMSYS0000601838	Chromista		Bacillariophyceae	Thalassiosirales	Stephanodiscaceae	Cyclotella	Cyclotella krammeri	Håk.	Species																																												0	0	F	BLACK			
NBNORG0000066202	NHMSYS0000601842	Chromista		Bacillariophyceae	Thalassiosirales	Stephanodiscaceae	Cyclotella	Cyclotella kurdica	Håk.	Species																																												0	0	F	BLACK			
NBNORG0000122673	NHMSYS0021167642	Chromista		Bacillariophyceae	Thalassiosirales	Stephanodiscaceae	Cyclotella	Cyclotella litoralis	Lange & Syvertsen, 1989	Species																																												0	0	F	BLACK			
NBNORG0000066203	NHMSYS0000601843	Chromista		Bacillariophyceae	Thalassiosirales	Stephanodiscaceae	Cyclotella	Cyclotella meduanae	H.Germ.	Species																																												0	0	F	BLACK			
NBNORG0000066204	NHMSYS0000601844	Chromista		Bacillariophyceae	Thalassiosirales	Stephanodiscaceae	Cyclotella	Cyclotella meneghiniana	Kütz.	Species	Cyclotella meneghiniana var. pumila;Cyclotella meneghiniana var. stigmata																																											0	0	F	BLACK			
NBNORG0000066207	NHMSYS0000601847	Chromista		Bacillariophyceae	Thalassiosirales	Stephanodiscaceae	Cyclotella	Cyclotella michiganiana	Skvortsov	Species																																												0	0	F	BLACK			
NBNORG0000066208	NHMSYS0000601850	Chromista		Bacillariophyceae	Thalassiosirales	Stephanodiscaceae	Cyclotella	Cyclotella ocellata	Pant.	Species	Cyclotella kuetzingiana var. planetophora																																											0	0	F	BLACK			
NBNORG0000066209	NHMSYS0000601852	Chromista		Bacillariophyceae	Thalassiosirales	Stephanodiscaceae	Cyclotella	Cyclotella papillosa	O'Meara	Species																																												0	0	F	BLACK			
NBNORG0000066210	NHMSYS0000601853	Chromista		Bacillariophyceae	Thalassiosirales	Stephanodiscaceae	Cyclotella	Cyclotella planctonica	Brunnth.	Species																																												0	0	F	BLACK			
NBNORG0000066211	NHMSYS0000601854	Chromista		Bacillariophyceae	Thalassiosirales	Stephanodiscaceae	Cyclotella	Cyclotella plitvicensis	Hust.	Species																																												4	0	E	RED		OTU_000138	Cyclotella bifacialis;Cyclotella distinguenda
NBNORG0000066212	NHMSYS0000601855	Chromista		Bacillariophyceae	Thalassiosirales	Stephanodiscaceae	Cyclotella	Cyclotella praetermissa	J.W.G.Lund	Species																																												0	0	F	BLACK			
NBNORG0000066214	NHMSYS0000601858	Chromista		Bacillariophyceae	Thalassiosirales	Stephanodiscaceae	Cyclotella	Cyclotella quillensis	L.W.Bailey	Species																																												0	0	F	BLACK			
NBNORG0000066215	NHMSYS0000601859	Chromista		Bacillariophyceae	Thalassiosirales	Stephanodiscaceae	Cyclotella	Cyclotella radiosa	(Grunow) Lemmerm.	Species	Cyclotella comta																																											0	0	F	BLACK			
NBNORG0000066272	NHMSYS0000601940	Chromista		Bacillariophyceae	Thalassiosirales	Stephanodiscaceae	Cyclotella	Cyclotella rossii	Håk.	Species	Cyclotella comta var. oligactis;Cyclotella kuetzingina var. radiosa																																											0	0	F	BLACK			
NBNORG0000066273	NHMSYS0000601941	Chromista		Bacillariophyceae	Thalassiosirales	Stephanodiscaceae	Cyclotella	Cyclotella schroeteri	Lemmerm.	Species	Cyclotella quadrijuncta																																											0	0	F	BLACK			
NBNORG0000066274	NHMSYS0000601942	Chromista		Bacillariophyceae	Thalassiosirales	Stephanodiscaceae	Cyclotella	Cyclotella schumannii	(Grunow) Håk.	Species																																												0	0	F	BLACK			
NBNORG0000066275	NHMSYS0000601943	Chromista		Bacillariophyceae	Thalassiosirales	Stephanodiscaceae	Cyclotella	Cyclotella sevillana	Deby	Species																																												0	0	F	BLACK			
NBNORG0000066276	NHMSYS0000601944	Chromista		Bacillariophyceae	Thalassiosirales	Stephanodiscaceae	Cyclotella	Cyclotella sexnotata	Deby	Species																																												0	0	F	BLACK			
NBNORG0000066277	NHMSYS0000601945	Chromista		Bacillariophyceae	Thalassiosirales	Stephanodiscaceae	Cyclotella	Cyclotella socialis	Schütt	Species																																												0	0	F	BLACK			
NBNORG0000066278	NHMSYS0000601946	Chromista		Bacillariophyceae	Thalassiosirales	Stephanodiscaceae	Cyclotella	Cyclotella stelligera	(Cleve et Grunow) Van Heurck	Species																																												0	0	F	BLACK			
NBNORG0000066279	NHMSYS0000601947	Chromista		Bacillariophyceae	Thalassiosirales	Stephanodiscaceae	Cyclotella	Cyclotella stelligeroides	Hust.	Species																																												0	0	F	BLACK			
NBNORG0000066280	NHMSYS0000601948	Chromista		Bacillariophyceae	Thalassiosirales	Stephanodiscaceae	Cyclotella	Cyclotella striata	(Kütz.) Grunow	Species	Cyclotella striata var. ambigua;Cyclotella striata var. bipunctata;Cyclotella stylorum																																											0	0	F	BLACK			
NBNORG0000066283	NHMSYS0000601952	Chromista		Bacillariophyceae	Thalassiosirales	Stephanodiscaceae	Cyclotella	Cyclotella styriaca	Hust.	Species																																												0	0	F	BLACK			
NBNORG0000066284	NHMSYS0000601954	Chromista		Bacillariophyceae	Thalassiosirales	Stephanodiscaceae	Cyclotella	Cyclotella trichonidea	Economou-Amilli	Species	Cyclotella trichonidea var. parva																																											0	0	F	BLACK			
NBNORG0000066286	NHMSYS0000601956	Chromista		Bacillariophyceae	Thalassiosirales	Stephanodiscaceae	Cyclotella	Cyclotella tripartita	Håk.	Species																																												0	0	F	BLACK			
NBNORG0000066287	NHMSYS0000601957	Chromista		Bacillariophyceae	Thalassiosirales	Stephanodiscaceae	Cyclotella	Cyclotella vorticosa	A.Berg	Species																																												0	0	F	BLACK			
NBNORG0000066288	NHMSYS0000601958	Chromista		Bacillariophyceae	Thalassiosirales	Stephanodiscaceae	Cyclotella	Cyclotella woltereckii	Hust.	Species																																												0	0	F	BLACK			
NBNORG0000066289	NHMSYS0000601959	Chromista		Bacillariophyceae	Thalassiosirales	Stephanodiscaceae	Cyclotella	Cyclotella wuethrichiana	Druart et Straub	Species																																												0	0	F	BLACK			
NBNORG0000066318	NHMSYS0000601993	Chromista		Bacillariophyceae	Bacillariales	Bacillariaceae	Cylindrotheca	Cylindrotheca fusiformis	Reimann et Lewin, 1964	Species																																												2	0	D	GREEN		OTU_000365	
NBNORG0000115747	NHMSYS0021057974	Chromista		Bacillariophyceae	Bacillariales	Bacillariaceae	Cylindrotheca	Cylindrotheca gracilis	(Brébisson ex Kützing) Grunow, 1882	Species					Y																																							0	0	F	BLACK			
NBNORG0000066321	NHMSYS0000601996	Chromista		Bacillariophyceae	Surirellales	Surirellaceae	Cymatopleura	Cymatopleura brunii	Petit ex Brun, 1895	Species																																												0	0	F	BLACK			
NBNORG0000066322	NHMSYS0000601997	Chromista		Bacillariophyceae	Surirellales	Surirellaceae	Cymatopleura	Cymatopleura elliptica	(Bréb.) W. Sm., 1857	Species	Cymatopleura elliptica form apiculata;Cymatopleura elliptica var. constricta;Cymatopleura elliptica var. hibernica;Cymatopleura elliptica var. nobilis																																											0	0	F	BLACK			
NBNORG0000066327	NHMSYS0000602003	Chromista		Bacillariophyceae	Surirellales	Surirellaceae	Cymatopleura	Cymatopleura librile	(Ehrenb.) Pant., 1902	Species	Cymatopleura librile var. apiculata;Cymatopleura solea																																											0	0	F	BLACK			
NBNORG0000115059	NHMSYS0021058212	Chromista		Bacillariophyceae	Cymatosirales	Cymatosiraceae	Cymatosira	Cymatosira lorenziana	Grunow, 1862	Species																																												3	0	C	GREEN		OTU_000989;OTU_002993	
NBNORG0000066330	NHMSYS0000602009	Chromista		Bacillariophyceae	Cymbellales	Cymbellaceae	Cymbella	Cymbella acutiuscula	Cleve, 1894	Species	Cymbella acutiuscula var. minor																																											0	0	F	BLACK			
NBNORG0000066332	NHMSYS0000602011	Chromista		Bacillariophyceae	Cymbellales	Cymbellaceae	Cymbella	Cymbella aequalis	W. Sm. ex Grev., 1855	Species	Cymbella obtusa;Cymbella pisciculus																																											0	0	F	BLACK			
NBNORG0000066333	NHMSYS0000602012	Chromista		Bacillariophyceae	Cymbellales	Cymbellaceae	Cymbella	Cymbella affinis	Kütz., 1844	Species																																												0	0	F	BLACK			
NBNORG0000066334	NHMSYS0000602014	Chromista		Bacillariophyceae	Cymbellales	Cymbellaceae	Cymbella	Cymbella amphicephala	Nägeli ex Kütz., 1849	Species	Cymbella amphicephala var. citrus;Cymbella amphicephala var. hercynica																																											0	0	F	BLACK			
NBNORG0000066337	NHMSYS0000602017	Chromista		Bacillariophyceae	Cymbellales	Cymbellaceae	Cymbella	Cymbella amphioxys	(Kütz.) Cleve, 1894	Species																																												0	0	F	BLACK			
NBNORG0000066338	NHMSYS0000602019	Chromista		Bacillariophyceae	Cymbellales	Cymbellaceae	Cymbella	Cymbella angustata	(W. Sm.) Cleve, 1894	Species																																												0	0	F	BLACK			
NBNORG0000066339	NHMSYS0000602020	Chromista		Bacillariophyceae	Cymbellales	Cymbellaceae	Cymbella	Cymbella aspera	(Ehrenb.) H. Perag.	Species	Cymbella aspera var. gigas;Cymbella aspera var. incerta;Cymbella aspera var. minor																																											7	0	C	GREEN		OTU_000768;OTU_002772	
NBNORG0000066343	NHMSYS0000602024	Chromista		Bacillariophyceae	Cymbellales	Cymbellaceae	Cymbella	Cymbella austriaca	Grunow in A. Schmidt et al., 1876	Species	Cymbella austriaca var. erdoebenyiana																																											0	0	F	BLACK			
NBNORG0000122380	NHMSYS0021165319	Chromista		Bacillariophyceae	Cymbellales	Cymbellaceae	Cymbella	Cymbella baicalensis	Skvortzow & Meyer, 1928	Species			Y																																									1	0	D	GREEN		OTU_002784	
NBNORG0000066345	NHMSYS0000602026	Chromista		Bacillariophyceae	Cymbellales	Cymbellaceae	Cymbella	Cymbella bernensis	F. Meister, 1912	Species																																												0	0	F	BLACK			
NBNORG0000066346	NHMSYS0000602032	Chromista		Bacillariophyceae	Cymbellales	Cymbellaceae	Cymbella	Cymbella cesatii	(Rabenh.) Grunow in A. Schmidt, 1881	Species																																												0	0	F	BLACK			
NBNORG0000066347	NHMSYS0000602034	Chromista		Bacillariophyceae	Cymbellales	Cymbellaceae	Cymbella	Cymbella cistula	(Ehrenb.) Kirchn., 1878	Species	Cymbella cistula var. maculata																																											1	0	D	GREEN		OTU_003873	
NBNORG0000066349	NHMSYS0000602036	Chromista		Bacillariophyceae	Cymbellales	Cymbellaceae	Cymbella	Cymbella citrus	J.R. Carter et Bailey-Watts, 1981	Species																																												0	0	F	BLACK			
NBNORG0000066350	NHMSYS0000602037	Chromista		Bacillariophyceae	Cymbellales	Cymbellaceae	Cymbella	Cymbella cornuta	(Ehrenb.) R. Ross, 1950	Species																																												0	0	F	BLACK			
NBNORG0000066351	NHMSYS0000602038	Chromista		Bacillariophyceae	Cymbellales	Cymbellaceae	Cymbella	Cymbella cucumis	A. Schmidt, 1875	Species																																												0	0	F	BLACK			
NBNORG0000066352	NHMSYS0000602039	Chromista		Bacillariophyceae	Cymbellales	Cymbellaceae	Cymbella	Cymbella cuspidata	Kütz., 1844	Species																																												0	0	F	BLACK			
NBNORG0000066353	NHMSYS0000602040	Chromista		Bacillariophyceae	Cymbellales	Cymbellaceae	Cymbella	Cymbella cymbiformis	Agardh, 1830	Species	Cymbella cymbiformis var. nonpunctata																																											0	0	F	BLACK			
NBNORG0000066355	NHMSYS0000602042	Chromista		Bacillariophyceae	Cymbellales	Cymbellaceae	Cymbella	Cymbella delicatula	Kütz., 1849	Species																																												0	0	F	BLACK			
NBNORG0000066356	NHMSYS0000602043	Chromista		Bacillariophyceae	Cymbellales	Cymbellaceae	Cymbella	Cymbella descripta	(Hust.) Krammer et Lange-Bert., 1985	Species	Cymbella broenlundensis;Cymbella cesatii var. capitata																																											0	0	F	BLACK			
NBNORG0000066357	NHMSYS0000602044	Chromista		Bacillariophyceae	Cymbellales	Cymbellaceae	Cymbella	Cymbella designata	Krammer, 1985	Species																																												0	0	F	BLACK			
NBNORG0000066358	NHMSYS0000602047	Chromista		Bacillariophyceae	Cymbellales	Cymbellaceae	Cymbella	Cymbella dorse-notata	Østrup, 1910	Species																																												0	0	F	BLACK			
NBNORG0000066359	NHMSYS0000602048	Chromista		Bacillariophyceae	Cymbellales	Cymbellaceae	Cymbella	Cymbella ehrenbergii	Kütz., 1844	Species																																												0	0	F	BLACK			
NBNORG0000122381	NHMSYS0021165318	Chromista		Bacillariophyceae	Cymbellales	Cymbellaceae	Cymbella	Cymbella excisa	Kützing, 1844	Species			Y																																									5	1	C	GREEN		OTU_001720;OTU_002392;OTU_003419;OTU_003724;OTU_003977	
NBNORG0000066360	NHMSYS0000602050	Chromista		Bacillariophyceae	Cymbellales	Cymbellaceae	Cymbella	Cymbella falaisensis	(Grunow) Krammer et Lange-Bert., 1985	Species	Cymbella diavola																																											0	0	F	BLACK			
NBNORG0000066361	NHMSYS0000602053	Chromista		Bacillariophyceae	Cymbellales	Cymbellaceae	Cymbella	Cymbella gaeumannii	F. Meister, 1934	Species																																												0	0	F	BLACK			
NBNORG0000066362	NHMSYS0000602057	Chromista		Bacillariophyceae	Cymbellales	Cymbellaceae	Cymbella	Cymbella helvetica	Kütz., 1844	Species	Cymbella helvetica var. compacta;Cymbella helvetica var. gracilis																																											1	0	D	GREEN		OTU_002920	
NBNORG0000122382	NHMSYS0021165320	Chromista		Bacillariophyceae	Cymbellales	Cymbellaceae	Cymbella	Cymbella heterogibbosa	H.Kobayasi & Mayama in Mayama et al., 2002	Species			Y																																									0	0	F	BLACK			
NBNORG0000066365	NHMSYS0000602060	Chromista		Bacillariophyceae	Cymbellales	Cymbellaceae	Cymbella	Cymbella heteropleura	(Ehrenb.) Kütz., 1844	Species																																												0	0	F	BLACK			
NBNORG0000066366	NHMSYS0000602062	Chromista		Bacillariophyceae	Cymbellales	Cymbellaceae	Cymbella	Cymbella hustedtii	Krasske, 1923	Species																																												0	0	F	BLACK			
NBNORG0000066367	NHMSYS0000602063	Chromista		Bacillariophyceae	Cymbellales	Cymbellaceae	Cymbella	Cymbella hybrida	Grunow ex Cleve	Species																																												0	0	F	BLACK			
NBNORG0000066369	NHMSYS0000602067	Chromista		Bacillariophyceae	Cymbellales	Cymbellaceae	Cymbella	Cymbella incerta	Grunow	Species	Cymbella incerta var. crassipunctata																																											0	0	F	BLACK			
NBNORG0000122383	NHMSYS0021165321	Chromista		Bacillariophyceae	Cymbellales	Cymbellaceae	Cymbella	Cymbella janischii	(Schmidt in Schmidt et al.) Cleve, 1894	Species			Y																																									2	0	E	RED		OTU_000301;OTU_002305	Cymbella mexicana
NBNORG0000066371	NHMSYS0000602072	Chromista		Bacillariophyceae	Cymbellales	Cymbellaceae	Cymbella	Cymbella laevis	Nägeli in Kütz., 1849	Species																																												0	0	F	BLACK			
NBNORG0000066372	NHMSYS0000602073	Chromista		Bacillariophyceae	Cymbellales	Cymbellaceae	Cymbella	Cymbella lanceolata	(Ehrenb.) Kirchn., 1878	Species																																												2	0	C	GREEN		OTU_002685;OTU_003772	
NBNORG0000066373	NHMSYS0000602074	Chromista		Bacillariophyceae	Cymbellales	Cymbellaceae	Cymbella	Cymbella lapponica	Grunow ex Cleve, 1894	Species																																												0	0	F	BLACK			
NBNORG0000066374	NHMSYS0000602075	Chromista		Bacillariophyceae	Cymbellales	Cymbellaceae	Cymbella	Cymbella lata	Grunow ex Cleve, 1894	Species																																												0	0	F	BLACK			
NBNORG0000066375	NHMSYS0000602077	Chromista		Bacillariophyceae	Cymbellales	Cymbellaceae	Cymbella	Cymbella leptoceros	(Ehrenb.) Kütz., 1844	Species	Cymbella leptoceros var. angusta;Cymbella leptoceros var. excisa																																											0	0	F	BLACK			
NBNORG0000066378	NHMSYS0000602080	Chromista		Bacillariophyceae	Cymbellales	Cymbellaceae	Cymbella	Cymbella linearis	Østrup, 1918	Species																																												0	0	F	BLACK			
NBNORG0000122384	NHMSYS0021165322	Chromista		Bacillariophyceae	Cymbellales	Cymbellaceae	Cymbella	Cymbella mexicana	(Ehrenberg) Cleve, 1894	Species			Y																																									1	0	E	RED		OTU_000301	Cymbella janischii
NBNORG0000066379	NHMSYS0000602083	Chromista		Bacillariophyceae	Cymbellales	Cymbellaceae	Cymbella	Cymbella microcephala	Grunow, 1880	Species	Cymbella microcephala form microcephala;Cymbella microcephala form robusta																																											0	0	F	BLACK			
NBNORG0000066381	NHMSYS0000602086	Chromista		Bacillariophyceae	Cymbellales	Cymbellaceae	Cymbella	Cymbella moelleriana	Grunow in A. Schmidt et al., 1875	Species																																												0	0	F	BLACK			
NBNORG0000066382	NHMSYS0000602087	Chromista		Bacillariophyceae	Cymbellales	Cymbellaceae	Cymbella	Cymbella naviculacea	Grunow, 1881	Species																																												0	0	F	BLACK			
NBNORG0000066383	NHMSYS0000602088	Chromista		Bacillariophyceae	Cymbellales	Cymbellaceae	Cymbella	Cymbella naviculiformis	Auersw., 1863	Species																																												0	0	F	BLACK			
NBNORG0000066384	NHMSYS0000602093	Chromista		Bacillariophyceae	Cymbellales	Cymbellaceae	Cymbella	Cymbella obtusiuscula	Kütz., 1844	Species																																												0	0	F	BLACK			
NBNORG0000066385	NHMSYS0000602094	Chromista		Bacillariophyceae	Cymbellales	Cymbellaceae	Cymbella	Cymbella parva	(W. Sm.) Kirchn., 1878	Species																																												0	0	F	BLACK			
NBNORG0000066386	NHMSYS0000602101	Chromista		Bacillariophyceae	Cymbellales	Cymbellaceae	Cymbella	Cymbella proxima	Reimer in R.M. Patrick et Reimer, 1975	Species																																												3	0	C	GREEN		OTU_000710;OTU_002714;OTU_003736	
NBNORG0000066387	NHMSYS0000602102	Chromista		Bacillariophyceae	Cymbellales	Cymbellaceae	Cymbella	Cymbella pseudonorvegica	E.Y. Haw., 1974	Species																																												0	0	F	BLACK			
NBNORG0000066388	NHMSYS0000602103	Chromista		Bacillariophyceae	Cymbellales	Cymbellaceae	Cymbella	Cymbella pusilla	Grunow in A. Schmidt et al., 1875	Species																																												0	0	F	BLACK			
NBNORG0000066389	NHMSYS0000602104	Chromista		Bacillariophyceae	Cymbellales	Cymbellaceae	Cymbella	Cymbella rainierensis	Sovereign, 1963	Species																																												0	0	F	BLACK			
NBNORG0000066390	NHMSYS0000602106	Chromista		Bacillariophyceae	Cymbellales	Cymbellaceae	Cymbella	Cymbella reinhardtii	Grunow in A. Schmidt et al., 1875	Species																																												0	0	F	BLACK			
NBNORG0000066391	NHMSYS0000602108	Chromista		Bacillariophyceae	Cymbellales	Cymbellaceae	Cymbella	Cymbella rupicola	Grunow in A. Schmidt et al., 1875	Species	Cymbella rupicola var. rostrata																																											0	0	F	BLACK			
NBNORG0000066393	NHMSYS0000602111	Chromista		Bacillariophyceae	Cymbellales	Cymbellaceae	Cymbella	Cymbella semisymmetrica	E.Y. Haw., 1974	Species																																												0	0	F	BLACK			
NBNORG0000066394	NHMSYS0000602113	Chromista		Bacillariophyceae	Cymbellales	Cymbellaceae	Cymbella	Cymbella similis	Krasske, 1932	Species	Cymbella hybridiformis																																											0	0	F	BLACK			
NBNORG0000066395	NHMSYS0000602117	Chromista		Bacillariophyceae	Cymbellales	Cymbellaceae	Cymbella	Cymbella sphaerophora	A. Cleve, 1934	Species																																												0	0	F	BLACK			
NBNORG0000066396	NHMSYS0000602119	Chromista		Bacillariophyceae	Cymbellales	Cymbellaceae	Cymbella	Cymbella stauroneiformis	Lagerst., 1923	Species																																												0	0	F	BLACK			
NBNORG0000122385	NHMSYS0021165323	Chromista		Bacillariophyceae	Cymbellales	Cymbellaceae	Cymbella	Cymbella stuxbergia	(Cleve) Cleve, 1894	Species			Y																																									0	0	F	BLACK			
NBNORG0000066216	NHMSYS0000601860	Chromista		Bacillariophyceae	Cymbellales	Cymbellaceae	Cymbella	Cymbella subaequalis	Grunow, 1880	Species																																												0	0	F	BLACK			
NBNORG0000066217	NHMSYS0000601862	Chromista		Bacillariophyceae	Cymbellales	Cymbellaceae	Cymbella	Cymbella subcuspidata	Krammer, 1982	Species																																												0	0	F	BLACK			
NBNORG0000066218	NHMSYS0000601864	Chromista		Bacillariophyceae	Cymbellales	Cymbellaceae	Cymbella	Cymbella suecica	A. Cleve, 1930	Species																																												0	0	F	BLACK			
NBNORG0000066219	NHMSYS0000601865	Chromista		Bacillariophyceae	Cymbellales	Cymbellaceae	Cymbella	Cymbella symmetrica	McCall, 1933	Species																																												0	0	F	BLACK			
NBNORG0000066220	NHMSYS0000601867	Chromista		Bacillariophyceae	Cymbellales	Cymbellaceae	Cymbella	Cymbella thumensis	(Mayer) Hust., 1934	Species																																												0	0	F	BLACK			
NBNORG0000066221	NHMSYS0000601869	Chromista		Bacillariophyceae	Cymbellales	Cymbellaceae	Cymbella	Cymbella tumida	(Bréb.) Grunow in Van Heurck, 1880	Species	Cymbella tumida var. borealis;Cymbella tumida var. fossilis																																											4	0	C	GREEN		OTU_000383;OTU_002387	
NBNORG0000066224	NHMSYS0000601872	Chromista		Bacillariophyceae	Cymbellales	Cymbellaceae	Cymbella	Cymbella tumidula	Grunow in A. Schmidt et al., 1875	Species																																												0	0	F	BLACK			
NBNORG0000066225	NHMSYS0000601874	Chromista		Bacillariophyceae	Cymbellales	Cymbellaceae	Cymbella	Cymbella turgidula	Grunow in A. Schmidt et al., 1875	Species																																												0	0	F	BLACK			
NBNORG0000066227	NHMSYS0000601877	Chromista		Bacillariophyceae	Bacillariales	Bacillariaceae	Cymbellonitzschia	Cymbellonitzschia diluviana	Hust., 1950	Species																																												0	0	F	BLACK			
NBNORG0000066228	NHMSYS0000601878	Chromista		Bacillariophyceae	Bacillariales	Bacillariaceae	Cymbellonitzschia	Cymbellonitzschia hossamedinii	Salah, 1955	Species																																												0	0	F	BLACK			
NBNORG0000066229	NHMSYS0000601879	Chromista		Bacillariophyceae	Bacillariales	Bacillariaceae	Cymbellonitzschia	Cymbellonitzschia manguini	Maillard, 1967	Species																																												0	0	F	BLACK			
NBNORG0000066230	NHMSYS0000601880	Chromista		Bacillariophyceae	Bacillariales	Bacillariaceae	Cymbellonitzschia	Cymbellonitzschia minima	Hust., 1959	Species																																												0	0	F	BLACK			
NBNORG0000106886	NHMSYS0020954929	Chromista		Bacillariophyceae	Cymbellales	Cymbellaceae	Cymbopleura	Cymbopleura amphicephala	(Nägeli) Krammer, 2003	Species																																												0	0	F	BLACK			
NBNORG0000106887	NHMSYS0020954930	Chromista		Bacillariophyceae	Cymbellales	Cymbellaceae		Cymbopleura cuspidata	(Kützing) Krammer, 2003	Species																																												0	0	F	BLACK			
NBNORG0000122387	NHMSYS0021165278	Chromista		Bacillariophyceae	Cymbellales	Cymbellaceae	Cymbopleura	Cymbopleura inaequalis	(Ehrenberg) Krammer, 2003	Species	Cymbella inaequalis		Y																																									1	0	D	GREEN		OTU_003360	
NBNORG0000106888	NHMSYS0020954931	Chromista		Bacillariophyceae	Cymbellales	Cymbellaceae	Cymbopleura	Cymbopleura incerta	(Grunow) K. Krammer, 2003	Species																																												0	0	F	BLACK			
NBNORG0000106889	NHMSYS0020954932	Chromista		Bacillariophyceae	Cymbellales	Cymbellaceae	Cymbopleura	Cymbopleura lapponica	(Grunow) Krammer, 2003	Species																																												0	0	F	BLACK			
NBNORG0000106890	NHMSYS0020954933	Chromista		Bacillariophyceae	Cymbellales	Cymbellaceae	Cymbopleura	Cymbopleura naviculiformis	(Auerswald ex Heiberg) K. Krammer, 2003	Species																																												3	0	C	GREEN		OTU_001108;OTU_003112;OTU_003730	
NBNORG0000106891	NHMSYS0020954934	Chromista		Bacillariophyceae	Cymbellales	Cymbellaceae	Cymbopleura	Cymbopleura reinhardtii	(Grunow) K. Krammer, 2003	Species																																												0	0	F	BLACK			
NBNORG0000106892	NHMSYS0020954935	Chromista		Bacillariophyceae	Cymbellales	Cymbellaceae	Cymbopleura	Cymbopleura subaequalis	(Grunow) Krammer, 2003	Species																																												0	0	F	BLACK			
NBNORG0000122388	NHMSYS0021165277	Chromista		Bacillariophyceae	Cymbellales	Cymbellaceae	Cymbopleura	Cymbopleura subcuspidata	Krammer, 1982	Species			Y																																									3	0	C	GREEN		OTU_001310;OTU_003313;OTU_003314	
NBNORG0000115087	NHMSYS0021058228	Chromista		Bacillariophyceae	Rhizosoleniales	Rhizosoleniaceae	Dactyliosolen	Dactyliosolen antarcticus	Castracane, 1886	Species					Y																																							0	0	F	BLACK			
NBNORG0000115078	NHMSYS0021058229	Chromista		Bacillariophyceae	Rhizosoleniales	Rhizosoleniaceae	Dactyliosolen	Dactyliosolen blavyanus	(H.Peragallo) Hasle, 1975	Species	Guinardia blavyana;Guinardia blavyana var. blavyana				Y																																							0	0	F	BLACK			
NBNORG0000115077	NHMSYS0021058230	Chromista		Bacillariophyceae	Rhizosoleniales	Rhizosoleniaceae	Dactyliosolen	Dactyliosolen fragilissimus	(Bergon) Hasle, 1996	Species	Rhizosolenia fragilissima;Rhizosolenia fragilissima f. fragilissima				Y																																							1	0	D	GREEN		OTU_003438	
NBNORG0000115076	NHMSYS0021058231	Chromista		Bacillariophyceae	Rhizosoleniales	Rhizosoleniaceae	Dactyliosolen	Dactyliosolen phuketensis	(B.G.Sundström) G.R.Hasle, 1996	Species																																												0	0	F	BLACK			
NBNORG0000122389	NHMSYS0021165279	Chromista		Bacillariophyceae	Rhaponeidales	Rhaphoneidaceae	Delphineis	Delphineis minutissima	(Hustedt) Simonsen, 1987	Species			Y																																									1	0	E	RED		OTU_000669	Delphineis sp.
NBNORG0000066236	NHMSYS0000601896	Chromista		Bacillariophyceae	Bacillariales	Bacillariaceae	Denticula	Denticula elegans	Kütz., 1844	Species	Denticula elegans var. ocellata																																											0	0	F	BLACK			
NBNORG0000066238	NHMSYS0000601898	Chromista		Bacillariophyceae	Bacillariales	Bacillariaceae	Denticula	Denticula eximia	Krammer et Lange-Bert., 1987	Species																																												0	0	F	BLACK			
NBNORG0000066239	NHMSYS0000601899	Chromista		Bacillariophyceae	Bacillariales	Bacillariaceae	Denticula	Denticula kuetzingii	Grunow, 1862	Species	Denticula kuetzingii var. rumrichae																																											2	0	C	BLUE		OTU_000817;OTU_002821	
NBNORG0000066241	NHMSYS0000601902	Chromista		Bacillariophyceae	Bacillariales	Bacillariaceae	Denticula	Denticula subtilis	Grunow, 1862	Species	Denticula rainierensis																																											0	0	F	BLACK			
NBNORG0000066242	NHMSYS0000601903	Chromista		Bacillariophyceae	Bacillariales	Bacillariaceae	Denticula	Denticula tenuis	Kütz., 1844	Species	Denticula tenuis var. crassula;Denticula tenuis var. frigida																																											9	0	C	GREEN		OTU_001873;OTU_001874;OTU_001875;OTU_003877;OTU_003878;OTU_003879	
NBNORG0000066245	NHMSYS0000601906	Chromista		Bacillariophyceae	Bacillariales	Bacillariaceae	Denticula	Denticula thermalis	Kütz., 1844	Species																																												0	0	F	BLACK			
NBNORG0000066246	NHMSYS0000601907	Chromista		Bacillariophyceae	Bacillariales	Bacillariaceae	Denticula	Denticula valida	(Pedicino) Grunow in Van Heurck, 1881	Species																																												0	0	F	BLACK			
NBNORG0000062885	NHMSYS0000560835	Chromista		Bacillariophyceae	Thalassiosirales	Skeletonemaceae	Detonula	Detonula confervacaea		Species																																												0	0	F	BLACK			
NBNORG0000066509	NHMSYS0000602290	Chromista		Bacillariophyceae	Naviculales	Diadesmidaceae	Diadesmis	Diadesmis aerophila	(Krasske) D.G. Mann in Round et al., 1990	Species	Navicula aerophila																																											0	0	F	BLACK			
NBNORG0000066510	NHMSYS0000602291	Chromista		Bacillariophyceae	Naviculales	Diadesmidaceae	Diadesmis	Diadesmis brekkaensis	(J.B. Petersen) D.G. Mann in Round et al., 1990	Species	Diadesmis brekkaensis var. andegavensis;Diadesmis brekkaensis var. brekkaensoides;Navicula brekkaensis																																											0	0	F	BLACK			
NBNORG0000066511	NHMSYS0000602292	Chromista		Bacillariophyceae	Naviculales	Diadesmidaceae	Diadesmis	Diadesmis confervacea	Kütz., 1844	Species	Navicula confervacea																																											2	0	D	GREEN		OTU_003630	
NBNORG0000066512	NHMSYS0000602293	Chromista		Bacillariophyceae	Naviculales	Diadesmidaceae	Diadesmis	Diadesmis contenta	(Grunow ex Van Heurck) D.G. Mann in Round et al., 1990	Species	Diadesmis contenta var. biceps;Diadesmis contenta var. parallela;Navicula contenta																																											0	0	F	BLACK			
NBNORG0000066515	NHMSYS0000602296	Chromista		Bacillariophyceae	Naviculales	Diadesmidaceae	Diadesmis	Diadesmis gallica	W. Sm., 1857	Species	Navicula gallica																																											0	0	F	BLACK			
NBNORG0000066516	NHMSYS0000602297	Chromista		Bacillariophyceae	Naviculales	Diadesmidaceae	Diadesmis	Diadesmis perpusilla	(Grunow) D.G. Mann in Round et al., 1990	Species	Navicula gallica var. perpusilla;Navicula perpusilla																																											0	0	F	BLACK			
NBNORG0000106896	NHMSYS0020954940	Chromista		Bacillariophyceae	Fragilariales	Fragilariaceae	Diatoma	Diatoma elongatum	(Lyngbye) C.A. Agardh, 1824	Species																																												0	0	F	BLACK			
NBNORG0000066518	NHMSYS0000602302	Chromista		Bacillariophyceae	Fragilariales	Fragilariaceae	Diatoma	Diatoma hyemale	(Roth) Heib., 1863	Species	Diatoma hyemale var. quadratum																																											0	0	F	BLACK			
NBNORG0000066520	NHMSYS0000602306	Chromista		Bacillariophyceae	Fragilariales	Fragilariaceae	Diatoma	Diatoma moniliformis	(Kütz.) D.M.Williams	Species	Diatoma moniliforme;Diatoma tenue var. moniliformis																																											6	6	E	RED		OTU_000206	Diatoma tenuis
NBNORG0000103584	NHMSYS0020748800	Chromista		Bacillariophyceae	Fragilariales	Fragilariaceae	Diatoma	Diatoma problematica	Lange-Bert	Species																																												0	0	F	BLACK			
NBNORG0000106897	NHMSYS0021058312	Chromista		Bacillariophyceae	Fragilariales	Fragilariaceae	Diatoma	Diatoma tenuis	C.Agardh, 1812	Species	Diatoma elongatum var. tenuis;Diatoma tenue;Diatoma tenue var. elongatum		Y																																									10	2	E	RED		OTU_000206;OTU_002210	Diatoma moniliformis
NBNORG0000066522	NHMSYS0000602310	Chromista		Bacillariophyceae	Fragilariales	Fragilariaceae	Diatoma	Diatoma vulgaris	Bory	Species	Diatoma vulgare;Diatoma vulgare var. constricta;Diatoma vulgare var. ehrenbergii;Diatoma vulgare var. lineare;Diatoma vulgare var. ovalis;Diatoma vulgaris var. brevis;Diatoma vulgaris var. capitulata;Diatoma vulgaris var. grandis																																											4	3	C	GREEN		OTU_000444;OTU_002448	
NBNORG0000066528	NHMSYS0000602318	Chromista		Bacillariophyceae	Naviculales	Pinnulariaceae	Diatomella	Diatomella balfouriana	Grev., 1855	Species	Diatomella balfouriana form constricta																																											0	0	F	BLACK			
NBNORG0000125538	NHMSYS0021200335	Chromista		Bacillariophyceae			Dicladia	Dicladia mitra	J.W.Bailey, 1856	Species	Chaetoceros mitra				Y																																							0	0	F	BLACK			
NBNORG0000122680	NHMSYS0021167648	Chromista		Bacillariophyceae	Cymbellales	Gomphonemataceae	Didymosphenia	Didymosphenia dentata	(Dorogostaisky) Skvortzow & K.I.Meyer, 1928	Species																																												1	0	D	GREEN		OTU_002742	
NBNORG0000066559	NHMSYS0000602368	Chromista		Bacillariophyceae	Cymbellales	Gomphonemataceae	Didymosphenia	Didymosphenia geminata	(Lyngb.) M. Schmidt, 1899	Species	Gomphonema geminatum																																											25	1	C	GREEN		OTU_000682;OTU_002686	
NBNORG0000122681	NHMSYS0021167654	Chromista		Bacillariophyceae	Triceratiales	Plagiogrammaceae	Dimeregramma	Dimeregramma dubium	Grunow	Species																																												0	0	F	BLACK			
NBNORG0000066414	NHMSYS0000602151	Chromista		Bacillariophyceae	Naviculales	Diploneidaceae	Diploneis	Diploneis aestiva	(Donkin) Cleve, 1894	Species	Diploneis aestiva var. delicata;Diploneis aestiva var. fusca																																											0	0	F	BLACK			
NBNORG0000066417	NHMSYS0000602154	Chromista		Bacillariophyceae	Naviculales	Diploneidaceae	Diploneis	Diploneis aestuari	Hust., 1939	Species																																												0	0	F	BLACK			
NBNORG0000066418	NHMSYS0000602155	Chromista		Bacillariophyceae	Naviculales	Diploneidaceae	Diploneis	Diploneis alpina	F. Meister, 1912	Species																																												0	0	F	BLACK			
NBNORG0000066419	NHMSYS0000602156	Chromista		Bacillariophyceae	Naviculales	Diploneidaceae	Diploneis	Diploneis boldtiana	Cleve, 1894	Species																																												0	0	F	BLACK			
NBNORG0000066420	NHMSYS0000602157	Chromista		Bacillariophyceae	Naviculales	Diploneidaceae	Diploneis	Diploneis bombus	(Ehrenb.) Ehrenb. ex Cleve, 1894	Species	Diploneis bombus var. bombiformis;Diploneis bombus var. egena																																											0	0	F	BLACK			
NBNORG0000066423	NHMSYS0000602160	Chromista		Bacillariophyceae	Naviculales	Diploneidaceae	Diploneis	Diploneis coffaeiformis	(Schmidt) Cleve, 1894	Species																																												0	0	F	BLACK			
NBNORG0000115725	NHMSYS0021058006	Chromista		Bacillariophyceae	Naviculales	Diploneidaceae	Diploneis	Diploneis crabro	(Ehrenberg) Ehrenberg, 1854	Species			Y																																									0	0	F	BLACK			
NBNORG0000066424	NHMSYS0000602161	Chromista		Bacillariophyceae	Naviculales	Diploneidaceae	Diploneis	Diploneis elliptica	(Kütz.) Cleve, 1891	Species	Diploneis elliptica var. ladogensis;Diploneis elliptica var. ostracodorum																																											0	0	F	BLACK			
NBNORG0000066427	NHMSYS0000602164	Chromista		Bacillariophyceae	Naviculales	Diploneidaceae	Diploneis	Diploneis finnica	(Ehrenb.) Cleve, 1891	Species																																												0	0	F	BLACK			
NBNORG0000123413	NHMSYS0021182372	Chromista		Bacillariophyceae	Naviculales	Diploneidaceae	Diploneis	Diploneis fontanella	Lange-Bert.	Species				Y																																								0	0	F	BLACK			
NBNORG0000103585	NHMSYS0020748801	Chromista		Bacillariophyceae	Naviculales	Diploneidaceae	Diploneis	Diploneis hyalina	Cleve	Species																																												0	0	F	BLACK			
NBNORG0000066428	NHMSYS0000602165	Chromista		Bacillariophyceae	Naviculales	Diploneidaceae	Diploneis	Diploneis marginestriata	Hust., 1922	Species																																												0	0	F	BLACK			
NBNORG0000066429	NHMSYS0000602166	Chromista		Bacillariophyceae	Naviculales	Diploneidaceae	Diploneis	Diploneis minuta	J.B. Petersen, 1928	Species																																												0	0	F	BLACK			
NBNORG0000066430	NHMSYS0000602167	Chromista		Bacillariophyceae	Naviculales	Diploneidaceae	Diploneis	Diploneis modica	Hust., 1945	Species																																												0	0	F	BLACK			
NBNORG0000066431	NHMSYS0000602168	Chromista		Bacillariophyceae	Naviculales	Diploneidaceae	Diploneis	Diploneis oamaruensis	(Cleve) Mills, 1934	Species																																												0	0	F	BLACK			
NBNORG0000066432	NHMSYS0000602169	Chromista		Bacillariophyceae	Naviculales	Diploneidaceae	Diploneis	Diploneis oblongella	(Nägeli) A. Cleve, 1922	Species	Diploneis oblongella var. gibbosa;Navicula oblongella																																											0	0	F	BLACK			
NBNORG0000066434	NHMSYS0000602171	Chromista		Bacillariophyceae	Naviculales	Diploneidaceae	Diploneis	Diploneis oculata	(Bréb.) Cleve, 1894	Species																																												0	0	F	BLACK			
NBNORG0000066435	NHMSYS0000602172	Chromista		Bacillariophyceae	Naviculales	Diploneidaceae	Diploneis	Diploneis ovalis	(Hilse) Cleve, 1891	Species																																												0	0	F	BLACK			
NBNORG0000066436	NHMSYS0000602173	Chromista		Bacillariophyceae	Naviculales	Diploneidaceae	Diploneis	Diploneis papula	(A. Schmidt) Cleve, 1894	Species																																												0	0	F	BLACK			
NBNORG0000066437	NHMSYS0000602174	Chromista		Bacillariophyceae	Naviculales	Diploneidaceae	Diploneis	Diploneis parca	(A. Schmidt) Boyer, 1927	Species																																												1	0	D	GREEN		OTU_003452	
NBNORG0000066438	NHMSYS0000602175	Chromista		Bacillariophyceae	Naviculales	Diploneidaceae	Diploneis	Diploneis parma	Cleve, 1891	Species																																												0	0	F	BLACK			
NBNORG0000106905	NHMSYS0020954952	Chromista		Bacillariophyceae	Naviculales	Diploneidaceae	Diploneis	Diploneis petersenii	Hust., 1937	Species	Diploneis peterseni																																											0	0	F	BLACK			
NBNORG0000066439	NHMSYS0000602177	Chromista		Bacillariophyceae	Naviculales	Diploneidaceae	Diploneis	Diploneis pfitzeriana	(O'Meara) Ross in Hartley, 1986	Species																																												0	0	F	BLACK			
NBNORG0000066440	NHMSYS0000602178	Chromista		Bacillariophyceae	Naviculales	Diploneidaceae	Diploneis	Diploneis pseudovalis	Hust., 1930	Species																																												0	0	F	BLACK			
NBNORG0000066441	NHMSYS0000602179	Chromista		Bacillariophyceae	Naviculales	Diploneidaceae	Diploneis	Diploneis puella	(Schum.) Cleve, 1894	Species																																												0	0	F	BLACK			
NBNORG0000123414	NHMSYS0021182378	Chromista		Bacillariophyceae	Naviculales	Diploneidaceae	Diploneis	Diploneis seperanda	Lange-Bertalot, 2004	Species				Y																																								0	0	F	BLACK			
NBNORG0000122390	NHMSYS0021165219	Chromista		Bacillariophyceae	Naviculales	Diploneidaceae	Diploneis	Diploneis subovalis	Cleve, 1894	Species			Y																																									1	0	D	GREEN		OTU_002213	
NBNORG0000122392	NHMSYS0021165263	Chromista		Bacillariophyceae	Thalassiosirales	Stephanodiscaceae	Discostella	Discostella pseudostelligera	(Hustedt) Houk & Klee, 2004	Species	Cyclotella pseudostelligera		Y																																									2	0	E	RED		OTU_000129;OTU_003307	Discostella sp.
NBNORG0000066450	NHMSYS0000602189	Chromista		Bacillariophyceae	Fragilariales	Fragilariaceae	Distrionella	Distrionella asterionelloides	D.M. Williams, 1990	Species																																												0	0	F	BLACK			
NBNORG0000115066	NHMSYS0021058220	Chromista		Bacillariophyceae	Lithodesmiales	Lithodesmiaceae	Ditylum	Ditylum brightwellii	(T.West) Grunow, 1885	Species					Y																																							9	0	C	GREEN		OTU_000132;OTU_002136	
NBNORG0000066471	NHMSYS0000602223	Chromista		Bacillariophyceae	Paraliales	Paraliaceae	Ellerbeckia	Ellerbeckia arenaria	(Moore) R.M.Crawford	Species	Ellerbeckia arenaria form teres;Melosira arenaria																																											0	0	F	BLACK			
NBNORG0000066474	NHMSYS0000602229	Chromista		Bacillariophyceae	Cymbellales	Cymbellaceae	Encyonema	Encyonema alpinum	(Grunow) D.G. Mann in Round et al., 1990	Species	Cymbella alpina																																											0	0	F	BLACK			
NBNORG0000066475	NHMSYS0000602230	Chromista		Bacillariophyceae	Cymbellales	Cymbellaceae	Encyonema	Encyonema braunii	(Hust.) D.G. Mann in Round et al., 1990	Species	Cymbella braunii																																											0	0	F	BLACK			
NBNORG0000066476	NHMSYS0000602231	Chromista		Bacillariophyceae	Cymbellales	Cymbellaceae	Encyonema	Encyonema brehmii	(Hust.) D.G. Mann in Round et al., 1990	Species	Cymbella brehmii																																											0	0	F	BLACK			
NBNORG0000066477	NHMSYS0000602232	Chromista		Bacillariophyceae	Cymbellales	Cymbellaceae	Encyonema	Encyonema caespitosum	Kütz., 1849	Species	Cymbella caespitosa																																											3	0	C	GREEN		OTU_000684;OTU_002688	
NBNORG0000066478	NHMSYS0000602233	Chromista		Bacillariophyceae	Cymbellales	Cymbellaceae	Encyonema	Encyonema elginense	(Krammer) D.G. Mann in Round et al., 1990	Species	Cymbella elginensis																																											0	0	F	BLACK			
NBNORG0000066479	NHMSYS0000602234	Chromista		Bacillariophyceae	Cymbellales	Cymbellaceae	Encyonema	Encyonema formosum	(Hust.) D.G. Mann in Round et al., 1990	Species	Cymbella formosa																																											0	0	F	BLACK			
NBNORG0000106917	NHMSYS0020954964	Chromista		Bacillariophyceae	Cymbellales	Cymbellaceae	Encyonema	Encyonema gaeumannii	(Meister) E.Y. Haworth & M.G. Kelly in Whitton et al., 1998 [nom. inval.]	Species	Cymbella gaeumananii;Encyonema gaeumananii																																											0	0	F	BLACK			
NBNORG0000066480	NHMSYS0000602236	Chromista		Bacillariophyceae	Cymbellales	Cymbellaceae	Encyonema	Encyonema gracile	Rabenh., 1853	Species	Cymbella gracilis;Cymbella scotica																																											0	0	F	BLACK			
NBNORG0000066481	NHMSYS0000602237	Chromista		Bacillariophyceae	Cymbellales	Cymbellaceae	Encyonema	Encyonema grossestriatum	(O. Müll.) D.G. Mann in Round et al., 1990	Species	Cymbella grossestriatum																																											0	0	F	BLACK			
NBNORG0000066482	NHMSYS0000602238	Chromista		Bacillariophyceae	Cymbellales	Cymbellaceae	Encyonema	Encyonema hebridicum	Grunow ex Cleve, 1891	Species	Cymbella hebridica																																											0	0	F	BLACK			
NBNORG0000066483	NHMSYS0000602239	Chromista		Bacillariophyceae	Cymbellales	Cymbellaceae	Encyonema	Encyonema hilliardii	(Manguin) Krammer, 1997	Species	Cymbella hilliardii																																											0	0	F	BLACK			
NBNORG0000066484	NHMSYS0000602240	Chromista		Bacillariophyceae	Cymbellales	Cymbellaceae	Encyonema	Encyonema javanicum	(Hust.) D.G. Mann in Round et al., 1990	Species	Cymbella javanica																																											0	0	F	BLACK			
NBNORG0000066485	NHMSYS0000602241	Chromista		Bacillariophyceae	Cymbellales	Cymbellaceae	Encyonema	Encyonema juriljii	(Hust.) D.G. Mann in Round et al., 1990	Species	Cymbella juriljii																																											0	0	F	BLACK			
NBNORG0000106918	NHMSYS0020954965	Chromista		Bacillariophyceae	Cymbellales	Cymbellaceae	Encyonema	Encyonema lacustre	(C.Agardh) J.Pant.	Species	Cymbella lacustris																																											0	0	F	BLACK			
NBNORG0000066486	NHMSYS0000602243	Chromista		Bacillariophyceae	Cymbellales	Cymbellaceae	Encyonema	Encyonema lapponica	Krammer, 1997	Species																																												0	0	F	BLACK			
NBNORG0000066487	NHMSYS0000602244	Chromista		Bacillariophyceae	Cymbellales	Cymbellaceae	Encyonema	Encyonema latens	(Krasske) D.G. Mann in Round et al., 1990	Species	Cymbella latens																																											0	0	F	BLACK			
NBNORG0000066488	NHMSYS0000602245	Chromista		Bacillariophyceae	Cymbellales	Cymbellaceae	Encyonema	Encyonema lunatum	(W. Sm. in Grev.) Van Heurck, 1896	Species	Cymbella lunata																																											2	2	C	GREEN		OTU_000415;OTU_002419	
NBNORG0000122393	NHMSYS0021165324	Chromista		Bacillariophyceae	Cymbellales	Cymbellaceae	Encyonema	Encyonema macedonicum	Z.Levkov, Metzeltin & S.Krstic, 2006	Species			Y																																									1	0	D	GREEN		OTU_002698	
NBNORG0000066489	NHMSYS0000602246	Chromista		Bacillariophyceae	Cymbellales	Cymbellaceae	Encyonema	Encyonema mesianum	(Cholnoky) D.G. Mann in Round et al., 1990	Species	Cymbella mesiana																																											0	0	F	BLACK			
NBNORG0000066490	NHMSYS0000602247	Chromista		Bacillariophyceae	Cymbellales	Cymbellaceae	Encyonema	Encyonema minutum	(Hilse in Rabenh.) D.G. Mann in Round et al., 1990	Species	Cymbella minuta																																											5	3	E	RED		OTU_000104;OTU_000424	Encyonema silesiacum;Encyonema ventricosum
NBNORG0000122394	NHMSYS0021165326	Chromista		Bacillariophyceae	Cymbellales	Cymbellaceae	Encyonema	Encyonema muelleri	(Hustedt) D.G. Mann, 1990	Species			Y																																									0	0	F	BLACK			
NBNORG0000123415	NHMSYS0021182384	Chromista		Bacillariophyceae	Cymbellales	Cymbellaceae	Encyonema	Encyonema neogracile	Krammer	Species				Y																																								0	0	F	BLACK			
NBNORG0000066491	NHMSYS0000602248	Chromista		Bacillariophyceae	Cymbellales	Cymbellaceae	Encyonema	Encyonema norvegicum	(Grunow) A.Mayer	Species	Cymbella norvegica;Encyonema norvegica;Encyonema norvegicum var. lapponica																																											1	0	D	GREEN		OTU_002689	
NBNORG0000066492	NHMSYS0000602249	Chromista		Bacillariophyceae	Cymbellales	Cymbellaceae	Encyonema	Encyonema obscurum	(Krasske) D.G. Mann in Round et al., 1990	Species	Cymbella obscura																																											0	0	F	BLACK			
NBNORG0000066493	NHMSYS0000602250	Chromista		Bacillariophyceae	Cymbellales	Cymbellaceae	Encyonema	Encyonema paucistriatum	(A. Cleve) D.G. Mann in Round et al., 1990	Species	Cymbella paucistriata																																											0	0	F	BLACK			
NBNORG0000066494	NHMSYS0000602251	Chromista		Bacillariophyceae	Cymbellales	Cymbellaceae	Encyonema	Encyonema perpusillum	(A. Cleve) D.G. Mann in Round et al., 1990	Species	Cymbella bipartita;Cymbella perpusilla;Encyonema perpusillum var. striator																																											0	0	F	BLACK			
NBNORG0000103586	NHMSYS0020748802	Chromista		Bacillariophyceae	Cymbellales	Cymbellaceae	Encyonema	Encyonema prostratum	(Berkeley) Kutz	Species	Cymbella prostrata;Encyonema prostratrum																																											1	0	D	GREEN		OTU_002921	
NBNORG0000066496	NHMSYS0000602254	Chromista		Bacillariophyceae	Cymbellales	Cymbellaceae	Encyonema	Encyonema reichardtii	(Krammer) D.G. Mann in Round et al., 1990	Species	Cymbella reichardtii																																											0	0	F	BLACK			
NBNORG0000066497	NHMSYS0000602255	Chromista		Bacillariophyceae	Cymbellales	Cymbellaceae	Encyonema	Encyonema rugosum	(Hust.) D.G. Mann in Round et al., 1990	Species	Cymbella rugosa																																											0	0	F	BLACK			
NBNORG0000066498	NHMSYS0000602256	Chromista		Bacillariophyceae	Cymbellales	Cymbellaceae	Encyonema	Encyonema silesiacum	(Bleisch in Rabenh.) D.G. Mann in Round et al., 1990	Species	Cymbella silesiaca																																											12	4	E	RED		OTU_000104;OTU_002108	Encyonema minutum
NBNORG0000066499	NHMSYS0000602257	Chromista		Bacillariophyceae	Cymbellales	Cymbellaceae	Encyonema	Encyonema spiculum	(Hust.) D.G. Mann in Round et al., 1990	Species	Cymbella spicula																																											0	0	F	BLACK			
NBNORG0000066568	NHMSYS0000602378	Chromista		Bacillariophyceae	Cymbellales	Cymbellaceae	Encyonema	Encyonema subalpinum	(Hust.) D.G. Mann in Round et al., 1990	Species	Cymbella subalpina																																											0	0	F	BLACK			
NBNORG0000066569	NHMSYS0000602379	Chromista		Bacillariophyceae	Cymbellales	Cymbellaceae	Encyonema	Encyonema subturgidum	(Hust.) D.G. Mann in Round et al., 1990	Species	Cymbella subturgida																																											0	0	F	BLACK			
NBNORG0000066570	NHMSYS0000602380	Chromista		Bacillariophyceae	Cymbellales	Cymbellaceae	Encyonema	Encyonema tenuissimum	(Hust.) D.G. Mann in Round et al., 1990	Species	Cymbella tenuissima																																											0	0	F	BLACK			
NBNORG0000066571	NHMSYS0000602381	Chromista		Bacillariophyceae	Cymbellales	Cymbellaceae	Encyonema	Encyonema triangulum	(Ehrenb.) Kütz., 1849	Species	Cymbella triangulum																																											1	0	D	GREEN		OTU_002690	
NBNORG0000066572	NHMSYS0000602382	Chromista		Bacillariophyceae	Cymbellales	Cymbellaceae	Encyonema	Encyonema turgidum	(W.Greg.) Grunow	Species	Cymbella turgida																																											0	0	F	BLACK			
NBNORG0000106919	NHMSYS0020954966	Chromista		Bacillariophyceae	Cymbellales	Gomphonemataceae	Encyonopsis	Encyonopsis aequalis	(W. Smith) Krammer, 1997	Species																																												0	0	F	BLACK			
NBNORG0000106920	NHMSYS0020954967	Chromista		Bacillariophyceae	Cymbellales	Gomphonemataceae	Encyonopsis	Encyonopsis cesatii	(Rabenhorst) K. Krammer, 1997	Species																																												0	0	F	BLACK			
NBNORG0000106921	NHMSYS0020954968	Chromista		Bacillariophyceae	Cymbellales	Gomphonemataceae	Encyonopsis	Encyonopsis falaisensis	(Grunow) Krammer, 1997	Species																																												5	2	C	GREEN		OTU_000416;OTU_001877;OTU_002420;OTU_003044;OTU_003881	
NBNORG0000106922	NHMSYS0020954969	Chromista		Bacillariophyceae	Cymbellales	Gomphonemataceae	Encyonopsis	Encyonopsis microcephala	(Grunow) Krammer, 1997	Species																																												1	1	D	GREEN		OTU_002457	
NBNORG0000122920	NHMSYS0021169187	Chromista		Bacillariophyceae	Cymbellales	Gomphonemataceae	Encyonopsis	Encyonopsis subminuta	Krammer & E.Reichardt, 1997	Species			Y																																									1	0	D	GREEN		OTU_001556	
NBNORG0000122396	NHMSYS0021165267	Chromista		Bacillariophyceae	Surirellales	Entomoneidaceae	Entomoneis	Entomoneis alata	(Ehrenberg) Ehrenberg, 1845	Species			Y																																									2	0	E	RED		OTU_000512;OTU_002890	Entomoneis sp.
NBNORG0000066582	NHMSYS0000602407	Chromista		Bacillariophyceae	Surirellales	Entomoneidaceae	Entomoneis	Entomoneis costata	(Hust.) Reimer in R.M. Patrick et Reimer, 1975	Species																																												0	0	F	BLACK			
NBNORG0000066583	NHMSYS0000602408	Chromista		Bacillariophyceae	Surirellales	Entomoneidaceae	Entomoneis	Entomoneis ornata	(J.W. Bailey) Reimer in R.M. Patrick et Reimer, 1975	Species	Amphiprora ornata																																											2	0	C	GREEN		OTU_000171;OTU_002175	
NBNORG0000066584	NHMSYS0000602409	Chromista		Bacillariophyceae	Surirellales	Entomoneidaceae	Entomoneis	Entomoneis paludosa	(W. Sm.) Reimer in R.M. Patrick et Reimer, 1975	Species	Amphiprora paludosa;Entomoneis paludosa var. pokornyana;Entomoneis paludosa var. subsalina																																											5	1	C	GREEN		OTU_000491;OTU_002271;OTU_002361;OTU_002511;OTU_002599	
NBNORG0000062949	NHMSYS0000560937	Chromista		Bacillariophyceae	Surirellales	Entomoneidaceae	Entomoneis	Entomoneis surirelloides		Species																																												0	0	F	BLACK			
NBNORG0000106923	NHMSYS0020954970	Chromista		Bacillariophyceae	Naviculales	Naviculales incertae sedis	Eolimna	Eolimna rotunda	(Hustedt) Lange-Bertalot et al	Species																																												0	0	F	BLACK			
NBNORG0000106924	NHMSYS0020954971	Chromista		Bacillariophyceae	Naviculales	Naviculales incertae sedis	Eolimna	Eolimna subminuscula	(Manguin) Gerd Moser, Lange-Bertalot & D. Metzeltin, 1998	Species																																												0	0	F	BLACK			
NBNORG0000106925	NHMSYS0020954972	Chromista		Bacillariophyceae	Naviculales	Naviculales incertae sedis	Eolimna	Eolimna submuralis	(Hustedt) Lange-Bertalot & Kulikovskiy in Kulikovskiy et al., 2010	Species																																												0	0	F	BLACK			
NBNORG0000122398	NHMSYS0021165221	Chromista		Bacillariophyceae	Naviculales	Naviculales incertae sedis	Eolimna	Eolimna utermoehlii	(Hust.) Lange-Bert., Kulikovskiy & Witkowski	Species			Y																																									0	0	F	BLACK			
NBNORG0000066610	NHMSYS0000602437	Chromista		Bacillariophyceae	Rhopalodiales	Rhopalodiaceae	Epithemia	Epithemia adnata	(Kütz.) Bréb., 1838	Species	Epithemia adnata var. porcellus;Epithemia adnata var. proboscidea;Epithemia adnata var. saxonica;Epithemia zebra																																											0	0	F	BLACK			
NBNORG0000066614	NHMSYS0000602441	Chromista		Bacillariophyceae	Rhopalodiales	Rhopalodiaceae	Epithemia	Epithemia argus	(Ehrenb.) Kütz., 1844	Species	Epithemia argus var. alpestris;Epithemia argus var. longicornis																																											1	0	D	GREEN		OTU_002798	
NBNORG0000066617	NHMSYS0000602445	Chromista		Bacillariophyceae	Rhopalodiales	Rhopalodiaceae	Epithemia	Epithemia cistula	(Ehrenb.) Ralfs in Pritch., 1861	Species																																												0	0	F	BLACK			
NBNORG0000122682	NHMSYS0021167660	Chromista		Bacillariophyceae	Rhopalodiales	Rhopalodiaceae	Epithemia	Epithemia contorta	(Hustedt) Ruck & Nakov in Ruck et al., 2016	Species																																												1	0	D	GREEN		OTU_002174	
NBNORG0000066618	NHMSYS0000602446	Chromista		Bacillariophyceae	Rhopalodiales	Rhopalodiaceae	Epithemia	Epithemia frickei	Krammer, 1987	Species																																												0	0	F	BLACK			
NBNORG0000066619	NHMSYS0000602448	Chromista		Bacillariophyceae	Rhopalodiales	Rhopalodiaceae	Epithemia	Epithemia goeppertiana	Hilse, 1860	Species																																												0	0	F	BLACK			
NBNORG0000066620	NHMSYS0000602449	Chromista		Bacillariophyceae	Rhopalodiales	Rhopalodiaceae	Epithemia	Epithemia hyndmannii	W.Sm.	Species	Epithemia hyndmanii																																											1	0	D	BLUE		OTU_002747	
NBNORG0000066621	NHMSYS0000602450	Chromista		Bacillariophyceae	Rhopalodiales	Rhopalodiaceae	Epithemia	Epithemia muelleri	Fricke, 1904	Species																																												0	0	F	BLACK			
NBNORG0000066622	NHMSYS0000602451	Chromista		Bacillariophyceae	Rhopalodiales	Rhopalodiaceae	Epithemia	Epithemia ocellata	(Ehrenb.) Kütz., 1844	Species																																												0	0	F	BLACK			
NBNORG0000066623	NHMSYS0000602452	Chromista		Bacillariophyceae	Rhopalodiales	Rhopalodiaceae	Epithemia	Epithemia reicheltii	Fricke, 1904	Species																																												0	0	F	BLACK			
NBNORG0000066624	NHMSYS0000602453	Chromista		Bacillariophyceae	Rhopalodiales	Rhopalodiaceae	Epithemia	Epithemia smithii	Carruth., 1864	Species																																												0	0	F	BLACK			
NBNORG0000066625	NHMSYS0000602454	Chromista		Bacillariophyceae	Rhopalodiales	Rhopalodiaceae	Epithemia	Epithemia sorex	Kütz., 1844	Species	Epithemia sorex var. gracilis																																											3	0	C	GREEN		OTU_001878;OTU_002832;OTU_003882	
NBNORG0000066627	NHMSYS0000602456	Chromista		Bacillariophyceae	Rhopalodiales	Rhopalodiaceae	Epithemia	Epithemia turgida	(Ehrenb.) Kütz., 1844	Species	Epithemia turgida var. capitata;Epithemia turgida var. granulata;Epithemia turgida var. westermannii																																											3	0	B	GREEN		OTU_000745	
NBNORG0000125552	NHMSYS0021200388	Chromista		Bacillariophyceae	Ethmodiscales	Ethmodiscaceae	Ethmodiscus	Ethmodiscus punctiger	Castracane, 1886	Species	Thalassiosira punctigera	Y			Y																																							6	0	C	BLUE		OTU_000149;OTU_002153;OTU_003819	
NBNORG0000115553	NHMSYS0021058079	Chromista		Bacillariophyceae	Hemiaulales	Hemiaulaceae	Eucampia	Eucampia cornuta	(Cleve) Grunow, 1883	Species					Y																																							1	0	D	GREEN		OTU_002834	
NBNORG0000070286	NHMSYS0000629053	Chromista		Bacillariophyceae	Hemiaulales	Hemiaulaceae	Eucampia	Eucampia groenlandica	Cleve, 1896	Species																																												0	0	F	BLACK			
NBNORG0000125553	NHMSYS0021200394	Chromista		Bacillariophyceae	Hemiaulales	Hemiaulaceae	Eucampia	Eucampia striata	Stolterfoth, 1879	Species	Guinardia striata				Y																																							2	0	C	BLUE		OTU_003034;OTU_003790	
NBNORG0000115552	NHMSYS0021058080	Chromista		Bacillariophyceae	Hemiaulales	Hemiaulaceae	Eucampia	Eucampia zodiacus	Ehrenberg, 1839	Species					Y																																							1	0	D	GREEN		OTU_003789	
NBNORG0000066721	NHMSYS0000602579	Chromista		Bacillariophyceae	Achnanthales	Achnanthidiaceae	Eucocconeis	Eucocconeis flexella	(Kütz.) Cleve, 1885	Species																																												0	0	F	BLACK			
NBNORG0000106926	NHMSYS0020954973	Chromista		Bacillariophyceae	Achnanthales	Achnanthidiaceae	Eucocconeis	Eucocconeis lapponica	Hustedt, 1924	Species																																												0	0	F	BLACK			
NBNORG0000066772	NHMSYS0000602659	Chromista		Bacillariophyceae	Eunotiales	Eunotiaceae	Eunotia	Eunotia acmocephala	Fusey, 1953	Species																																												0	0	F	BLACK			
NBNORG0000066773	NHMSYS0000602660	Chromista		Bacillariophyceae	Eunotiales	Eunotiaceae	Eunotia	Eunotia angusta	A. Berg, 1939	Species	Eunotia parallela var. angusta																																											0	0	F	BLACK			
NBNORG0000066774	NHMSYS0000602661	Chromista		Bacillariophyceae	Eunotiales	Eunotiaceae	Eunotia	Eunotia antiqua	A. Berg, 1939	Species																																												0	0	F	BLACK			
NBNORG0000066775	NHMSYS0000602662	Chromista		Bacillariophyceae	Eunotiales	Eunotiaceae	Eunotia	Eunotia arctica	Hust., 1937	Species																																												0	0	F	BLACK			
NBNORG0000066776	NHMSYS0000602663	Chromista		Bacillariophyceae	Eunotiales	Eunotiaceae	Eunotia	Eunotia arculus	(Grunow) Lange-Bert. et Norpel, 1993	Species																																												0	0	F	BLACK			
NBNORG0000066777	NHMSYS0000602665	Chromista		Bacillariophyceae	Eunotiales	Eunotiaceae	Eunotia	Eunotia arcuoides	Foged, 1977	Species																																												0	0	F	BLACK			
NBNORG0000066778	NHMSYS0000602666	Chromista		Bacillariophyceae	Eunotiales	Eunotiaceae	Eunotia	Eunotia arcus	Ehrenb., 1837	Species	Eunotia arcus var. bidens;Eunotia arcus var. fallax;Eunotia arcus var. uncinata																																											1	1	D	GREEN		OTU_002455	
NBNORG0000066782	NHMSYS0000602670	Chromista		Bacillariophyceae	Eunotiales	Eunotiaceae	Eunotia	Eunotia bactriana	Ehrenb., 1854	Species																																												0	0	F	BLACK			
NBNORG0000066783	NHMSYS0000602671	Chromista		Bacillariophyceae	Eunotiales	Eunotiaceae	Eunotia	Eunotia bidentula	W. Sm., 1856	Species																																												0	0	F	BLACK			
NBNORG0000066784	NHMSYS0000602672	Chromista		Bacillariophyceae	Eunotiales	Eunotiaceae	Eunotia	Eunotia bidentuloides	Foged, 1977	Species																																												0	0	F	BLACK			
NBNORG0000066785	NHMSYS0000602673	Chromista		Bacillariophyceae	Eunotiales	Eunotiaceae	Eunotia	Eunotia bigibba	Kütz., 1849	Species	Eunotia bigibba var. pumila;Eunotia praerupta var. bigibba																																											0	0	F	BLACK			
NBNORG0000103587	NHMSYS0020748803	Chromista		Bacillariophyceae	Eunotiales	Eunotiaceae	Eunotia	Eunotia bilunaris	(Ehrenb.) F.W. Mills	Species	Eunotia bilunaris var. capitata;Eunotia bilunaris var. linearis;Eunotia bilunaris var. mucophila;Eunotia curvata;Eunotia lunaris																																											40	10	E	RED		OTU_000106;OTU_000107;OTU_000109;OTU_000524;OTU_000556;OTU_002352	Eunotia sp.
NBNORG0000066789	NHMSYS0000602678	Chromista		Bacillariophyceae	Eunotiales	Eunotiaceae	Eunotia	Eunotia botuliformis	(A. Wild) Lange-Bert. et Norpel, 1993	Species																																												0	0	F	BLACK			
NBNORG0000066790	NHMSYS0000602679	Chromista		Bacillariophyceae	Eunotiales	Eunotiaceae	Eunotia	Eunotia cantica	N. Carter et Denny, 1992	Species																																												0	0	F	BLACK			
NBNORG0000066791	NHMSYS0000602680	Chromista		Bacillariophyceae	Eunotiales	Eunotiaceae	Eunotia	Eunotia circumborealis	Lange-Bert. et Norpel, 1993	Species																																												0	0	F	BLACK			
NBNORG0000066792	NHMSYS0000602681	Chromista		Bacillariophyceae	Eunotiales	Eunotiaceae	Eunotia	Eunotia clevei	Grunow in Cleve et Möller, 1878	Species																																												0	0	F	BLACK			
NBNORG0000066793	NHMSYS0000602682	Chromista		Bacillariophyceae	Eunotiales	Eunotiaceae	Eunotia	Eunotia crista-galli	Cleve, 1891	Species																																												0	0	F	BLACK			
NBNORG0000066794	NHMSYS0000602688	Chromista		Bacillariophyceae	Eunotiales	Eunotiaceae	Eunotia	Eunotia denticulata	(Bréb.) Rabenh., 1864	Species	Eunotia denticulata var. denticulata;Eunotia denticulata var. fennica																																											0	0	F	BLACK			
NBNORG0000066796	NHMSYS0000602690	Chromista		Bacillariophyceae	Eunotiales	Eunotiaceae	Eunotia	Eunotia diodon	Ehrenb., 1837	Species																																												0	0	F	BLACK			
NBNORG0000066797	NHMSYS0000602691	Chromista		Bacillariophyceae	Eunotiales	Eunotiaceae	Eunotia	Eunotia elegans	Østrup, 1910	Species																																												0	0	F	BLACK			
NBNORG0000066798	NHMSYS0000602692	Chromista		Bacillariophyceae	Eunotiales	Eunotiaceae	Eunotia	Eunotia eruca	Ehrenb., 1844	Species																																												0	0	F	BLACK			
NBNORG0000066799	NHMSYS0000602693	Chromista		Bacillariophyceae	Eunotiales	Eunotiaceae	Eunotia	Eunotia exgracilis	A. Berg ex A. Cleve, 1953	Species																																												0	0	F	BLACK			
NBNORG0000066800	NHMSYS0000602694	Chromista		Bacillariophyceae	Eunotiales	Eunotiaceae	Eunotia	Eunotia exigua	(Bréb.) Rabenh., 1864	Species	Eunotia exigua form linearis;Eunotia exigua var. tridentula;Eunotia exigua var. undulata																																											4	4	C	GREEN		OTU_000402;OTU_002406;OTU_002415	
NBNORG0000066803	NHMSYS0000602699	Chromista		Bacillariophyceae	Eunotiales	Eunotiaceae	Eunotia	Eunotia faba	Ehrenb., 1838	Species																																												0	0	F	BLACK			
NBNORG0000066804	NHMSYS0000602700	Chromista		Bacillariophyceae	Eunotiales	Eunotiaceae	Eunotia	Eunotia fallax	A. Cleve, 1895	Species	Eunotia fallax var. groenlandica																																											0	0	F	BLACK			
NBNORG0000066806	NHMSYS0000602703	Chromista		Bacillariophyceae	Eunotiales	Eunotiaceae	Eunotia	Eunotia flexuosa	(Bréb.) Kütz., 1849	Species	Eunotia flexuosa var. eurycephala;Eunotia flexuosa var. platycephala																																											1	1	D	GREEN		OTU_002382	
NBNORG0000066809	NHMSYS0000602706	Chromista		Bacillariophyceae	Eunotiales	Eunotiaceae	Eunotia	Eunotia formica	Ehrenb., 1843	Species																																												1	0	D	GREEN		OTU_000200	
NBNORG0000066810	NHMSYS0000602707	Chromista		Bacillariophyceae	Eunotiales	Eunotiaceae	Eunotia	Eunotia germainii	J.R.Carter	Species																																												0	0	F	BLACK			
NBNORG0000066811	NHMSYS0000602708	Chromista		Bacillariophyceae	Eunotiales	Eunotiaceae	Eunotia	Eunotia gibbosa	Grunow in Van Heurck, 1881	Species																																												0	0	F	BLACK			
NBNORG0000066812	NHMSYS0000602709	Chromista		Bacillariophyceae	Eunotiales	Eunotiaceae	Eunotia	Eunotia glacialis	F. Meister, 1912	Species																																												1	0	D	GREEN		OTU_002204	
NBNORG0000066813	NHMSYS0000602711	Chromista		Bacillariophyceae	Eunotiales	Eunotiaceae	Eunotia	Eunotia hexaglyphis	Ehrenb., 1854	Species	Eunotia polyglyphis																																											0	0	F	BLACK			
NBNORG0000066814	NHMSYS0000602712	Chromista		Bacillariophyceae	Eunotiales	Eunotiaceae	Eunotia	Eunotia hyperborea	A. Berg, 1939	Species																																												0	0	F	BLACK			
NBNORG0000066815	NHMSYS0000602713	Chromista		Bacillariophyceae	Eunotiales	Eunotiaceae	Eunotia	Eunotia iatriaensis	Foged, 1970	Species																																												0	0	F	BLACK			
NBNORG0000066816	NHMSYS0000602714	Chromista		Bacillariophyceae	Eunotiales	Eunotiaceae	Eunotia	Eunotia implicata	Norpel, Lange-Bert. et Alles, 1991	Species																																												2	1	C	GREEN		OTU_002459;OTU_003750	
NBNORG0000066817	NHMSYS0000602715	Chromista		Bacillariophyceae	Eunotiales	Eunotiaceae	Eunotia	Eunotia incisa	Greg., 1854	Species																																												1	0	D	GREEN		OTU_003942	
NBNORG0000066818	NHMSYS0000602716	Chromista		Bacillariophyceae	Eunotiales	Eunotiaceae	Eunotia	Eunotia intermedia	(Krasske ex Hust.) Norpel et Lange-Bert., 1993	Species	Eunotia pectinalis minor intermedia;Eunotia pectinalis var. minor fo. intermedia																																											0	0	F	BLACK			
NBNORG0000122399	NHMSYS0021165285	Chromista		Bacillariophyceae	Eunotiales	Eunotiaceae	Eunotia	Eunotia islandica	Oestrup	Species			Y																																									0	0	F	BLACK			
NBNORG0000066819	NHMSYS0000602717	Chromista		Bacillariophyceae	Eunotiales	Eunotiaceae	Eunotia	Eunotia jemtlandica	(Fontell) A. Berg, 1939	Species																																												0	0	F	BLACK			
NBNORG0000066820	NHMSYS0000602718	Chromista		Bacillariophyceae	Eunotiales	Eunotiaceae	Eunotia	Eunotia kocheliensis	O. Müll., 1898	Species																																												0	0	F	BLACK			
NBNORG0000066821	NHMSYS0000602719	Chromista		Bacillariophyceae	Eunotiales	Eunotiaceae	Eunotia	Eunotia lapponica	Grunow ex A. Cleve, 1895	Species																																												0	0	F	BLACK			
NBNORG0000122400	NHMSYS0021165325	Chromista		Bacillariophyceae	Eunotiales	Eunotiaceae	Eunotia	Eunotia latitaenia	H.Kobayasi, K.Ando & T.Nagumo, 1981	Species			Y																																									6	6	E	RED		OTU_000378	Eunotia sp.
NBNORG0000066822	NHMSYS0000602722	Chromista		Bacillariophyceae	Eunotiales	Eunotiaceae	Eunotia	Eunotia major	(W. Sm.) Rabenh., 1864	Species	Eunotia major var. compacta;Eunotia major var. scandica;Eunotia major var. ventricosa																																											0	0	F	BLACK			
NBNORG0000066826	NHMSYS0000602726	Chromista		Bacillariophyceae	Eunotiales	Eunotiaceae	Eunotia	Eunotia meisteri	Hust., 1930	Species	Eunotia meisteri var. bidens																																											0	0	F	BLACK			
NBNORG0000066828	NHMSYS0000602728	Chromista		Bacillariophyceae	Eunotiales	Eunotiaceae	Eunotia	Eunotia microcephala	Krasske, 1932	Species	Eunotia microcephala var. tridentata																																											0	0	F	BLACK			
NBNORG0000066830	NHMSYS0000602731	Chromista		Bacillariophyceae	Eunotiales	Eunotiaceae	Eunotia	Eunotia minutissima	A. Cleve, 1934	Species																																												0	0	F	BLACK			
NBNORG0000066831	NHMSYS0000602732	Chromista		Bacillariophyceae	Eunotiales	Eunotiaceae	Eunotia	Eunotia monodon	Ehrenb., 1843	Species	Eunotia monodon fo. monodon;Eunotia monodon form curta;Eunotia monodon var. bidens																																											0	0	F	BLACK			
NBNORG0000123416	NHMSYS0021182390	Chromista		Bacillariophyceae	Eunotiales	Eunotiaceae	Eunotia	Eunotia mucophila	(Lange-Bert. & Nörpel) Lange-Bert.	Species				Y																																								7	2	E	RED		OTU_000371	Eunotia sp.
NBNORG0000066834	NHMSYS0000602736	Chromista		Bacillariophyceae	Eunotiales	Eunotiaceae	Eunotia	Eunotia muscicola	Krasske, 1939	Species	Eunotia muscicola var. perminuta;Eunotia muscicola var. tridentula																																											0	0	F	BLACK			
NBNORG0000106933	NHMSYS0020954980	Chromista		Bacillariophyceae	Eunotiales	Eunotiaceae	Eunotia	Eunotia naegelii	Migula, 1907	Species	Eunotia naegeli																																											0	0	F	BLACK			
NBNORG0000066837	NHMSYS0000602740	Chromista		Bacillariophyceae	Eunotiales	Eunotiaceae	Eunotia	Eunotia nodosa	Ehrenb., 1854	Species																																												0	0	F	BLACK			
NBNORG0000066838	NHMSYS0000602741	Chromista		Bacillariophyceae	Eunotiales	Eunotiaceae	Eunotia	Eunotia nymanniana	Grunow in Van Heurck, 1881	Species																																												0	0	F	BLACK			
NBNORG0000066839	NHMSYS0000602743	Chromista		Bacillariophyceae	Eunotiales	Eunotiaceae	Eunotia	Eunotia paludosa	Grunow in Van Heurck, 1881	Species																																												0	0	F	BLACK			
NBNORG0000066840	NHMSYS0000602745	Chromista		Bacillariophyceae	Eunotiales	Eunotiaceae	Eunotia	Eunotia papilio	(Ehrenb.) Hust., 1913	Species	Eunotia praerupta var. papilio																																											0	0	F	BLACK			
NBNORG0000066841	NHMSYS0000602746	Chromista		Bacillariophyceae	Eunotiales	Eunotiaceae	Eunotia	Eunotia parallela	Ehrenb., 1848	Species	Eunotia parallela var. densestriata																																											0	0	F	BLACK			
NBNORG0000066843	NHMSYS0000602749	Chromista		Bacillariophyceae	Eunotiales	Eunotiaceae	Eunotia	Eunotia pectinalis	(Kütz. Rabenh.	Species	Eunotia pectinalis form impressa;Eunotia pectinalis var. minor;Eunotia pectinalis var. undulata;Eunotia pectinalis var. ventricosa																																											1	0	D	GREEN		OTU_002236	
NBNORG0000066848	NHMSYS0000602756	Chromista		Bacillariophyceae	Eunotiales	Eunotiaceae	Eunotia	Eunotia perpusilla	Grunow, 1881	Species																																												1	0	D	GREEN		OTU_000411	
NBNORG0000066849	NHMSYS0000602757	Chromista		Bacillariophyceae	Eunotiales	Eunotiaceae	Eunotia	Eunotia pirla	J.R. Carter et Flower, 1988	Species																																												0	0	F	BLACK			
NBNORG0000066850	NHMSYS0000602759	Chromista		Bacillariophyceae	Eunotiales	Eunotiaceae	Eunotia	Eunotia praerupta	Ehrenb., 1843	Species	Eunotia praerupta var. bidens;Eunotia praerupta var. excelsa;Eunotia praerupta var. inflata;Eunotia praerupta var. muscicola																																											0	0	F	BLACK			
NBNORG0000066855	NHMSYS0000602766	Chromista		Bacillariophyceae	Eunotiales	Eunotiaceae	Eunotia	Eunotia praerupta-minor	A. Berg, 1939	Species																																												0	0	F	BLACK			
NBNORG0000106934	NHMSYS0020954983	Chromista		Bacillariophyceae	Eunotiales	Eunotiaceae	Eunotia	Eunotia praerupta-nana	Å. Berg, 1939	Species																																												0	0	F	BLACK			
NBNORG0000066856	NHMSYS0000602767	Chromista		Bacillariophyceae	Eunotiales	Eunotiaceae	Eunotia	Eunotia pseudopectinalis	Hust., 1924	Species																																												0	0	F	BLACK			
NBNORG0000066857	NHMSYS0000602768	Chromista		Bacillariophyceae	Eunotiales	Eunotiaceae	Eunotia	Eunotia rabenhorstii	Cleve et Grunow in Van Heurck, 1881	Species																																												0	0	F	BLACK			
NBNORG0000066858	NHMSYS0000602770	Chromista		Bacillariophyceae	Eunotiales	Eunotiaceae	Eunotia	Eunotia repens	A. Berg, 1939	Species																																												0	0	F	BLACK			
NBNORG0000066859	NHMSYS0000602771	Chromista		Bacillariophyceae	Eunotiales	Eunotiaceae	Eunotia	Eunotia rhomboidea	Hust., 1950	Species																																												0	0	F	BLACK			
NBNORG0000066860	NHMSYS0000602772	Chromista		Bacillariophyceae	Eunotiales	Eunotiaceae	Eunotia	Eunotia rhynchocephala	Hust., 1936	Species	Eunotia rhynchocephala var. satelles;Eunotia rhyncocephala																																											0	0	F	BLACK			
NBNORG0000066862	NHMSYS0000602777	Chromista		Bacillariophyceae	Eunotiales	Eunotiaceae	Eunotia	Eunotia scandinavica	A. Cleve ex Fontell, 1917	Species																																												0	0	F	BLACK			
NBNORG0000106935	NHMSYS0020954986	Chromista		Bacillariophyceae	Eunotiales	Eunotiaceae	Eunotia	Eunotia schwabei	Krasske, 1939	Species																																												0	0	F	BLACK			
NBNORG0000066863	NHMSYS0000602778	Chromista		Bacillariophyceae	Eunotiales	Eunotiaceae	Eunotia	Eunotia septentrionalis	Østrup, 1897	Species	Eunotia septentrionalis form geniculata																																											0	0	F	BLACK			
NBNORG0000066865	NHMSYS0000602780	Chromista		Bacillariophyceae	Eunotiales	Eunotiaceae	Eunotia	Eunotia serra	Ehrenb., 1837	Species	Eunotia serra var. diadema;Eunotia serra var. tetraodon																																											0	0	F	BLACK			
NBNORG0000066868	NHMSYS0000602783	Chromista		Bacillariophyceae	Eunotiales	Eunotiaceae	Eunotia	Eunotia siberica	Cleve in Cleve et Grunow, 1880	Species																																												0	0	F	BLACK			
NBNORG0000066869	NHMSYS0000602784	Chromista		Bacillariophyceae	Eunotiales	Eunotiaceae	Eunotia	Eunotia silvahercynia	Nörpel, Van Sull et Lange-Bert., 1991	Species																																												0	0	F	BLACK			
NBNORG0000066870	NHMSYS0000602785	Chromista		Bacillariophyceae	Eunotiales	Eunotiaceae	Eunotia	Eunotia soleirolii	(Kütz.) Rabenh., 1864	Species																																												0	0	F	BLACK			
NBNORG0000066871	NHMSYS0000602786	Chromista		Bacillariophyceae	Eunotiales	Eunotiaceae	Eunotia	Eunotia steineckii	J.B. Petersen, 1950	Species																																												0	0	F	BLACK			
NBNORG0000066872	NHMSYS0000602787	Chromista		Bacillariophyceae	Eunotiales	Eunotiaceae	Eunotia	Eunotia subarcuatoides	Alles, Norpel et Lange-Bert., 1991	Species																																												0	0	F	BLACK			
NBNORG0000066873	NHMSYS0000602788	Chromista		Bacillariophyceae	Eunotiales	Eunotiaceae	Eunotia	Eunotia subtilissima	A. Berg, 1939	Species																																												0	0	F	BLACK			
NBNORG0000066874	NHMSYS0000602789	Chromista		Bacillariophyceae	Eunotiales	Eunotiaceae	Eunotia	Eunotia sudetica	O. Müll., 1898	Species																																												0	0	F	BLACK			
NBNORG0000066875	NHMSYS0000602790	Chromista		Bacillariophyceae	Eunotiales	Eunotiaceae	Eunotia	Eunotia suecica	A. Cleve, 1895	Species																																												0	0	F	BLACK			
NBNORG0000066876	NHMSYS0000602791	Chromista		Bacillariophyceae	Eunotiales	Eunotiaceae	Eunotia	Eunotia tenella	(Grunow) A. Cleve, 1895	Species	Eunotia exigua var. tenella																																											0	0	F	BLACK			
NBNORG0000066877	NHMSYS0000602793	Chromista		Bacillariophyceae	Eunotiales	Eunotiaceae	Eunotia	Eunotia tibia	A. Cleve, 1953	Species	Eunotia ruzickae;Eunotia tibia var. bidens																																											0	0	F	BLACK			
NBNORG0000066879	NHMSYS0000602795	Chromista		Bacillariophyceae	Eunotiales	Eunotiaceae	Eunotia	Eunotia tridentula	Ehrenb., 1837	Species																																												0	0	F	BLACK			
NBNORG0000066880	NHMSYS0000602798	Chromista		Bacillariophyceae	Eunotiales	Eunotiaceae	Eunotia	Eunotia trinacria	Krasske, 1929	Species	Eunotia paludosa var. trinacria;Eunotia trinacria var. trinacria;Eunotia trinacria var. undulata																																											0	0	F	BLACK			
NBNORG0000066882	NHMSYS0000602800	Chromista		Bacillariophyceae	Eunotiales	Eunotiaceae	Eunotia	Eunotia triodon	Ehrenb., 1837	Species																																												0	0	F	BLACK			
NBNORG0000106937	NHMSYS0020954988	Chromista		Bacillariophyceae	Eunotiales	Eunotiaceae	Eunotia	Eunotia valida	Hustedt, 1930	Species																																												0	0	F	BLACK			
NBNORG0000066883	NHMSYS0000602801	Chromista		Bacillariophyceae	Eunotiales	Eunotiaceae	Eunotia	Eunotia vanheurckii	R.M. Patrick, 1958	Species																																												0	0	F	BLACK			
NBNORG0000066884	NHMSYS0000602802	Chromista		Bacillariophyceae	Eunotiales	Eunotiaceae	Eunotia	Eunotia veneris	(Kütz.) De Toni, 1892	Species																																												0	0	F	BLACK			
NBNORG0000125559	NHMSYS0021200418	Chromista		Bacillariophyceae	Triceratiales	Triceratiaceae	Eupodiscus	Eupodiscus jonesianus	Greville, 1862	Species	Coscinodiscopsis jonesiana;Coscinodiscus jonesianus				Y																																							1	0	D	BLUE		OTU_002833	
NBNORG0000125560	NHMSYS0021200424	Chromista		Bacillariophyceae	Triceratiales	Triceratiaceae	Eupodiscus	Eupodiscus sculptus	W.Smith, 1853	Species	Auliscus sculptus				Y																																							0	0	F	BLACK			
NBNORG0000125561	NHMSYS0021200430	Chromista		Bacillariophyceae	Triceratiales	Triceratiaceae	Eupodiscus	Eupodiscus tesselatus	Roper, 1858	Species	Roperia tesselata;Roperia tessellata				Y																																							0	0	F	BLACK			
NBNORG0000125806	NHMSYS0021201530	Chromista		Bacillariophyceae	Licmophorales	Licmophoraceae	Licmophora	Exilaria flabellata	Ehrenberg, 1832	Species					Y																																							0	0	F	BLACK			
NBNORG0000066888	NHMSYS0000602807	Chromista		Bacillariophyceae	Naviculales	Sellaphoraceae	Fallacia	Fallacia auriculata	(Hust.) D.G. Mann in Round et al., 1990	Species	Navicula auriculata																																											0	0	F	BLACK			
NBNORG0000066889	NHMSYS0000602808	Chromista		Bacillariophyceae	Naviculales	Sellaphoraceae	Fallacia	Fallacia egregia	(Hust.) D.G. Mann in Round et al., 1990	Species	Navicula egregia																																											0	0	F	BLACK			
NBNORG0000122401	NHMSYS0021165327	Chromista		Bacillariophyceae	Naviculales	Sellaphoraceae	Fallacia	Fallacia forcipata	(Greville) Stickle & Mann	Species			Y																																									1	0	D	GREEN		OTU_002703	
NBNORG0000066890	NHMSYS0000602809	Chromista		Bacillariophyceae	Naviculales	Sellaphoraceae	Fallacia	Fallacia fracta	(Hust. ex Simonsen) D.G. Mann in Round et al., 1990	Species	Navicula fracta																																											0	0	F	BLACK			
NBNORG0000066891	NHMSYS0000602810	Chromista		Bacillariophyceae	Naviculales	Sellaphoraceae	Fallacia	Fallacia helensis	(Schulz) D.G. Mann in Round et al., 1990	Species	Navicula helensis																																											0	0	F	BLACK			
NBNORG0000066892	NHMSYS0000602811	Chromista		Bacillariophyceae	Naviculales	Sellaphoraceae	Fallacia	Fallacia hummii	(Hust.) D.G. Mann in Round et al., 1990	Species	Navicula hummii																																											0	0	F	BLACK			
NBNORG0000066893	NHMSYS0000602812	Chromista		Bacillariophyceae	Naviculales	Sellaphoraceae	Fallacia	Fallacia indifferens	(Hust.) D.G. Mann in Round et al., 1990	Species	Navicula indifferens																																											0	0	F	BLACK			
NBNORG0000066894	NHMSYS0000602813	Chromista		Bacillariophyceae	Naviculales	Sellaphoraceae	Fallacia	Fallacia insociabilis	(Krasske) D.G. Mann in Round et al., 1990	Species	Navicula insociabilis																																											0	0	F	BLACK			
NBNORG0000106941	NHMSYS0020954992	Chromista		Bacillariophyceae	Naviculales	Sellaphoraceae	Fallacia	Fallacia lenzii	(Hustedt) Lange-Bertalot	Species																																												0	0	F	BLACK			
NBNORG0000066895	NHMSYS0000602814	Chromista		Bacillariophyceae	Naviculales	Sellaphoraceae	Fallacia	Fallacia lucens	(Hust. ex Salah) D.G. Mann in Round et al., 1990	Species	Navicula lucens																																											0	0	F	BLACK			
NBNORG0000103589	NHMSYS0020748806	Chromista		Bacillariophyceae	Naviculales	Sellaphoraceae	Fallacia	Fallacia lucinensis	(Hust.) Mann	Species	Navicula lucinensis																																											0	0	F	BLACK			
NBNORG0000066896	NHMSYS0000602815	Chromista		Bacillariophyceae	Naviculales	Sellaphoraceae	Fallacia	Fallacia mitis	(Hust.) D.G. Mann in Round et al., 1990	Species	Navicula mitis																																											0	0	F	BLACK			
NBNORG0000066897	NHMSYS0000602816	Chromista		Bacillariophyceae	Naviculales	Sellaphoraceae	Fallacia	Fallacia monoculata	(Hust.) D.G. Mann in Round et al., 1990	Species	Navicula monoculata																																											1	0	D	GREEN		OTU_002212	
NBNORG0000066898	NHMSYS0000602817	Chromista		Bacillariophyceae	Naviculales	Sellaphoraceae	Fallacia	Fallacia naumannii	(Hust.) D.G. Mann in Round et al., 1990	Species	Microcostatus naumannii;Navicula naumannii																																											0	0	F	BLACK			
NBNORG0000066899	NHMSYS0000602818	Chromista		Bacillariophyceae	Naviculales	Sellaphoraceae	Fallacia	Fallacia oculiformis	(Hust.) D.G. Mann in Round et al., 1990	Species	Navicula oculiformis																																											0	0	F	BLACK			
NBNORG0000066900	NHMSYS0000602819	Chromista		Bacillariophyceae	Naviculales	Sellaphoraceae	Fallacia	Fallacia omissa	(Hust.) D.G. Mann in Round et al., 1990	Species	Navicula monoculata var. omissa;Navicula omissa																																											0	0	F	BLACK			
NBNORG0000066901	NHMSYS0000602820	Chromista		Bacillariophyceae	Naviculales	Sellaphoraceae	Fallacia	Fallacia pseudoforcipata	(Hust.) D.G. Mann in Round et al., 1990	Species	Navicula pseudoforcipata																																											0	0	F	BLACK			
NBNORG0000066902	NHMSYS0000602821	Chromista		Bacillariophyceae	Naviculales	Sellaphoraceae	Fallacia	Fallacia pygmaea	(Kütz.) Stickle et D.G. Mann in Round et al., 1990	Species	Navicula pygmaea																																											1	0	D	GREEN		OTU_002330	
NBNORG0000066903	NHMSYS0000602822	Chromista		Bacillariophyceae	Naviculales	Sellaphoraceae	Fallacia	Fallacia standeriella	(Archibald) D.G. Mann in Round et al., 1990	Species	Navicula standeriella																																											0	0	F	BLACK			
NBNORG0000066904	NHMSYS0000602823	Chromista		Bacillariophyceae	Naviculales	Sellaphoraceae	Fallacia	Fallacia subhamulata	(Grunow in Van Heurck) D.G. Mann in Round et al., 1990	Species	Navicula hudsonis;Navicula subhamulata																																											1	0	D	GREEN		OTU_003935	
NBNORG0000103590	NHMSYS0020748807	Chromista		Bacillariophyceae	Naviculales	Sellaphoraceae	Fallacia	Fallacia sublucidula	(Hust) Mann	Species	Navicula sublucidula																																											0	0	F	BLACK			
NBNORG0000066905	NHMSYS0000602824	Chromista		Bacillariophyceae	Naviculales	Sellaphoraceae	Fallacia	Fallacia submitis	(Hust.) D.G. Mann in Round et al., 1990	Species	Navicula submitis																																											0	0	F	BLACK			
NBNORG0000066906	NHMSYS0000602825	Chromista		Bacillariophyceae	Naviculales	Sellaphoraceae	Fallacia	Fallacia tenera	(Hust.) D.G. Mann in Round et al., 1990	Species																																												1	0	D	GREEN		OTU_003131	
NBNORG0000066907	NHMSYS0000602826	Chromista		Bacillariophyceae	Naviculales	Sellaphoraceae	Fallacia	Fallacia versicolor	(Hust.) D.G. Mann in Round et al., 1990	Species	Navicula versicolor																																											0	0	F	BLACK			
NBNORG0000066908	NHMSYS0000602827	Chromista		Bacillariophyceae	Naviculales	Sellaphoraceae	Fallacia	Fallacia vitrea	(Østrup) D.G. Mann in Round et al., 1990	Species	Navicula festiva;Navicula vitrea																																											0	0	F	BLACK			
NBNORG0000115714	NHMSYS0021058009	Chromista		Bacillariophyceae	Naviculales	Naviculaceae	Fistulifera	Fistulifera pelliculosa	(Brébisson) Lange-Bertalot, 1997	Species	Navicula pelliculosa		Y																																									0	0	F	BLACK			
NBNORG0000122402	NHMSYS0021165222	Chromista		Bacillariophyceae	Naviculales	Naviculaceae	Fistulifera	Fistulifera solaris	S.Mayama, M.Matsumoto, K.Nemoto & T.Tanaka in Matsumoto et al., 2014	Species			Y																																									0	0	F	BLACK			
NBNORG0000123417	NHMSYS0021182396	Chromista		Bacillariophyceae	Fragilariales	Fragilariaceae	Fragilaria	Fragilaria acidoclinata	Lange.Bert- & G. Hofmann	Species				Y																																								0	0	F	BLACK			
NBNORG0000066913	NHMSYS0000602836	Chromista		Bacillariophyceae	Fragilariales	Fragilariaceae	Fragilaria	Fragilaria alpestris	Krasske ex Hust., 1931	Species																																												0	0	F	BLACK			
NBNORG0000066914	NHMSYS0000602841	Chromista		Bacillariophyceae	Fragilariales	Fragilariaceae	Fragilaria	Fragilaria bidens	Heib., 1863	Species																																												0	0	F	BLACK			
NBNORG0000066917	NHMSYS0021058313	Chromista		Bacillariophyceae	Fragilariales	Fragilariaceae	Fragilaria	Fragilaria capucina	Desmazières, 1825	Species	Fragilaria capucina var. acuta;Fragilaria capucina var. amphicephala;Fragilaria capucina var. austriaca;Fragilaria capucina var. capitellata;Fragilaria capucina var. distans;Fragilaria capucina var. gracilis;Fragilaria capucina var. intermedia;Fragilaria capucina var. lanceolata;Fragilaria capucina var. mesolepta;Fragilaria capucina var. perminuta;Fragilaria capucina var. radians;Fragilaria capucina var. rumpens;Fragilaria capucina var. subsalina;Fragilaria capucina var. vaucheriae		Y																																									13	0	E	RED		OTU_000023;OTU_000202;OTU_000824;OTU_000838;OTU_002828;OTU_002842	Centronella reicheltii;Fragilaria cf. crotonensis;Fragilaria cf. nanoides;Fragilaria cf. pararumpens;Fragilaria crotonensis;Fragilaria mesolepta;Fragilaria nanoides;Fragilaria pararumpens;Fragilaria saxoplanctonica;Fragilaria sp.;Ulnaria acus
NBNORG0000066924	NHMSYS0000602865	Chromista		Bacillariophyceae	Fragilariales	Fragilariaceae	Fragilaria	Fragilaria crotonensis	Kitton, 1869	Species	Fragilaria crotonensis var. prolongata																																											6	0	E	RED		OTU_000023;OTU_002027	Centronella reicheltii;Fragilaria capucina;Fragilaria cf. crotonensis;Fragilaria cf. nanoides;Fragilaria cf. pararumpens;Fragilaria mesolepta;Fragilaria nanoides;Fragilaria pararumpens;Fragilaria sp.;Ulnaria acus
NBNORG0000122403	NHMSYS0021165239	Chromista		Bacillariophyceae	Fragilariales	Fragilariaceae	Fragilaria	Fragilaria delicatissima	(W. Smith) Lange-Bertalot, 1981	Species			Y																																									0	0	F	BLACK			
NBNORG0000123418	NHMSYS0021182402	Chromista		Bacillariophyceae	Fragilariales	Fragilariaceae	Fragilaria	Fragilaria exiguiformis	Lange-Bert.	Species				Y																																								0	0	F	BLACK			
NBNORG0000103619	NHMSYS0020749317	Chromista		Bacillariophyceae	Fragilariales	Fragilariaceae	Fragilaria	Fragilaria famelica	(Kützing) Lange-Bertalot	Species	Synedra famelica																																											1	0	D	GREEN		OTU_002206	
NBNORG0000066926	NHMSYS0000602870	Chromista		Bacillariophyceae	Fragilariales	Fragilariaceae	Fragilaria	Fragilaria fragilarioides	(Grunow in Van Heurck) Cholnoky, 1963	Species																																												0	0	F	BLACK			
NBNORG0000122404	NHMSYS0021165328	Chromista		Bacillariophyceae	Fragilariales	Fragilariaceae	Fragilaria	Fragilaria gracilis	Oestrup, 1910	Species			Y																																									78	68	E	RED		OTU_000074;OTU_000083;OTU_002078;OTU_002087;OTU_003809	Fragilaria cf. gracilis
NBNORG0000066927	NHMSYS0000602871	Chromista		Bacillariophyceae	Fragilariales	Fragilariaceae	Fragilaria	Fragilaria heidenii	Østrup, 1910	Species	Fragilaria inflata																																											0	0	F	BLACK			
NBNORG0000066928	NHMSYS0000602872	Chromista		Bacillariophyceae	Fragilariales	Fragilariaceae	Fragilaria	Fragilaria hyalina	(Kütz.) Grunow, 1862	Species																																												0	0	F	BLACK			
NBNORG0000066929	NHMSYS0000602873	Chromista		Bacillariophyceae	Fragilariales	Fragilariaceae	Fragilaria	Fragilaria incognita	Reichardt, 1988	Species																																												0	0	F	BLACK			
NBNORG0000115147	NHMSYS0021058314	Chromista		Bacillariophyceae	Fragilariales	Fragilariaceae	Fragilaria	Fragilaria islandica	Grunow ex Van Heurck, 1881	Species					Y																																							0	0	F	BLACK			
NBNORG0000106953	NHMSYS0020955004	Chromista		Bacillariophyceae	Fragilariales	Fragilariaceae	Fragilaria	Fragilaria karelica	Mölder, 1951	Species																																												0	0	F	BLACK			
NBNORG0000066931	NHMSYS0000602882	Chromista		Bacillariophyceae	Fragilariales	Fragilariaceae	Fragilaria	Fragilaria mazamaensis	(Sovereign) Lange-Bert., 1980	Species	Synedra mazamaensis																																											0	0	F	BLACK			
NBNORG0000106954	NHMSYS0020955005	Chromista		Bacillariophyceae	Fragilariales	Fragilariaceae	Fragilaria	Fragilaria microstriata	Marciniak, 1982	Species																																												0	0	F	BLACK			
NBNORG0000066932	NHMSYS0000602884	Chromista		Bacillariophyceae	Fragilariales	Fragilariaceae	Fragilaria	Fragilaria minuscula	(Grunow in Van Heurck) D.M. Williams et Round, 1987	Species	Synedra miniscula																																											0	0	F	BLACK			
NBNORG0000106955	NHMSYS0020955006	Chromista		Bacillariophyceae	Fragilariales	Fragilariaceae	Fragilaria	Fragilaria nanoides	Lange-Bertalot, 1996	Species																																												9	9	E	RED		OTU_000023	Centronella reicheltii;Fragilaria capucina;Fragilaria cf. crotonensis;Fragilaria cf. nanoides;Fragilaria cf. pararumpens;Fragilaria crotonensis;Fragilaria mesolepta;Fragilaria pararumpens;Fragilaria sp.;Ulnaria acus
NBNORG0000066933	NHMSYS0000602886	Chromista		Bacillariophyceae	Fragilariales	Fragilariaceae	Fragilaria	Fragilaria neoproducta	Lange-Bert., 1991	Species																																												0	0	F	BLACK			
NBNORG0000066934	NHMSYS0000602887	Chromista		Bacillariophyceae	Fragilariales	Fragilariaceae	Fragilaria	Fragilaria oldenburgiana	Hust., 1959	Species																																												0	0	F	BLACK			
NBNORG0000122405	NHMSYS0021165223	Chromista		Bacillariophyceae	Fragilariales	Fragilariaceae	Fragilaria	Fragilaria pararumpens	Lange-Bert., G. Hofmann & Werum	Species			Y																																									3	3	E	RED		OTU_000023	Centronella reicheltii;Fragilaria capucina;Fragilaria cf. crotonensis;Fragilaria cf. nanoides;Fragilaria cf. pararumpens;Fragilaria crotonensis;Fragilaria mesolepta;Fragilaria nanoides;Fragilaria sp.;Ulnaria acus
NBNORG0000122406	NHMSYS0021165224	Chromista		Bacillariophyceae	Fragilariales	Fragilariaceae	Fragilaria	Fragilaria pectinalis	(O.F. Müller) Lyngbye, 1819	Species			Y																																									0	0	F	BLACK			
NBNORG0000091389	NHMSYS0020063203	Chromista		Bacillariophyceae	Fragilariales	Fragilariaceae	Fragilaria	Fragilaria perminuta	Lange-Bert. 2000	Species																																												14	2	E	RED		OTU_000082	Fragilaria heatherae;Fragilaria joachimii
NBNORG0000060467	NHMSYS0000524524	Chromista		Bacillariophyceae	Fragilariales	Fragilariaceae	Fragilaria	Fragilaria pinnata	Ehrenb. 1843	Species																																												0	0	F	BLACK			
NBNORG0000066937	NHMSYS0000602897	Chromista		Bacillariophyceae	Fragilariales	Fragilariaceae	Fragilaria	Fragilaria radians	(Kütz.) D.M. Williams et Round, 1987	Species	Synedra radians																																											17	0	E	RED		OTU_000475;OTU_002479	Fragilaria tenuistriata
NBNORG0000122407	NHMSYS0021165225	Chromista		Bacillariophyceae	Fragilariales	Fragilariaceae	Fragilaria	Fragilaria recapitellata	Lange-Bertalot & Metzeltin, 2009	Species			Y																																									0	0	F	BLACK			
NBNORG0000122648	NHMSYS0021167666	Chromista		Bacillariophyceae	Fragilariales	Fragilariaceae	Fragilaria	Fragilaria rotundissima	Hargraves & Guillard, 1974	Species																																												1	0	D	GREEN		OTU_003821	
NBNORG0000122408	NHMSYS0021165329	Chromista		Bacillariophyceae	Fragilariales	Fragilariaceae	Fragilaria	Fragilaria rumpens	(Kützing) Carlson, 1913	Species			Y																																									0	0	F	BLACK			
NBNORG0000115146	NHMSYS0021058315	Chromista		Bacillariophyceae	Fragilariales	Fragilariaceae	Fragilaria	Fragilaria striatula	Lyngbye, 1819	Species					Y																																							0	0	F	BLACK			
NBNORG0000091390	NHMSYS0020063204	Chromista		Bacillariophyceae	Fragilariales	Fragilariaceae	Fragilaria	Fragilaria tenera	W. Sm.1856	Species																																												7	7	E	RED		OTU_000428;OTU_002432	Fragilaria nevadensis
NBNORG0000066939	NHMSYS0000602900	Chromista		Bacillariophyceae	Fragilariales	Fragilariaceae	Fragilaria	Fragilaria tenuicollis	Heib., 1863	Species																																												0	0	F	BLACK			
NBNORG0000125572	NHMSYS0021200478	Chromista		Bacillariophyceae	Fragilariales	Fragilariaceae	Fragilaria	Fragilaria unipunctata	Lyngbye, 1819	Species	Striatella unipunctata				Y																																							3	0	C	BLUE		OTU_000575;OTU_000791;OTU_002579	
NBNORG0000066940	NHMSYS0000602905	Chromista		Bacillariophyceae	Fragilariales	Fragilariaceae	Fragilaria	Fragilaria vaucheriae	(Kütz.) J.B. Petersen, 1938	Species	Fragilaria vaucheriae var. capitellata;Synedra vaucheriae																																											2	0	E	RED		OTU_000390	Ulnaria acus
NBNORG0000060468	NHMSYS0000524527	Chromista		Bacillariophyceae	Fragilariales	Fragilariaceae	Fragilaria	Fragilaria virescens	Ralfs 1843	Species																																												0	0	F	BLACK			
NBNORG0000066942	NHMSYS0000602911	Chromista		Bacillariophyceae	Fragilariales	Fragilariaceae	Fragilariforma	Fragilariforma acidobiontica	(D.F. Charles) D.M. Williams et Round, 1988	Species	Fragilaria acidobiontica																																											0	0	F	BLACK			
NBNORG0000066943	NHMSYS0000602912	Chromista		Bacillariophyceae	Fragilariales	Fragilariaceae	Fragilariforma	Fragilariforma bicapitata	(Art Meyer) D.M. Williams et Round, 1988	Species	Fragilaria bicapitata																																											0	0	F	BLACK			
NBNORG0000066944	NHMSYS0000602913	Chromista		Bacillariophyceae	Fragilariales	Fragilariaceae	Fragilariforma	Fragilariforma constricta	(Ehrenb.) D.M. Williams et Round, 1988	Species	Fragilariforma constricta form stricta;Fragilariforma constricta form tetranodis;Fragilariforma constricta var. quadrata;Fragilariforma constricta var. trinodis																																											0	0	F	BLACK			
NBNORG0000066949	NHMSYS0000602918	Chromista		Bacillariophyceae	Fragilariales	Fragilariaceae	Fragilariforma	Fragilariforma floridana	(Hanna) D.M. Williams, 1990	Species																																												0	0	F	BLACK			
NBNORG0000066950	NHMSYS0000602919	Chromista		Bacillariophyceae	Fragilariales	Fragilariaceae	Fragilariforma	Fragilariforma lata	(A. Cleve) D.M. Williams et Round, 1988	Species	Fragilaria lata																																											0	0	F	BLACK			
NBNORG0000122818	NHMSYS0021168202	Chromista		Bacillariophyceae	Fragilariales	Fragilariaceae	Fragilariforma	Fragilariforma nitzschioides	(Grunow) Lange-Bertalot in Hofmann et al. (2011)	Species	Fragilaria nitzschioides				Y																																							0	0	F	BLACK			
NBNORG0000066951	NHMSYS0000602920	Chromista		Bacillariophyceae	Fragilariales	Fragilariaceae	Fragilariforma	Fragilariforma strangulata	(Zanon) D.M. Williams et Round, 1988	Species																																												0	0	F	BLACK			
NBNORG0000066952	NHMSYS0000602921	Chromista		Bacillariophyceae	Fragilariales	Fragilariaceae	Fragilariforma	Fragilariforma virescens	(Ralfs) D.M. Williams et Round, 1988	Species	Fragilariforma virescens var. capitata;Fragilariforma virescens var. elliptica;Fragilariforma virescens var. exigua;Fragilariforma virescens var. mesolepta;Fragilariforma virescens var. oblongella;Fragilariforma virescens var. subsalina																																											1	0	D	GREEN		OTU_002235	
NBNORG0000115745	NHMSYS0021057976	Chromista		Bacillariophyceae	Bacillariales	Bacillariaceae	Fragilariopsis	Fragilariopsis oceanica	(Cleve) Hasle, 1965	Species	Fragilaria oceanica;Fragilaria oceanica f. oceanica				Y																																							0	0	F	BLACK			
NBNORG0000066964	NHMSYS0000602938	Chromista		Bacillariophyceae	Naviculales	Amphipleuraceae	Frustulia	Frustulia amphipleuroides	(Grunow in Cleve et Grunow) A. Cleve, 1934	Species	Frustulia rhomboides var. amphipleuroides																																											0	0	F	BLACK			
NBNORG0000122646	NHMSYS0021167672	Chromista		Bacillariophyceae	Naviculales	Amphipleuraceae	Frustulia	Frustulia aotearoa	T. Beier & Lange-Bertalot, 2007	Species																																												1	0	D	GREEN		OTU_003644	
NBNORG0000122643	NHMSYS0021167678	Chromista		Bacillariophyceae	Naviculales	Amphipleuraceae	Frustulia	Frustulia cassieae	T. Beier & Lange-Bertalot, 2007	Species																																												1	0	D	GREEN		OTU_003629	
NBNORG0000106957	NHMSYS0020955011	Chromista		Bacillariophyceae	Naviculales	Amphipleuraceae	Frustulia	Frustulia crassinveria	(Brébisson) Lange-Bertalot & Krammer in Lange-Bertalot & Metzeltin, 1996	Species																																												0	0	F	BLACK			
NBNORG0000066965	NHMSYS0000602939	Chromista		Bacillariophyceae	Naviculales	Amphipleuraceae	Frustulia	Frustulia creuzburgensis	(Krasske) Hust., 1957	Species																																												0	0	F	BLACK			
NBNORG0000106958	NHMSYS0020955013	Chromista		Bacillariophyceae	Naviculales	Amphipleuraceae	Frustulia	Frustulia erifuga	Lange-Bertalot & Krammer in Lange-Bertalot & Metzeltin, 1996	Species																																												3	0	C	GREEN		OTU_001635;OTU_003639	
NBNORG0000122647	NHMSYS0021167684	Chromista		Bacillariophyceae	Naviculales	Amphipleuraceae	Frustulia	Frustulia gondwana	T. Beier & Lange-Bertalot, 2007	Species																																												1	0	D	GREEN		OTU_003632	
NBNORG0000106959	NHMSYS0020955014	Chromista		Bacillariophyceae	Naviculales	Amphipleuraceae	Frustulia	Frustulia krammeri	Lange-Bertalot & Metzeltin in Metzeltin & Lange-Bertalot, 1998	Species																																												1	0	D	GREEN		OTU_003641	
NBNORG0000122644	NHMSYS0021167690	Chromista		Bacillariophyceae	Naviculales	Amphipleuraceae	Frustulia	Frustulia magaliesmontana	Cholnoky, 1957	Species																																												0	0	F	BLACK			
NBNORG0000122645	NHMSYS0021167696	Chromista		Bacillariophyceae	Naviculales	Amphipleuraceae	Frustulia	Frustulia maoriana	Lange-Bertalot & Beier	Species																																												2	0	C	GREEN		OTU_003633;OTU_003648	
NBNORG0000066966	NHMSYS0020955015	Chromista		Bacillariophyceae	Naviculales	Amphipleuraceae	Frustulia	Frustulia rhomboides	(Ehrenberg) De Toni, 1891	Species	Frustulia rhomboides fo. capitata;Frustulia rhomboides form undulata;Frustulia rhomboides var. capitata;Frustulia rhomboides var. crassinervia;Frustulia rhomboides var. saxonica fo. undulata		Y																																									0	0	F	BLACK			
NBNORG0000066969	NHMSYS0000602947	Chromista		Bacillariophyceae	Naviculales	Amphipleuraceae	Frustulia	Frustulia saxonica	Rabenh., 1851	Species	Frustulia rhomboides var. saxonica																																											3	0	C	GREEN		OTU_001636;OTU_003640	
NBNORG0000066970	NHMSYS0000602948	Chromista		Bacillariophyceae	Naviculales	Amphipleuraceae	Frustulia	Frustulia spicula	Amossé, 1891	Species																																												0	0	F	BLACK			
NBNORG0000100070	NHMSYS0020704044	Chromista		Bacillariophyceae	Naviculales	Amphipleuraceae	Frustulia	Frustulia viridula	(Bréb.) DeToni	Species	Frustulia rhomboides var. viridula																																											0	0	F	BLACK			
NBNORG0000066971	NHMSYS0000602949	Chromista		Bacillariophyceae	Naviculales	Amphipleuraceae	Frustulia	Frustulia vulgaris	(Thwaites) De Toni, 1891	Species	Frustulia vulgaris var. capitata																																											1	0	D	GREEN		OTU_003637	
NBNORG0000106963	NHMSYS0020955019	Chromista		Bacillariophyceae	Naviculales	Amphipleuraceae	Frustulia	Frustulia weinholdii	Hust. 1937	Species	Frustulia weinholdi																																											0	0	F	BLACK			
NBNORG0000067041	NHMSYS0000603069	Chromista		Bacillariophyceae	Cymbellales	Cymbellaceae	Gomphocymbella	Gomphocymbella ancyli	(Grunow) Hust., 1930	Species	Cymbella ancyli																																											0	0	F	BLACK			
NBNORG0000122411	NHMSYS0021165331	Chromista		Bacillariophyceae	Cymbellales	Gomphonemataceae	Gomphoneis	Gomphoneis minuta	(Stone) Kociolek & Stoermer, 1988	Species			Y																																									0	0	F	BLACK			
NBNORG0000106969	NHMSYS0020955026	Chromista		Bacillariophyceae	Cymbellales	Gomphonemataceae	Gomphoneis	Gomphoneis olivaceoides	(Hustedt) J.R. Carter, 1981	Species																																												0	0	F	BLACK			
NBNORG0000106970	NHMSYS0020955027	Chromista		Bacillariophyceae	Cymbellales	Gomphonemataceae	Gomphoneis	Gomphoneis quadripunctatum	(Østrup) P. Dawson ex R. Ross & P.A. Sims, 1978	Species																																												0	0	F	BLACK			
NBNORG0000122412	NHMSYS0021165226	Chromista		Bacillariophyceae	Cymbellales	Gomphonemataceae	Gomphonema	Gomphonema acidoclinatum	Lange-Bert. & Reichardt	Species			Y																																									0	0	F	BLACK			
NBNORG0000067043	NHMSYS0000603073	Chromista		Bacillariophyceae	Cymbellales	Gomphonemataceae	Gomphonema	Gomphonema acuminatum	Ehrenb., 1836	Species	Gomphonema acuminatum var. brebissonii;Gomphonema acuminatum var. coronatum;Gomphonema acuminatum var. elongatum;Gomphonema acuminatum var. pusillum;Gomphonema acuminatum var. trigonocephalum																																											7	3	E	RED		OTU_000047;OTU_002446	Gomphonema brebissonii;Gomphonema clavatum
NBNORG0000067049	NHMSYS0000603081	Chromista		Bacillariophyceae	Cymbellales	Gomphonemataceae	Gomphonema	Gomphonema acutiusculum	(O. Müll.) A. Cleve, 1955	Species																																												0	0	F	BLACK			
NBNORG0000067050	NHMSYS0000603082	Chromista		Bacillariophyceae	Cymbellales	Gomphonemataceae	Gomphonema	Gomphonema affine	Kütz., 1844	Species																																												7	0	E	RED		OTU_000033;OTU_000217;OTU_000407;OTU_001744;OTU_002221;OTU_002692;OTU_003748	Gomphonema carolinense;Gomphonema exilissimum;Gomphonema gracile;Gomphonema hebridense;Gomphonema lagenula;Gomphonema parvulum;Gomphonema saprophilum;Gomphonema sp.
NBNORG0000067051	NHMSYS0000603083	Chromista		Bacillariophyceae	Cymbellales	Gomphonemataceae	Gomphonema	Gomphonema amoenum	Lange-Bert., 1985	Species	Gomphonema anoenum																																											0	0	F	BLACK			
NBNORG0000067052	NHMSYS0000603084	Chromista		Bacillariophyceae	Cymbellales	Gomphonemataceae	Gomphonema	Gomphonema angustatum	(Kütz.) Rabenh., 1864	Species	Gomphonema angustatum var. obtusatum;Gomphonema angustatum var. productum;Gomphonema angustatum var. sarcophagus																																											0	0	F	BLACK			
NBNORG0000067056	NHMSYS0000603088	Chromista		Bacillariophyceae	Cymbellales	Gomphonemataceae	Gomphonema	Gomphonema angustum	Agardh, 1831	Species																																												0	0	F	BLACK			
NBNORG0000067057	NHMSYS0000603089	Chromista		Bacillariophyceae	Cymbellales	Gomphonemataceae	Gomphonema	Gomphonema apicatum	Ehrenb., 1854	Species																																												0	0	F	BLACK			
NBNORG0000067058	NHMSYS0000603090	Chromista		Bacillariophyceae	Cymbellales	Gomphonemataceae	Gomphonema	Gomphonema augur	Ehrenb., 1840	Species	Gomphonema augur var. gautieri;Gomphonema augur var. sphaerophorum;Gomphonema augur var. turris																																											0	0	F	BLACK			
NBNORG0000067062	NHMSYS0000603094	Chromista		Bacillariophyceae	Cymbellales	Gomphonemataceae	Gomphonema	Gomphonema auritum	A.Braun ex Kütz., 1849	Species																																												0	0	F	BLACK			
NBNORG0000106972	NHMSYS0020955031	Chromista		Bacillariophyceae	Cymbellales	Gomphonemataceae	Gomphonema	Gomphonema bavaricum	Reichardt & Lange-Bertalot, 1991	Species																																												0	0	F	BLACK			
NBNORG0000067063	NHMSYS0000603096	Chromista		Bacillariophyceae	Cymbellales	Gomphonemataceae	Gomphonema	Gomphonema bipunctatum	Krasske, 1943	Species																																												0	0	F	BLACK			
NBNORG0000122413	NHMSYS0021165332	Chromista		Bacillariophyceae	Cymbellales	Gomphonemataceae	Gomphonema	Gomphonema bourbonense	E.Reichardt, 1997	Species			Y																																									10	0	C	GREEN		OTU_000091;OTU_001298;OTU_002095	
NBNORG0000122414	NHMSYS0021165330	Chromista		Bacillariophyceae	Cymbellales	Gomphonemataceae	Gomphonema	Gomphonema brebissonii	Kützing, 1849	Species			Y																																									1	0	E	RED		OTU_000047	Gomphonema acuminatum;Gomphonema clavatum
NBNORG0000122674	NHMSYS0021167702	Chromista		Bacillariophyceae	Cymbellales	Gomphonemataceae	Gomphonema	Gomphonema calcifugum	Lange-Bertalot & Reichardt in Lange-Bertalot & Genkal, 1999	Species																																												0	0	F	BLACK			
NBNORG0000067064	NHMSYS0000603099	Chromista		Bacillariophyceae	Cymbellales	Gomphonemataceae	Gomphonema	Gomphonema capitatum	Ehrenb., 1838	Species	Gomphonema constrictum var. capitatum;Gomphonema truncatum var. capitatum																																											1	0	E	RED		OTU_000431	Gomphonema clavatum;Gomphonema sp.;Gomphonema subclavatum var. mexicanum;Gomphonema truncatum
NBNORG0000067065	NHMSYS0000603100	Chromista		Bacillariophyceae	Cymbellales	Gomphonemataceae	Gomphonema	Gomphonema carlsenii	Foged, 1964	Species																																												0	0	F	BLACK			
NBNORG0000122415	NHMSYS0021165333	Chromista		Bacillariophyceae	Cymbellales	Gomphonemataceae	Gomphonema	Gomphonema carolinense	Hagelstein, 1939	Species			Y																																									1	0	E	RED		OTU_000217	Gomphonema affine;Gomphonema gracile;Gomphonema sp.
NBNORG0000067066	NHMSYS0000603102	Chromista		Bacillariophyceae	Cymbellales	Gomphonemataceae	Gomphonema	Gomphonema clavatum	Ehrenb., 1832	Species																																												4	2	E	RED		OTU_000047;OTU_000431;OTU_003872	Gomphonema acuminatum;Gomphonema brebissonii;Gomphonema capitatum;Gomphonema sp.;Gomphonema subclavatum var. mexicanum;Gomphonema truncatum
NBNORG0000067067	NHMSYS0000603103	Chromista		Bacillariophyceae	Cymbellales	Gomphonemataceae	Gomphonema	Gomphonema clevei	Fricke, 1902	Species																																												4	0	C	GREEN		OTU_000084;OTU_002088	
NBNORG0000106973	NHMSYS0020955032	Chromista		Bacillariophyceae	Cymbellales	Gomphonemataceae	Gomphonema	Gomphonema constrictum	Ehrenberg, 1832	Species																																												0	0	F	BLACK			
NBNORG0000122416	NHMSYS0021165402	Chromista		Bacillariophyceae	Cymbellales	Gomphonemataceae	Gomphonema	Gomphonema coronatum	Ehrenberg, 1840	Species			Y																																									1	0	D	GREEN		OTU_002051	
NBNORG0000122417	NHMSYS0021165227	Chromista		Bacillariophyceae	Cymbellales	Gomphonemataceae	Gomphonema	Gomphonema cuneolus	Reichardt	Species			Y																																									1	0	D	GREEN		OTU_003923	
NBNORG0000122418	NHMSYS0021165335	Chromista		Bacillariophyceae	Cymbellales	Gomphonemataceae	Gomphonema	Gomphonema cymbelliclinum	E.Reichardt & Lange-Bertalot in Reichardt, 1999	Species			Y																																									0	0	F	BLACK			
NBNORG0000067068	NHMSYS0000603105	Chromista		Bacillariophyceae	Cymbellales	Gomphonemataceae	Gomphonema	Gomphonema dichotomum	Kütz., 1844	Species																																												1	0	D	GREEN		OTU_000688	
NBNORG0000123419	NHMSYS0021182408	Chromista		Bacillariophyceae	Cymbellales	Gomphonemataceae	Gomphonema	Gomphonema elegantissimum	Reichardt & Lange-Bertalot, 1997	Species				Y																																								4	0	E	RED		OTU_001901;OTU_001902;OTU_003905;OTU_003906	Gomphonema pumilum var. rigidum
NBNORG0000067069	NHMSYS0000603107	Chromista		Bacillariophyceae	Cymbellales	Gomphonemataceae	Gomphonema	Gomphonema exiguum	Kütz., 1844	Species	Gomphonema exiguum var. minutissimum																																											0	0	F	BLACK			
NBNORG0000122419	NHMSYS0021165228	Chromista		Bacillariophyceae	Cymbellales	Gomphonemataceae	Gomphonema	Gomphonema exilissimum	(Grunow) Lange-Bertalot & E.Reichardt in Lange-Bertalot & Metzeltin, 1996	Species			Y																																									2	2	E	RED		OTU_000033;OTU_000412	Gomphonema affine;Gomphonema lagenula;Gomphonema parvulum;Gomphonema saprophilum
NBNORG0000067071	NHMSYS0000603110	Chromista		Bacillariophyceae	Cymbellales	Gomphonemataceae	Gomphonema	Gomphonema globiferum	F. Meister, 1913	Species																																												0	0	F	BLACK			
NBNORG0000067072	NHMSYS0000603111	Chromista		Bacillariophyceae	Cymbellales	Gomphonemataceae	Gomphonema	Gomphonema gracile	Ehrenb., 1838	Species																																												1	0	E	RED		OTU_000217	Gomphonema affine;Gomphonema carolinense;Gomphonema sp.
NBNORG0000067073	NHMSYS0000603112	Chromista		Bacillariophyceae	Cymbellales	Gomphonemataceae	Gomphonema	Gomphonema grovei	M. Schmidt, 1899	Species	Gomphonema grovei var. lingulatum																																											0	0	F	BLACK			
NBNORG0000067075	NHMSYS0000603114	Chromista		Bacillariophyceae	Cymbellales	Gomphonemataceae	Gomphonema	Gomphonema grunowii	R.M. Patrick, 1975	Species																																												0	0	F	BLACK			
NBNORG0000067076	NHMSYS0000603115	Chromista		Bacillariophyceae	Cymbellales	Gomphonemataceae	Gomphonema	Gomphonema hatherlianum	Bastow, 1954	Species																																												0	0	F	BLACK			
NBNORG0000067077	NHMSYS0000603116	Chromista		Bacillariophyceae	Cymbellales	Gomphonemataceae	Gomphonema	Gomphonema hebridense	Greg., 1854	Species																																												9	8	E	RED		OTU_000407;OTU_002411	Gomphonema affine
NBNORG0000067078	NHMSYS0000603117	Chromista		Bacillariophyceae	Cymbellales	Gomphonemataceae	Gomphonema	Gomphonema helveticum	Brun, 1895	Species	Gomphonema helveticum var. tenuis																																											0	0	F	BLACK			
NBNORG0000067080	NHMSYS0000603120	Chromista		Bacillariophyceae	Cymbellales	Gomphonemataceae	Gomphonema	Gomphonema insigne	Greg., 1856	Species																																												0	0	F	BLACK			
NBNORG0000122420	NHMSYS0021165334	Chromista		Bacillariophyceae	Cymbellales	Gomphonemataceae	Gomphonema	Gomphonema lagenula	Kützing, 1844	Species			Y																																									12	0	E	RED		OTU_000033;OTU_000054	Gomphonema affine;Gomphonema exilissimum;Gomphonema parvulum;Gomphonema saprophilum
NBNORG0000067081	NHMSYS0000603126	Chromista		Bacillariophyceae	Cymbellales	Gomphonemataceae	Gomphonema	Gomphonema lagerheimii	A. Cleve, 1895	Species	Gomphonema lagerheimei																																											0	0	F	BLACK			
NBNORG0000106975	NHMSYS0020955035	Chromista		Bacillariophyceae	Cymbellales	Gomphonemataceae	Gomphonema	Gomphonema lanceolatum	C.A. Agardh, 1831	Species																																												0	0	F	BLACK			
NBNORG0000067082	NHMSYS0000603128	Chromista		Bacillariophyceae	Cymbellales	Gomphonemataceae	Gomphonema	Gomphonema lateripunctatum	Reichardt in Lange-Bert., 1991	Species	Gomphonema intricatum var. pumila																																											0	0	F	BLACK			
NBNORG0000067083	NHMSYS0000603129	Chromista		Bacillariophyceae	Cymbellales	Gomphonemataceae	Gomphonema	Gomphonema littorale	Hendey, 1977	Species																																												0	0	F	BLACK			
NBNORG0000067084	NHMSYS0000603130	Chromista		Bacillariophyceae	Cymbellales	Gomphonemataceae	Gomphonema	Gomphonema longiceps	Ehrenb., 1854	Species																																												0	0	F	BLACK			
NBNORG0000106976	NHMSYS0020955036	Chromista		Bacillariophyceae	Cymbellales	Gomphonemataceae	Gomphonema	Gomphonema micropus	Kützing, 1844	Species	Geissleria palustris																																											5	2	C	GREEN		OTU_000395;OTU_002101;OTU_002399;OTU_003726	
NBNORG0000106977	NHMSYS0020955037	Chromista		Bacillariophyceae	Cymbellales	Gomphonemataceae	Gomphonema	Gomphonema minusculum	A. Cleve-Euler, 1949	Species																																												0	0	F	BLACK			
NBNORG0000067085	NHMSYS0000603132	Chromista		Bacillariophyceae	Cymbellales	Gomphonemataceae	Gomphonema	Gomphonema minutum	(C.Agardh) Agardh, 1831, 1831	Species																																												6	2	E	RED		OTU_000440;OTU_001555;OTU_002444;OTU_003559	Gomphonema pumilum var. pumilum
NBNORG0000067086	NHMSYS0000603133	Chromista		Bacillariophyceae	Cymbellales	Gomphonemataceae	Gomphonema	Gomphonema montanum	(Schumann) Grunow	Species	Gomphonema montanum var. suecicum																																											0	0	F	BLACK			
NBNORG0000122421	NHMSYS0021165336	Chromista		Bacillariophyceae	Cymbellales	Gomphonemataceae	Gomphonema	Gomphonema narodoense	R. Jahn, Abarca, J. Zimmermann & Enke	Species			Y																																									4	0	E	RED		OTU_000053	Gomphonema parvulum
NBNORG0000067088	NHMSYS0000603136	Chromista		Bacillariophyceae	Cymbellales	Gomphonemataceae	Gomphonema	Gomphonema olivaceoides	Hust., 1950	Species	Gomphonema olivaceum var. olivaceoides																																											0	0	F	BLACK			
NBNORG0000067089	NHMSYS0000603137	Chromista		Bacillariophyceae	Cymbellales	Gomphonemataceae	Gomphonema	Gomphonema olivaceum	(Hornem.) Bréb., 1838	Species	Gomphoneis olivaceum;Gomphonema olivaceum var. balticum;Gomphonema olivaceum var. calcareum;Gomphonema olivaceum var. fonticola;Gomphonema olivaceum var. minutissima;Gomphonema olivaceum var. staurophorum																																											0	0	F	BLACK			
NBNORG0000067094	NHMSYS0000603144	Chromista		Bacillariophyceae	Cymbellales	Gomphonemataceae	Gomphonema	Gomphonema parvulum	(Kütz.) Kütz., 1849	Species	Gomphonema parvulum var. exilis;Gomphonema parvulum var. exilissimum;Gomphonema parvulum var. micropus																																											59	18	E	RED		OTU_000033;OTU_000053;OTU_000054;OTU_000412;OTU_001744;OTU_002057;OTU_002058;OTU_002416;OTU_003741;OTU_003810	Gomphonema affine;Gomphonema exilissimum;Gomphonema lagenula;Gomphonema narodoense;Gomphonema saprophilum
NBNORG0000067098	NHMSYS0000603148	Chromista		Bacillariophyceae	Cymbellales	Gomphonemataceae	Gomphonema	Gomphonema platypus	Østrup, 1910	Species																																												0	0	F	BLACK			
NBNORG0000106980	NHMSYS0020955041	Chromista		Bacillariophyceae	Cymbellales	Gomphonemataceae	Gomphonema	Gomphonema procerum	Reichardt & Lange-Bertalot, 1991	Species																																												0	0	F	BLACK			
NBNORG0000067099	NHMSYS0000603150	Chromista		Bacillariophyceae	Cymbellales	Gomphonemataceae	Gomphonema	Gomphonema pseudoaugur	Lange-Bert., 1979	Species																																												1	0	D	GREEN		OTU_002829	
NBNORG0000122422	NHMSYS0021165229	Chromista		Bacillariophyceae	Cymbellales	Gomphonemataceae	Gomphonema	Gomphonema pseudobohemicum	Lange-Bertalot & Reichardt, 1993	Species			Y																																									0	0	F	BLACK			
NBNORG0000067100	NHMSYS0000603151	Chromista		Bacillariophyceae	Cymbellales	Gomphonemataceae	Gomphonema	Gomphonema pseudotenellum	Lange-Bert., 1985	Species																																												0	0	F	BLACK			
NBNORG0000091392	NHMSYS0020063206	Chromista		Bacillariophyceae	Cymbellales	Gomphonemataceae	Gomphonema	Gomphonema pumilum	(Grunow) Reichardt & Lange-Bert.1991	Species																																												0	0	F	BLACK			
NBNORG0000067101	NHMSYS0000603152	Chromista		Bacillariophyceae	Cymbellales	Gomphonemataceae	Gomphonema	Gomphonema rhombicum	Fricke, 1904	Species																																												9	0	C	GREEN		OTU_001903;OTU_001904;OTU_003907;OTU_003908	
NBNORG0000122423	NHMSYS0021165337	Chromista		Bacillariophyceae	Cymbellales	Gomphonemataceae	Gomphonema	Gomphonema rosenstockianum	Lange-Bertalot & Reichardt in Lange-Bertalot, 1993	Species			Y																																									3	0	C	GREEN		OTU_000078;OTU_002082	
NBNORG0000122424	NHMSYS0021165338	Chromista		Bacillariophyceae	Cymbellales	Gomphonemataceae	Gomphonema	Gomphonema saprophilum	(Lange-Bertalot & E.Reichardt) Abraca, R.Jahn, J.Zimmermann & Enke, 2014	Species			Y																																									17	7	E	RED		OTU_000033;OTU_002037	Gomphonema affine;Gomphonema exilissimum;Gomphonema lagenula;Gomphonema parvulum
NBNORG0000106981	NHMSYS0020955042	Chromista		Bacillariophyceae	Cymbellales	Gomphonemataceae	Gomphonema	Gomphonema sarcophagus	Gregory, 1856	Species																																												0	0	F	BLACK			
NBNORG0000067102	NHMSYS0000603155	Chromista		Bacillariophyceae	Cymbellales	Gomphonemataceae	Gomphonema	Gomphonema sphaerophorum	Ehrenb., 1845	Species																																												0	0	F	BLACK			
NBNORG0000106982	NHMSYS0020955043	Chromista		Bacillariophyceae	Cymbellales	Gomphonemataceae	Gomphonema	Gomphonema staurophorum	(Pant.) A. Cleve-Euler, 1955	Species																																												0	0	F	BLACK			
NBNORG0000122425	NHMSYS0021165339	Chromista		Bacillariophyceae	Cymbellales	Gomphonemataceae	Gomphonema	Gomphonema subclavatum	(Grunow) Grunow, 1884	Species			Y																																									0	0	F	BLACK			
NBNORG0000067103	NHMSYS0000603156	Chromista		Bacillariophyceae	Cymbellales	Gomphonemataceae	Gomphonema	Gomphonema subtile	Ehrenb., 1841	Species	Gomphonema subtile var. sagitta																																											0	0	F	BLACK			
NBNORG0000067105	NHMSYS0000603158	Chromista		Bacillariophyceae	Cymbellales	Gomphonemataceae	Gomphonema	Gomphonema tergestinum	(Grunow) Fricke, 1902	Species																																												4	0	C	GREEN		OTU_001905;OTU_003909	
NBNORG0000067106	NHMSYS0000603159	Chromista		Bacillariophyceae	Cymbellales	Gomphonemataceae	Gomphonema	Gomphonema truncatum	Ehrenb., 1832	Species	Gomphonema truncatum var. elongatum																																											3	2	E	RED		OTU_000431;OTU_002435	Gomphonema capitatum;Gomphonema clavatum;Gomphonema sp.;Gomphonema subclavatum var. mexicanum
NBNORG0000123420	NHMSYS0021182414	Chromista		Bacillariophyceae	Cymbellales	Gomphonemataceae	Gomphonema	Gomphonema utae	Lange-Bertalot & Reichardt in Reichardt, 1999	Species				Y																																								1	1	D	GREEN		OTU_002443	
NBNORG0000122675	NHMSYS0021167708	Chromista		Bacillariophyceae	Cymbellales	Gomphonemataceae	Gomphonema	Gomphonema varioreduncum	Jüttner, Ector, Reichardt, Van de Vijver & Cox, 2013	Species																																												0	0	F	BLACK			
NBNORG0000067108	NHMSYS0000603162	Chromista		Bacillariophyceae	Cymbellales	Gomphonemataceae	Gomphonema	Gomphonema ventricosum	Greg., 1856	Species																																												0	0	F	BLACK			
NBNORG0000067109	NHMSYS0000603163	Chromista		Bacillariophyceae	Cymbellales	Gomphonemataceae	Gomphonema	Gomphonema vibrio	Ehrenb., 1843	Species	Gomphonema vibrio var. bohemicum;Gomphonema vibrio var. fossile;Gomphonema vibrio var. intricatum;Gomphonema vibrio var. pulvinatum;Gomphonema vibrio var. pumilum																																											0	0	F	BLACK			
NBNORG0000106983	NHMSYS0020955044	Chromista		Bacillariophyceae	Cymbellales			Gomphosphenia grovei	(M. Schmidt) Lange-Bertalot, 1995	Species	Gomphosphenia grovei var. lingulata																																											0	0	F	BLACK			
NBNORG0000115099	NHMSYS0021058328	Chromista		Bacillariophyceae	Striatellales	Striatellaceae	Grammatophora	Grammatophora marina	(Lyngbye) Kützing, 1844	Species					Y																																							1	0	D	GREEN		OTU_002569	
NBNORG0000115088	NHMSYS0021058329	Chromista		Bacillariophyceae	Striatellales	Striatellaceae	Grammatophora	Grammatophora oceanica	Ehrenberg, 1840	Species					Y																																							2	0	C	GREEN		OTU_002499;OTU_003428	
NBNORG0000115097	NHMSYS0021058330	Chromista		Bacillariophyceae	Striatellales	Striatellaceae	Grammatophora	Grammatophora serpentina	Ehrenberg, 1844	Species					Y																																							0	0	F	BLACK			
NBNORG0000122651	NHMSYS0021167714	Chromista		Bacillariophyceae	Fragilariales	Fragilariaceae	Grammonema	Grammonema rostockensis		Species																																												7	0	C	GREEN		OTU_000227;OTU_001527;OTU_002227;OTU_002231;OTU_003531	
NBNORG0000122427	NHMSYS0021165255	Chromista		Bacillariophyceae	Fragilariales	Fragilariaceae	Grammonema	Grammonema striatulum		Species			Y																																									0	0	F	BLACK			
NBNORG0000067174	NHMSYS0000603249	Chromista		Bacillariophyceae	Naviculales	Pleurosigmataceae	Gyrosigma	Gyrosigma acuminatum	(Kütz.) Rabenh., 1853	Species																																												4	0	C	GREEN		OTU_001311;OTU_002214;OTU_003315;OTU_003964	
NBNORG0000067175	NHMSYS0000603250	Chromista		Bacillariophyceae	Naviculales	Pleurosigmataceae	Gyrosigma	Gyrosigma angustum	(Donkin) Cleve, 1864	Species																																												0	0	F	BLACK			
NBNORG0000067176	NHMSYS0000603251	Chromista		Bacillariophyceae	Naviculales	Pleurosigmataceae	Gyrosigma	Gyrosigma arcticum	(Cleve) Cleve, 1894	Species																																												0	0	F	BLACK			
NBNORG0000067177	NHMSYS0000603252	Chromista		Bacillariophyceae	Naviculales	Pleurosigmataceae	Gyrosigma	Gyrosigma attenuatum	(Kütz.) Rabenh.	Species																																												0	0	F	BLACK			
NBNORG0000067178	NHMSYS0000603253	Chromista		Bacillariophyceae	Naviculales	Pleurosigmataceae	Gyrosigma	Gyrosigma balticum	(Ehrenb.) Rabenh., 1853	Species																																												0	0	F	BLACK			
NBNORG0000067179	NHMSYS0000603254	Chromista		Bacillariophyceae	Naviculales	Pleurosigmataceae	Gyrosigma	Gyrosigma compactum	(Grev.) Cleve, 1894	Species																																												0	0	F	BLACK			
NBNORG0000067180	NHMSYS0000603255	Chromista		Bacillariophyceae	Naviculales	Pleurosigmataceae	Gyrosigma	Gyrosigma diminutum	(Grunow in Cleve et Grunow) Cleve, 1894	Species																																												0	0	F	BLACK			
NBNORG0000115716	NHMSYS0021058036	Chromista		Bacillariophyceae	Naviculales	Pleurosigmataceae	Gyrosigma	Gyrosigma distortum	(W.Smith) Griffith & Henfrey, 1856	Species	Pleurosigma distortum;Pleurosigma distortum var. distortum																																											0	0	F	BLACK			
NBNORG0000067181	NHMSYS0000603257	Chromista		Bacillariophyceae	Naviculales	Pleurosigmataceae	Gyrosigma	Gyrosigma eximium	(Thwaites) Boyer, 1927	Species																																												0	0	F	BLACK			
NBNORG0000115733	NHMSYS0021058037	Chromista		Bacillariophyceae	Naviculales	Pleurosigmataceae	Gyrosigma	Gyrosigma fasciola	(Ehrenberg) J.W.Griffith & Henfrey, 1856	Species																																												0	0	F	BLACK			
NBNORG0000067183	NHMSYS0000603259	Chromista		Bacillariophyceae	Naviculales	Pleurosigmataceae	Gyrosigma	Gyrosigma hippocampus	(Ehrenb.) Hassall, 1845	Species																																												0	0	F	BLACK			
NBNORG0000067184	NHMSYS0000603260	Chromista		Bacillariophyceae	Naviculales	Pleurosigmataceae	Gyrosigma	Gyrosigma macrum	(W. Sm.) J.W. Griff. et Henfr., 1856	Species																																												0	0	F	BLACK			
NBNORG0000067185	NHMSYS0000603261	Chromista		Bacillariophyceae	Naviculales	Pleurosigmataceae	Gyrosigma	Gyrosigma mediterraneum	(A.Cleve) A.Cleve	Species																																												0	0	F	BLACK			
NBNORG0000067186	NHMSYS0000603262	Chromista		Bacillariophyceae	Naviculales	Pleurosigmataceae	Gyrosigma	Gyrosigma nodiferum	(Grunow) Reimer, 1966	Species	Gyrosigma spenceri var. nodiferum;Gyrosigma spencerii var. nodifera																																											0	0	F	BLACK			
NBNORG0000067187	NHMSYS0000603263	Chromista		Bacillariophyceae	Naviculales	Pleurosigmataceae	Gyrosigma	Gyrosigma obliquum	(Grunow in Cleve et Grunow) Boyer, 1927	Species																																												0	0	F	BLACK			
NBNORG0000067188	NHMSYS0000603264	Chromista		Bacillariophyceae	Naviculales	Pleurosigmataceae	Gyrosigma	Gyrosigma obscurum	(W. Sm.) J.W. Griff. et Henfr., 1856	Species																																												0	0	F	BLACK			
NBNORG0000067189	NHMSYS0000603265	Chromista		Bacillariophyceae	Naviculales	Pleurosigmataceae	Gyrosigma	Gyrosigma parkerii	(M.B. Harrison) Elmore, 1921	Species	Gyrosigma distortum var. parkerii;Gyrosigma parkeri																																											0	0	F	BLACK			
NBNORG0000067190	NHMSYS0000603266	Chromista		Bacillariophyceae	Naviculales	Pleurosigmataceae	Gyrosigma	Gyrosigma peisonis	(Grunow) Hust.	Species																																												0	0	F	BLACK			
NBNORG0000067191	NHMSYS0000603267	Chromista		Bacillariophyceae	Naviculales	Pleurosigmataceae	Gyrosigma	Gyrosigma prolongatum	(W. Sm.) J.W. Griff. et Henfr., 1856	Species	Gyrosigma prolongatum var. closterioides																																											0	0	F	BLACK			
NBNORG0000103596	NHMSYS0020748817	Chromista		Bacillariophyceae	Naviculales	Pleurosigmataceae	Gyrosigma	Gyrosigma scalproides	(Rabenh.) Cleve	Species																																												0	0	F	BLACK			
NBNORG0000123421	NHMSYS0021182420	Chromista		Bacillariophyceae	Naviculales	Pleurosigmataceae	Gyrosigma	Gyrosigma sciotoense	(W.S. Sullivant) Cleve	Species				Y																																								0	0	F	BLACK			
NBNORG0000067193	NHMSYS0000603269	Chromista		Bacillariophyceae	Naviculales	Pleurosigmataceae	Gyrosigma	Gyrosigma spencerii	(Quekett) J.W.Griff. et Henfr.	Species	Gyrosigma spencerii var. curvula;Gyrosigma spencerii var. exilis																																											0	0	F	BLACK			
NBNORG0000067196	NHMSYS0000603273	Chromista		Bacillariophyceae	Naviculales	Pleurosigmataceae	Gyrosigma	Gyrosigma strigilis	(W. Sm.) J.W. Griff. et Henfr., 1856	Species																																												0	0	F	BLACK			
NBNORG0000122428	NHMSYS0021165403	Chromista		Bacillariophyceae	Naviculales	Pleurosigmataceae	Gyrosigma	Gyrosigma tenuissimum	(W.Smith)Griffuths & Henfrey	Species			Y																																									0	0	F	BLACK			
NBNORG0000067197	NHMSYS0000603274	Chromista		Bacillariophyceae	Naviculales	Pleurosigmataceae	Gyrosigma	Gyrosigma wansbeckii	(Donkin) Cleve, 1894	Species																																												0	0	F	BLACK			
NBNORG0000122655	NHMSYS0021167720	Chromista		Bacillariophyceae	Naviculales	Amphipleuraceae	Halamphora	Halamphora caribaea		Species																																												1	0	F	GREEN			
NBNORG0000122430	NHMSYS0021165340	Chromista		Bacillariophyceae	Naviculales	Amphipleuraceae	Halamphora	Halamphora coffeaeformis	(C. Agardh) Levkov, 2009	Species			Y																																									10	0	C	GREEN		OTU_000213;OTU_000258;OTU_002217;OTU_002262	
NBNORG0000122653	NHMSYS0021167726	Chromista		Bacillariophyceae	Naviculales	Amphipleuraceae	Halamphora	Halamphora ghanensis	Levkov, 2009	Species																																												4	0	C	GREEN		OTU_001887;OTU_003891;OTU_003912	
NBNORG0000122431	NHMSYS0021165214	Chromista		Bacillariophyceae	Naviculales	Amphipleuraceae	Halamphora	Halamphora holsatica	(Hustedt) Levkov, 2009	Species			Y																																									1	0	D	GREEN		OTU_003276	
NBNORG0000122432	NHMSYS0021165215	Chromista		Bacillariophyceae	Naviculales	Amphipleuraceae	Halamphora	Halamphora montana	(Krasske) Levkov, 2009	Species			Y																																									4	0	E	RED		OTU_000087;OTU_002091	Halamphora sp.
NBNORG0000122433	NHMSYS0021165216	Chromista		Bacillariophyceae	Naviculales	Amphipleuraceae	Halamphora	Halamphora normanii	(Rabenh.) Levkov, 2009	Species			Y																																									1	0	D	GREEN		OTU_003725	
NBNORG0000122434	NHMSYS0021165217	Chromista		Bacillariophyceae	Naviculales	Amphipleuraceae	Halamphora	Halamphora oligotraphenta	(Lange-Bert.) Levkov, 2009	Species			Y																																									1	0	F	GREEN			
NBNORG0000122652	NHMSYS0021167732	Chromista		Bacillariophyceae	Naviculales	Amphipleuraceae	Halamphora	Halamphora subtropica		Species																																												7	0	C	GREEN		OTU_001102;OTU_003106	
NBNORG0000122435	NHMSYS0021165218	Chromista		Bacillariophyceae	Naviculales	Amphipleuraceae	Halamphora	Halamphora veneta	(Kützing) Levkov, 2009	Species			Y																																									7	0	C	GREEN		OTU_000009;OTU_002012;OTU_002013;OTU_003848	
NBNORG0000122654	NHMSYS0021167738	Chromista		Bacillariophyceae	Naviculales	Amphipleuraceae	Halamphora	Halamphora woelfeliae	Stachura et al. (2015)	Species																																												2	0	C	GREEN		OTU_001531;OTU_003535	
NBNORG0000067206	NHMSYS0000603286	Chromista		Bacillariophyceae	Fragilariales	Fragilariaceae	Hannaea	Hannaea arcus	(Ehrenb.) R.M. Patrick in R.M. Patrick et Reimer, 1966	Species	Hannaea arcus var. amphioxys;Hannaea arcus var. linearis																																											6	2	E	RED		OTU_000454;OTU_002458	Hannaea librata
NBNORG0000067209	NHMSYS0021057977	Chromista		Bacillariophyceae	Bacillariales	Bacillariaceae	Hantzschia	Hantzschia amphioxys	(Ehrenberg) Grunow, 1880	Species	Hantzschia abundans;Hantzschia amphioxys var. amphioxys f. capitata;Hantzschia amphioxys var. capitata;Hantzschia amphioxys var. intermedia;Hantzschia amphioxys var. lanceolata;Hantzschia amphioxys var. major;Hantzschia amphioxys var. minor;Hantzschia amphioxys var. rupestris;Hantzschia amphioxys var. vivax		Y																																									13	0	E	RED		OTU_001496;OTU_001498;OTU_002342;OTU_002633;OTU_003500;OTU_003502;OTU_003871	Hantzschia attractiva
NBNORG0000067217	NHMSYS0000603298	Chromista		Bacillariophyceae	Bacillariales	Bacillariaceae	Hantzschia	Hantzschia distinctepunctata	Hust., 1921	Species																																												0	0	F	BLACK			
NBNORG0000067218	NHMSYS0000603301	Chromista		Bacillariophyceae	Bacillariales	Bacillariaceae	Hantzschia	Hantzschia pseudomarina	Hust. in Schmidt, 1922	Species																																												0	0	F	BLACK			
NBNORG0000067219	NHMSYS0000603302	Chromista		Bacillariophyceae	Bacillariales	Bacillariaceae	Hantzschia	Hantzschia rhaetica	F. Meister, 1912	Species																																												0	0	F	BLACK			
NBNORG0000067220	NHMSYS0000603304	Chromista		Bacillariophyceae	Bacillariales	Bacillariaceae	Hantzschia	Hantzschia virgata	(Roper) Grunow, 1877	Species	Hantzschia virgata var. capitellata;Hantzschia virgata var. intermedia																																											0	0	F	BLACK			
NBNORG0000067223	NHMSYS0000603309	Chromista		Bacillariophyceae	Bacillariales	Bacillariaceae	Hantzschia	Hantzschia vivax	(W.Sm.) M.Perag	Species																																												0	0	F	BLACK			
NBNORG0000122685	NHMSYS0021167744	Chromista		Bacillariophyceae	Naviculales	Naviculaceae	Haslea	Haslea karadagensis	Davidovich, Gastineau & Mouget in Gastineau et al., 2012	Species																																												1	0	D	GREEN		OTU_000166	
NBNORG0000122436	NHMSYS0021165281	Chromista		Bacillariophyceae	Naviculales	Naviculaceae	Haslea	Haslea ostrearia	(Gaillon) Simonsen, 1974	Species			Y																																									5	0	C	GREEN		OTU_000165;OTU_002169	
NBNORG0000067230	NHMSYS0000603320	Chromista		Bacillariophyceae	Naviculales	Naviculaceae	Haslea	Haslea spicula	(Hickie) L. Bukht., 1995	Species	Navicula spicula;Stauroneis spicula																																											0	0	F	BLACK			
NBNORG0000115713	NHMSYS0021058011	Chromista		Bacillariophyceae	Naviculales	Naviculaceae	Haslea	Haslea wawrikae	(Husedt) Simonsen, 1974	Species	Navicula wawrikae				Y																																							0	0	F	BLACK			
NBNORG0000115067	NHMSYS0021058221	Chromista		Bacillariophyceae	Lithodesmiales	Lithodesmiaceae	Helicotheca	Helicotheca tamesis	(Shrubsole) M.Ricard, 1987	Species					Y																																							5	0	C	GREEN		OTU_000131;OTU_002135;OTU_002835	
NBNORG0000062188	NHMSYS0021058081	Chromista		Bacillariophyceae	Hemiaulales	Hemiaulaceae	Hemiaulus	Hemiaulus hauckii	Grunow ex Van Heurck, 1882	Species					Y																																							0	0	F	BLACK			
NBNORG0000063295	NHMSYS0021058082	Chromista		Bacillariophyceae	Hemiaulales	Hemiaulaceae	Hemiaulus	Hemiaulus sinensis	Greville	Species					Y																																							1	0	D	GREEN		OTU_002722	
NBNORG0000115594	NHMSYS0021058188	Chromista		Bacillariophyceae	Coscinodiscales	Hemidiscaceae	Hemidiscus	Hemidiscus cuneiformis	Wallich, 1860	Species					Y																																							0	0	F	BLACK			
NBNORG0000067247	NHMSYS0000603351	Chromista		Bacillariophyceae	Naviculales	Naviculaceae	Hippodonta	Hippodonta hungarica	(Grunow) Lange-Bert. et al., 1996	Species	Navicula capitata var. hungarica;Navicula hungarica																																											0	0	F	BLACK			
NBNORG0000067248	NHMSYS0000603352	Chromista		Bacillariophyceae	Naviculales	Naviculaceae	Hippodonta	Hippodonta luneburgensis	(Grunow) Lange-Bert. et al., 1996	Species	Navicula capitata var. luneburgensis;Navicula hungarica var. luneburgensis																																											0	0	F	BLACK			
NBNORG0000067262	NHMSYS0000603392	Chromista		Bacillariophyceae	Melosirales	Hyalodiscaceae	Hyalodiscus	Hyalodiscus radiatus	(O'Meara) Grunow	Species																																												0	0	F	BLACK			
NBNORG0000063327	NHMSYS0000561433	Chromista		Bacillariophyceae			Hyalosira	Hyalosira delicatula		Species																																												1	0	D	GREEN		OTU_002570	
NBNORG0000067283	NHMSYS0000603420	Chromista		Bacillariophyceae	Biddulphiales	Biddulphiaceae	Hydrosera	Hydrosera triquetra	G.C.Wall.	Species																																												0	0	F	BLACK			
NBNORG0000067300	NHMSYS0000603444	Chromista		Bacillariophyceae	Achnanthales	Achnanthidiaceae	Karayevia	Karayevia clevei	(Grunow in Cleve et Grunow) Round et L. Bukht., 1996	Species	Achnanthes clevei;Achnanthidium clevei;Karayevia clevei var. rostrata																																											0	0	F	BLACK			
NBNORG0000067352	NHMSYS0021239321	Chromista		Bacillariophyceae	Achnanthales	Achnanthidiaceae	Karayevia	Karayevia kolbei	(Hudtedt) Bukhtiyarova	Species	Achnanthes kolbei;Kolbesia kolbei		Y																																									0	0	F	BLACK			
NBNORG0000067302	NHMSYS0000603446	Chromista		Bacillariophyceae	Achnanthales	Achnanthidiaceae	Karayevia	Karayevia laterostrata	(Hust.) Kingston, 2000	Species	Achnanthes laterostrata																																											0	0	F	BLACK			
NBNORG0000122437	NHMSYS0021165210	Chromista		Bacillariophyceae	Achnanthales	Achnanthidiaceae	Karayevia	Karayevia oblongella	(Østrup) Aboal in Aboal et al., 2003	Species			Y																																									2	0	C	GREEN		OTU_001981;OTU_003985	
NBNORG0000123422	NHMSYS0021182426	Chromista		Bacillariophyceae	Achnanthales	Achnanthidiaceae	Karayevia	Karayevia ploenensis	(Hust.) Burkhtiyarova	Species				Y																																								0	0	F	BLACK			
NBNORG0000067303	NHMSYS0000603447	Chromista		Bacillariophyceae	Achnanthales	Achnanthidiaceae	Karayevia	Karayevia suchlandtii	(Hust.) L. Bukht., 1999?	Species	Achnanthes suchlandtii																																											0	0	F	BLACK			
NBNORG0000107013	NHMSYS0020955075	Chromista		Bacillariophyceae	Naviculales	Naviculaceae	Kobayasiella	Kobayasiella subtilissima	(Cleve) H. Lange-Bertalot, 1999	Species	Kobaysiella subtilissima																																											0	0	F	BLACK			
NBNORG0000103618	NHMSYS0020749229	Chromista		Bacillariophyceae	Achnanthales	Achnanthidiaceae	Kolbesia	Kolbesia amoena	(Hustedt) J.C. Kingston	Species	Achnanthes amoena																																											0	0	F	BLACK			
NBNORG0000122438	NHMSYS0021165265	Chromista		Bacillariophyceae	Achnanthales	Achnanthidiaceae	Kolbesia	Kolbesia gessneri	(Hustedt) Aboal, 2003	Species			Y																																									0	0	F	BLACK			
NBNORG0000067353	NHMSYS0000603531	Chromista		Bacillariophyceae	Achnanthales	Achnanthidiaceae	Kolbesia	Kolbesia ploenensis	(Hust.) Round et L.Bukht. ex Round	Species	Achnanthes ploenensis;Kolbesia ploenensis var. gessneri																																											0	0	F	BLACK			
NBNORG0000107014	NHMSYS0020955077	Chromista		Bacillariophyceae	Naviculales	Naviculaceae		Krasskella kriegerana	(Krasske) R. Ross & P.A. Sims, 1978	Species	Amphipleura kriegerana;Amphipleura kriegeriana;Kraskella kriegeriana;Krasskella kriegeriana																																											0	0	F	BLACK			
NBNORG0000062206	NHMSYS0021058258	Chromista		Bacillariophyceae	Thalassiosirales	Lauderiaceae	Lauderia	Lauderia annulata	Cleve, 1873	Species	Lauderia borealis				Y																																							1	0	D	GREEN		OTU_002138	
NBNORG0000125591	NHMSYS0021200580	Chromista		Bacillariophyceae	Thalassiosirales	Lauderiaceae	Lauderia	Lauderia mediterranea	H.Peragallo, 1888	Species	Leptocylindrus mediterraneus				Y																																							0	0	F	BLACK			
NBNORG0000125592	NHMSYS0021200586	Chromista		Bacillariophyceae	Thalassiosirales	Lauderiaceae	Lauderia	Lauderia pumila	Castracane, 1886	Species	Detonula pumila				Y																																							1	0	D	BLUE		OTU_002157	
NBNORG0000115060	NHMSYS0021058213	Chromista		Bacillariophyceae	Cymatosirales	Cymatosiraceae	Lennoxia	Lennoxia faveolata	H.A.Thomsen & K.R.Buck, 1993	Species																																												0	0	F	BLACK			
NBNORG0000062208	NHMSYS0000547953	Chromista		Bacillariophyceae	Leptocylindrales	Leptocylindraceae	Leptocylindrus	Leptocylindrus danicus	Cleve, 1889	Species					Y																																							3	0	E	RED		OTU_000982;OTU_002986	Leptocylindrus hargravesii
NBNORG0000062210	NHMSYS0000547955	Chromista		Bacillariophyceae	Leptocylindrales	Leptocylindraceae	Leptocylindrus	Leptocylindrus minimus	Gran, 1915	Species					Y																																							0	0	F	BLACK			
NBNORG0000115089	NHMSYS0021058321	Chromista		Bacillariophyceae	Licmophorales	Licmophoraceae	Licmophora	Licmophora abbreviata	C.Agardh, 1831	Species					Y																																							1	0	D	GREEN		OTU_002866	
NBNORG0000122439	NHMSYS0021165282	Chromista		Bacillariophyceae	Licmophorales	Licmophoraceae	Licmophora	Licmophora ehrenbergii	(Kützing) Grunow, 1867	Species			Y																																									1	0	D	GREEN		OTU_003442	
NBNORG0000115124	NHMSYS0021058322	Chromista		Bacillariophyceae	Licmophorales	Licmophoraceae	Licmophora	Licmophora flabellata	(Grev.)C.Agardh, 1831	Species																																												0	0	F	BLACK			
NBNORG0000122440	NHMSYS0021165283	Chromista		Bacillariophyceae	Licmophorales	Licmophoraceae	Licmophora	Licmophora gracilis	(Ehrenberg) Grunow, 1867	Species			Y																																									0	0	F	BLACK			
NBNORG0000122676	NHMSYS0021167750	Chromista		Bacillariophyceae	Licmophorales	Licmophoraceae	Licmophora	Licmophora normanniana	(Greville) Wahrer	Species					Y																																							0	0	F	BLACK			
NBNORG0000122677	NHMSYS0021167756	Chromista		Bacillariophyceae	Licmophorales	Licmophoraceae	Licmophora	Licmophora peragallioides	(Lobban) Lobban & Ashworth in Lobban et al., 2015	Species					Y																																							0	0	F	BLACK			
NBNORG0000115069	NHMSYS0021058223	Chromista		Bacillariophyceae	Lithodesmiales	Lithodesmiaceae	Lithodesmium	Lithodesmium undulatum	Ehrenberg, 1839	Species					Y																																							2	0	C	GREEN		OTU_000177;OTU_002181	
NBNORG0000067398	NHMSYS0000603618	Chromista		Bacillariophyceae	Naviculales	Diadesmidaceae	Luticola	Luticola cohnii	(Hilse) D.G. Mann in Round et al., 1990	Species	Navicula cohnii;Navicula mutica var. cohnii																																											0	0	F	BLACK			
NBNORG0000067399	NHMSYS0000603619	Chromista		Bacillariophyceae	Naviculales	Diadesmidaceae	Luticola	Luticola dapaliformis	(Hust.) D.G. Mann in Round et al., 1990	Species	Navicula dapaliformis;Navicula goeppertiana var. dapaliformis																																											0	0	F	BLACK			
NBNORG0000067400	NHMSYS0000603620	Chromista		Bacillariophyceae	Naviculales	Diadesmidaceae	Luticola	Luticola dismutica	(Hust.) D.G. Mann in Round et al., 1990	Species	Navicula dismutica;Navicula suecorum var. dismutica																																											0	0	F	BLACK			
NBNORG0000067401	NHMSYS0000603621	Chromista		Bacillariophyceae	Naviculales	Diadesmidaceae	Luticola	Luticola goeppertiana	(Bleisch. ex Rabenh.) D.G.Mann	Species	Navicula goeppertiana;Navicula mutica var. goeppertiana																																											1	0	D	GREEN		OTU_003749	
NBNORG0000067402	NHMSYS0000603622	Chromista		Bacillariophyceae	Naviculales	Diadesmidaceae	Luticola	Luticola inserata	(Hust.) D.G. Mann in Round et al., 1990	Species	Navicula inserata																																											0	0	F	BLACK			
NBNORG0000103598	NHMSYS0020748820	Chromista		Bacillariophyceae	Naviculales	Diadesmidaceae	Luticola	Luticola kotschyi	(Bleisch) Mann	Species																																												0	0	F	BLACK			
NBNORG0000067403	NHMSYS0000603623	Chromista		Bacillariophyceae	Naviculales	Diadesmidaceae	Luticola	Luticola mutica	(Kütz.) D.G. Mann in Round et al., 1990	Species	Luticola mutica form gibbosa;Luticola mutica form intermedia;Navicula mutica																																											0	0	F	BLACK			
NBNORG0000067404	NHMSYS0000603625	Chromista		Bacillariophyceae	Naviculales	Diadesmidaceae	Luticola	Luticola muticopsis	(Van Heurck) D.G. Mann in Round et al., 1990	Species	Navicula muticopsis																																											0	0	F	BLACK			
NBNORG0000067405	NHMSYS0000603626	Chromista		Bacillariophyceae	Naviculales	Diadesmidaceae	Luticola	Luticola nivalis	(Ehrenb.) D.G. Mann in Round et al., 1990	Species	Luticola nivalis var. distinguenda;Navicula nivalis																																											0	0	F	BLACK			
NBNORG0000103599	NHMSYS0020748821	Chromista		Bacillariophyceae	Naviculales	Diadesmidaceae	Luticola	Luticola nivaloides	(Bock) Denys & de Smet	Species	Navicula nivaloides																																											0	0	F	BLACK			
NBNORG0000067407	NHMSYS0000603628	Chromista		Bacillariophyceae	Naviculales	Diadesmidaceae	Luticola	Luticola obligata	(Hust.) D.G. Mann in Round et al., 1990	Species	Navicula obligata																																											0	0	F	BLACK			
NBNORG0000067408	NHMSYS0000603629	Chromista		Bacillariophyceae	Naviculales	Diadesmidaceae	Luticola	Luticola paramutica	(Bock) D.G. Mann in Round et al., 1990	Species	Navicula paramutica																																											0	0	F	BLACK			
NBNORG0000067409	NHMSYS0000603630	Chromista		Bacillariophyceae	Naviculales	Diadesmidaceae	Luticola	Luticola plausibilis	(Hust. ex Simonsen) D.G. Mann in Round et al., 1990	Species	Navicula plausibilis																																											0	0	F	BLACK			
NBNORG0000067410	NHMSYS0000603631	Chromista		Bacillariophyceae	Naviculales	Diadesmidaceae	Luticola	Luticola saxophila	(Bock ex Hust.) D.G. Mann in Round et al., 1990	Species	Navicula saxophila																																											0	0	F	BLACK			
NBNORG0000122441	NHMSYS0021165341	Chromista		Bacillariophyceae	Naviculales	Diadesmidaceae	Luticola	Luticola sparsipunctata	Levkov, Metzeltin & A.Pavlov, 2013	Species			Y																																									1	0	F	GREEN			
NBNORG0000067411	NHMSYS0000603632	Chromista		Bacillariophyceae	Naviculales	Diadesmidaceae	Luticola	Luticola ventricosa	(Kütz.) D.G. Mann in Round et al., 1990	Species	Luticola mutica var. ventricosa;Navicula mutica var. ventricosa																																											2	0	C	GREEN		OTU_000796;OTU_002800	
NBNORG0000122444	NHMSYS0021165306	Chromista		Bacillariophyceae	Lyrellales	Lyrellaceae	Lyrella	Lyrella atlantica	(Schmidt) D.G. Mann in Round et al., 1990	Species			Y																																									1	0	D	GREEN		OTU_002809	
NBNORG0000122817	NHMSYS0021168196	Chromista		Bacillariophyceae	Lyrellales	Lyrellaceae	Lyrella	Lyrella hennedyi	(W. Smith) Stickle & D.G. Mann in Round et al., 1990	Species					Y																																							2	0	C	GREEN		OTU_002649;OTU_003036	
NBNORG0000067475	NHMSYS0000603710	Chromista		Bacillariophyceae	Fragilariales	Fragilariaceae	Martyana	Martyana atomus	(Hust.) Snoeijs, 1991	Species	Fragilaria atomus																																											0	0	F	BLACK			
NBNORG0000067476	NHMSYS0000603711	Chromista		Bacillariophyceae	Fragilariales	Fragilariaceae	Martyana	Martyana martyi	(Hérib.) Round in Round et al., 1990	Species	Fragilaria leptostauron var. martyi;Opephora martyi;Staurosirella martyi																																											0	0	F	BLACK			
NBNORG0000067477	NHMSYS0000603712	Chromista		Bacillariophyceae	Fragilariales	Fragilariaceae	Martyana	Martyana schulzii	(Brockmann) Snoeijs, 1991	Species																																												0	0	F	BLACK			
NBNORG0000067480	NHMSYS0000603721	Chromista		Bacillariophyceae	Mastogloiales	Mastogloiaceae	Mastogloia	Mastogloia baltica	Grunow, 1880	Species																																												0	0	F	BLACK			
NBNORG0000067481	NHMSYS0000603722	Chromista		Bacillariophyceae	Mastogloiales	Mastogloiaceae	Mastogloia	Mastogloia braunii	Grunow, 1863	Species																																												0	0	F	BLACK			
NBNORG0000067482	NHMSYS0000603723	Chromista		Bacillariophyceae	Mastogloiales	Mastogloiaceae	Mastogloia	Mastogloia canalicula	McCall, 1933	Species																																												0	0	F	BLACK			
NBNORG0000067483	NHMSYS0000603724	Chromista		Bacillariophyceae	Mastogloiales	Mastogloiaceae	Mastogloia	Mastogloia closei	O'Meara, 1876	Species																																												0	0	F	BLACK			
NBNORG0000067484	NHMSYS0000603725	Chromista		Bacillariophyceae	Mastogloiales	Mastogloiaceae	Mastogloia	Mastogloia elliptica	(Agardh) Cleve, 1893	Species	Mastogloia elliptica var. dansei																																											0	0	F	BLACK			
NBNORG0000067486	NHMSYS0000603727	Chromista		Bacillariophyceae	Mastogloiales	Mastogloiaceae	Mastogloia	Mastogloia exigua	Lewis, 1861	Species																																												0	0	F	BLACK			
NBNORG0000067487	NHMSYS0000603728	Chromista		Bacillariophyceae	Mastogloiales	Mastogloiaceae	Mastogloia	Mastogloia grevillei	W. Sm., 1856	Species																																												0	0	F	BLACK			
NBNORG0000067488	NHMSYS0000603729	Chromista		Bacillariophyceae	Mastogloiales	Mastogloiaceae	Mastogloia	Mastogloia lanceolata	Thwaites ex W.Sm.	Species																																												0	0	F	BLACK			
NBNORG0000067489	NHMSYS0000603730	Chromista		Bacillariophyceae	Mastogloiales	Mastogloiaceae	Mastogloia	Mastogloia ovulum	Hust., 1933	Species																																												0	0	F	BLACK			
NBNORG0000067490	NHMSYS0000603731	Chromista		Bacillariophyceae	Mastogloiales	Mastogloiaceae	Mastogloia	Mastogloia portierana	Grunow, 1863	Species																																												0	0	F	BLACK			
NBNORG0000067491	NHMSYS0000603732	Chromista		Bacillariophyceae	Mastogloiales	Mastogloiaceae	Mastogloia	Mastogloia pseudoexigua	Cholnoky, 1956	Species																																												0	0	F	BLACK			
NBNORG0000067492	NHMSYS0000603733	Chromista		Bacillariophyceae	Mastogloiales	Mastogloiaceae	Mastogloia	Mastogloia pumila	(Grunow) A.Cleve	Species																																												0	0	F	BLACK			
NBNORG0000067493	NHMSYS0000603734	Chromista		Bacillariophyceae	Mastogloiales	Mastogloiaceae	Mastogloia	Mastogloia pusilla	Grunow, 1878	Species																																												0	0	F	BLACK			
NBNORG0000067494	NHMSYS0000603735	Chromista		Bacillariophyceae	Mastogloiales	Mastogloiaceae	Mastogloia	Mastogloia smithii	Thwaites ex W.Sm.	Species	Mastogloia smithii var. amphicephala;Mastogloia smithii var. lacustris																																											0	0	F	BLACK			
NBNORG0000067497	NHMSYS0000603738	Chromista		Bacillariophyceae	Mastogloiales	Mastogloiaceae	Mastogloia	Mastogloia streptoraphe	A. Berg in A. Berg et Hessland, 1949	Species																																												0	0	F	BLACK			
NBNORG0000107041	NHMSYS0020955104	Chromista		Bacillariophyceae	Naviculales	Naviculales incertae sedis	Mayamaea	Mayamaea agrestis	(Hustedt) Lange-Bertalot, 2001	Species																																												0	0	F	BLACK			
NBNORG0000107042	NHMSYS0020955105	Chromista		Bacillariophyceae	Naviculales	Naviculales incertae sedis	Mayamaea	Mayamaea atomus	(Kützing) Lange-Bertalot, 1997	Species	Mayamaea atomus var. alcimonica;Mayamaea atomus var. permitis																																											1	0	D	GREEN		OTU_003746	
NBNORG0000122446	NHMSYS0021165307	Chromista		Bacillariophyceae	Naviculales	Naviculales incertae sedis	Mayamaea	Mayamaea fossalis	(Krasske) Lange-Bertalot, 1997	Species			Y																																									0	0	F	BLACK			
NBNORG0000129550	NHMSYS0021234315	Chromista		Bacillariophyceae	Naviculales	Naviculales incertae sedis	Mayamaea	Mayamaea recondita	(Hustedt) Lange-Bertalot	Species	Navicula recondita;Navicula recondita var. recondita			Y																																								0	0	F	BLACK			
NBNORG0000122447	NHMSYS0021165342	Chromista		Bacillariophyceae	Naviculales	Naviculales incertae sedis	Mayamaea	Mayamaea terrestris	N.Abarca & R.Jahn in Zimmermann et al., 2014	Species			Y																																									12	0	A	GREEN		OTU_002344	
NBNORG0000115586	NHMSYS0021058196	Chromista		Bacillariophyceae	Melosirales	Melosiraceae	Melosira	Melosira arctica	Dickie, 1852	Species					Y																																							0	0	F	BLACK			
NBNORG0000067500	NHMSYS0000603750	Chromista		Bacillariophyceae	Melosirales	Melosiraceae	Melosira	Melosira arentii	(Kolbe) Nagumo et H.Kobay.	Species	Brevisira arentii;Cyclotella arentii																																											0	0	F	BLACK			
NBNORG0000067501	NHMSYS0000603751	Chromista		Bacillariophyceae	Melosirales	Melosiraceae	Melosira	Melosira circularis	(Ehreb.) Ralfs	Species	Aulacoseira circularis																																											0	0	F	BLACK			
NBNORG0000067502	NHMSYS0000603752	Chromista		Bacillariophyceae	Melosirales	Melosiraceae	Melosira	Melosira dendrophila	(Ehrenb.) R.Ross et Sims	Species	Aulacoseira dendrophila																																											0	0	F	BLACK			
NBNORG0000067503	NHMSYS0000603753	Chromista		Bacillariophyceae	Melosirales	Melosiraceae	Melosira	Melosira dendroteres	(Ehrenb.) Ross	Species	Aulacoseira dentroteres																																											0	0	F	BLACK			
NBNORG0000067504	NHMSYS0000603754	Chromista		Bacillariophyceae	Melosirales	Melosiraceae	Melosira	Melosira dickiei	(Thwaites) Kütz.	Species																																												0	0	F	BLACK			
NBNORG0000125607	NHMSYS0021200640	Chromista		Bacillariophyceae	Melosirales	Melosiraceae	Melosira	Melosira discigera	Agardh, 1824	Species	Melosira nummuloides				Y																																							2	0	C	BLUE		OTU_000184;OTU_002188	
NBNORG0000122640	NHMSYS0021167813	Chromista		Bacillariophyceae	Melosirales	Melosiraceae	Melosira	Melosira dubia	Kützing	Species																																												1	0	D	GREEN		OTU_002562	
NBNORG0000067505	NHMSYS0000603761	Chromista		Bacillariophyceae	Melosirales	Melosiraceae	Melosira	Melosira epidendron	(Ehrenb.) Boyer	Species																																												0	0	F	BLACK			
NBNORG0000115585	NHMSYS0021058197	Chromista		Bacillariophyceae	Melosirales	Melosiraceae	Melosira	Melosira lineata	(Dillwyn) C.Agardh, 1824	Species					Y																																							3	0	E	RED		OTU_000558;OTU_001085;OTU_003089	Melosira sp.
NBNORG0000115584	NHMSYS0021058198	Chromista		Bacillariophyceae	Melosirales	Melosiraceae	Melosira	Melosira moniliformis	(O.F.Müll.) C.Agardh	Species					Y																																							1	0	D	GREEN		OTU_003555	
NBNORG0000067509	NHMSYS0000603777	Chromista		Bacillariophyceae	Melosirales	Melosiraceae	Melosira	Melosira undulata	(Ehrenb.) Kütz.	Species	Melosira undulata var. normanii																																											0	0	F	BLACK			
NBNORG0000115681	NHMSYS0021058200	Chromista		Bacillariophyceae	Melosirales	Melosiraceae	Melosira	Melosira varians	C.Agardh, 1827	Species					Y																																							24	8	C	GREEN		OTU_000018;OTU_002022	
NBNORG0000067514	NHMSYS0000603782	Chromista		Bacillariophyceae	Fragilariales	Fragilariaceae	Meridion	Meridion anceps	(Ehrenb.) D.M. Williams, 1985	Species	Diatoma anceps																																											0	0	F	BLACK			
NBNORG0000067515	NHMSYS0021058317	Chromista		Bacillariophyceae	Fragilariales	Fragilariaceae	Meridion	Meridion circulare	(Greville) C.Agardh, 1831	Species	Echinella circularis;Meridion circulare var. constrictum;Meridion zinckenii		Y																																									1	1	D	GREEN		OTU_002470	
NBNORG0000122664	NHMSYS0021168087	Chromista		Bacillariophyceae	Naviculales	Naviculales incertae sedis	Microfissurata	Microfissurata paludosa	Cantonati & Lange-Bertalot in Cantonati et al., 2009	Species																																												0	0	F	BLACK			
NBNORG0000125616	NHMSYS0021200664	Chromista		Bacillariophyceae			Moelleria	Moelleria cornuta	Cleve, 1873	Species					Y																																							0	0	F	BLACK			
NBNORG0000107057	NHMSYS0020955120	Chromista		Bacillariophyceae			Nanoneis	Nanoneis haslea	R.E. Norris, 1973	Species																																												0	0	F	BLACK			
NBNORG0000107059	NHMSYS0020955122	Chromista		Bacillariophyceae	Cymbellales	Cymbellaceae	Navicella	Navicella pusilla	(Grunow) Krammer, 1997	Species																																												0	0	F	BLACK			
NBNORG0000067719	NHMSYS0000604063	Chromista		Bacillariophyceae	Naviculales	Naviculaceae	Navicula	Navicula abiskoensis	Hust., 1942	Species																																												0	0	F	BLACK			
NBNORG0000067720	NHMSYS0000604064	Chromista		Bacillariophyceae	Naviculales	Naviculaceae	Navicula	Navicula aboensis	(Cleve) Hust., 1952	Species																																												0	0	F	BLACK			
NBNORG0000067722	NHMSYS0000604066	Chromista		Bacillariophyceae	Naviculales	Naviculaceae	Navicula	Navicula accedens	Hust., 1954	Species																																												0	0	F	BLACK			
NBNORG0000067723	NHMSYS0000604067	Chromista		Bacillariophyceae	Naviculales	Naviculaceae	Navicula	Navicula acceptata	Hust., 1950	Species	Geissleria acceptata																																											0	0	F	BLACK			
NBNORG0000067724	NHMSYS0000604070	Chromista		Bacillariophyceae	Naviculales	Naviculaceae	Navicula	Navicula agrestis	Hust., 1937	Species																																												0	0	F	BLACK			
NBNORG0000067725	NHMSYS0000604071	Chromista		Bacillariophyceae	Naviculales	Naviculaceae	Navicula	Navicula algida	Grunow, 1884	Species																																												0	0	F	BLACK			
NBNORG0000067726	NHMSYS0000604074	Chromista		Bacillariophyceae	Naviculales	Naviculaceae	Navicula	Navicula amphibola	Cleve, 1891	Species																																												0	0	F	BLACK			
NBNORG0000067727	NHMSYS0000604075	Chromista		Bacillariophyceae	Naviculales	Naviculaceae	Navicula	Navicula anca	J.R. Carter, 1964	Species																																												0	0	F	BLACK			
NBNORG0000067728	NHMSYS0000604078	Chromista		Bacillariophyceae	Naviculales	Naviculaceae	Navicula	Navicula angusta	Grunow, 1860	Species																																												1	1	D	GREEN		OTU_002409	
NBNORG0000107062	NHMSYS0020955125	Chromista		Bacillariophyceae	Naviculales	Naviculaceae	Navicula	Navicula antonii	Lange-Bertalot in Rumrich et al., 2000	Species																																												2	1	C	GREEN		OTU_000469;OTU_002473	
NBNORG0000067729	NHMSYS0000604079	Chromista		Bacillariophyceae	Naviculales	Naviculaceae	Navicula	Navicula apiculata	Bréb., 1854	Species																																												0	0	F	BLACK			
NBNORG0000067730	NHMSYS0000604080	Chromista		Bacillariophyceae	Naviculales	Naviculaceae	Navicula	Navicula approximata	Grev., 1859	Species	Navicula approximata form morei;Navicula approximata var. nicaeensis																																											0	0	F	BLACK			
NBNORG0000107063	NHMSYS0020955126	Chromista		Bacillariophyceae	Naviculales	Naviculaceae	Navicula	Navicula aquaedurae	Lange-Bertalot, 1993	Species																																												0	0	F	BLACK			
NBNORG0000067733	NHMSYS0000604083	Chromista		Bacillariophyceae	Naviculales	Naviculaceae	Navicula	Navicula arata	(Grunow) De Toni, 1891	Species																																												0	0	F	BLACK			
NBNORG0000107064	NHMSYS0020955127	Chromista		Bacillariophyceae	Naviculales	Naviculaceae	Navicula	Navicula arcus	Ehrenberg, 1836	Species																																												0	0	F	BLACK			
NBNORG0000067734	NHMSYS0000604084	Chromista		Bacillariophyceae	Naviculales	Naviculaceae	Navicula	Navicula armata	J.R. Carter, 1964	Species																																												0	0	F	BLACK			
NBNORG0000067735	NHMSYS0000604085	Chromista		Bacillariophyceae	Naviculales	Naviculaceae	Navicula	Navicula armoricana	Amossé, 1932	Species																																												0	0	F	BLACK			
NBNORG0000067736	NHMSYS0000604086	Chromista		Bacillariophyceae	Naviculales	Naviculaceae	Navicula	Navicula arvensis	Hust., 1936-7	Species	Navicula arvensis var. major																																											0	0	F	BLACK			
NBNORG0000067738	NHMSYS0000604089	Chromista		Bacillariophyceae	Naviculales	Naviculaceae	Navicula	Navicula asellus	Weinhold ex Hust., 1957	Species	Mayamea asellus																																											0	0	F	BLACK			
NBNORG0000067739	NHMSYS0000604091	Chromista		Bacillariophyceae	Naviculales	Naviculaceae	Navicula	Navicula atomus	(Kütz.) Grunow, 1860	Species	Amphora atomus;Mayamea atomus;Navicula atomus var. excelsa;Navicula atomus var. permitis																																											0	0	F	BLACK			
NBNORG0000067742	NHMSYS0000604095	Chromista		Bacillariophyceae	Naviculales	Naviculaceae	Navicula	Navicula avenacea	(Rabenh.) Bréb. ex Grunow	Species																																												0	0	F	BLACK			
NBNORG0000067743	NHMSYS0000604096	Chromista		Bacillariophyceae	Naviculales	Naviculaceae	Navicula	Navicula avonensis	Round, 1966	Species																																												0	0	F	BLACK			
NBNORG0000067744	NHMSYS0000604097	Chromista		Bacillariophyceae	Naviculales	Naviculaceae	Navicula	Navicula bacillaris	Greg., 1856	Species																																												0	0	F	BLACK			
NBNORG0000067745	NHMSYS0000604098	Chromista		Bacillariophyceae	Naviculales	Naviculaceae	Navicula	Navicula bacillifera	Pant., 1889	Species																																												0	0	F	BLACK			
NBNORG0000067746	NHMSYS0000604099	Chromista		Bacillariophyceae	Naviculales	Naviculaceae	Navicula	Navicula bacilloides	Hust., 1945	Species																																												0	0	F	BLACK			
NBNORG0000067747	NHMSYS0000604103	Chromista		Bacillariophyceae	Naviculales	Naviculaceae	Navicula	Navicula bahusiensis	Grunow, 1894	Species	Navicula bahusiensis var. arctica;Navicula bahusiensis var. istriana																																											0	0	F	BLACK			
NBNORG0000107065	NHMSYS0020955128	Chromista		Bacillariophyceae	Naviculales	Naviculaceae	Navicula	Navicula begeri	Krasske, 1932	Species	Navicula begerii																																											0	0	F	BLACK			
NBNORG0000067750	NHMSYS0000604108	Chromista		Bacillariophyceae	Naviculales	Naviculaceae	Navicula	Navicula biskanteri	Hust., 1939	Species																																												0	0	F	BLACK			
NBNORG0000067751	NHMSYS0000604109	Chromista		Bacillariophyceae	Naviculales	Naviculaceae	Navicula	Navicula bottnica	Grunow in Cleve et Moller, 1879	Species	Navicula smithii																																											0	0	F	BLACK			
NBNORG0000067752	NHMSYS0000604110	Chromista		Bacillariophyceae	Naviculales	Naviculaceae	Navicula	Navicula brasiliana	(Cleve) Cleve, 1894	Species																																												0	0	F	BLACK			
NBNORG0000067753	NHMSYS0000604115	Chromista		Bacillariophyceae	Naviculales	Naviculaceae	Navicula	Navicula bremensis	Hust., 1957	Species																																												0	0	F	BLACK			
NBNORG0000067754	NHMSYS0000604116	Chromista		Bacillariophyceae	Naviculales	Naviculaceae	Navicula	Navicula brockmannii	Hust.	Species	Navicula brockmanni																																											0	0	F	BLACK			
NBNORG0000067755	NHMSYS0000604117	Chromista		Bacillariophyceae	Naviculales	Naviculaceae	Navicula	Navicula bryophila	J.B. Petersen, 1938	Species	Adlafia bryophila;Navicula tridertula var. parallela																																											1	1	D	BLUE		OTU_002441	
NBNORG0000067756	NHMSYS0000604118	Chromista		Bacillariophyceae	Naviculales	Naviculaceae	Navicula	Navicula caenosus	J.R. Carter in J.R. Carter et Bailey-Watts, 1981	Species																																												0	0	F	BLACK			
NBNORG0000067757	NHMSYS0000604119	Chromista		Bacillariophyceae	Naviculales	Naviculaceae	Navicula	Navicula capitata	Ehrenb., 1838	Species	Hippodonta capitata																																											2	1	C	BLUE		OTU_000438;OTU_002442	
NBNORG0000067758	NHMSYS0000604122	Chromista		Bacillariophyceae	Naviculales	Naviculaceae	Navicula	Navicula capitatoradiata	H. Germ., 1981	Species	Navicula capitoradiata;Navicula cryptocephala var. intermedia;Navicula salinarum var. intermedia																																											5	0	E	RED		OTU_000069;OTU_002073	Navicula radiosa
NBNORG0000067759	NHMSYS0000604123	Chromista		Bacillariophyceae	Naviculales	Naviculaceae	Navicula	Navicula cari	Ehrenb., 1836	Species																																												1	0	D	GREEN		OTU_003756	
NBNORG0000067760	NHMSYS0000604125	Chromista		Bacillariophyceae	Naviculales	Naviculaceae	Navicula	Navicula carinifera	Grunow in A. Schmidt, 1874	Species																																												0	0	F	BLACK			
NBNORG0000107066	NHMSYS0020955131	Chromista		Bacillariophyceae	Naviculales	Naviculaceae	Navicula	Navicula caroliniana	Patrick, 1959	Species																																												0	0	F	BLACK			
NBNORG0000067761	NHMSYS0000604126	Chromista		Bacillariophyceae	Naviculales	Naviculaceae	Navicula	Navicula carteri	VanLand., 1975	Species																																												0	0	F	BLACK			
NBNORG0000067762	NHMSYS0000604127	Chromista		Bacillariophyceae	Naviculales	Naviculaceae	Navicula	Navicula caterva	Hohn. et Hellerman, 1963	Species																																												0	0	F	BLACK			
NBNORG0000067763	NHMSYS0000604128	Chromista		Bacillariophyceae	Naviculales	Naviculaceae	Navicula	Navicula charlatii	Perag., 1921	Species																																												0	0	F	BLACK			
NBNORG0000067764	NHMSYS0000604129	Chromista		Bacillariophyceae	Naviculales	Naviculaceae	Navicula	Navicula cincta	(Ehrenb.) Ralfs in A. Pritch., 1861	Species	Navicula cari var. cincta;Navicula umida																																											1	0	D	GREEN		OTU_002032	
NBNORG0000067765	NHMSYS0000604130	Chromista		Bacillariophyceae	Naviculales	Naviculaceae	Navicula	Navicula citrus	Krasske, 1923	Species																																												0	0	F	BLACK			
NBNORG0000067766	NHMSYS0000604131	Chromista		Bacillariophyceae	Naviculales	Naviculaceae	Navicula	Navicula clamans	Hust., 1939	Species																																												0	0	F	BLACK			
NBNORG0000067767	NHMSYS0000604132	Chromista		Bacillariophyceae	Naviculales	Naviculaceae	Navicula	Navicula claytonii	J.R. Carter, 1987	Species																																												0	0	F	BLACK			
NBNORG0000060486	NHMSYS0000524624	Chromista		Bacillariophyceae	Naviculales	Naviculaceae	Navicula	Navicula clementis	Grun. 1882	Species	Navicula clementis var. linearis																																											0	0	F	BLACK			
NBNORG0000067769	NHMSYS0000604137	Chromista		Bacillariophyceae	Naviculales	Naviculaceae	Navicula	Navicula cluthensis	Greg., 1854	Species																																												0	0	F	BLACK			
NBNORG0000060487	NHMSYS0000524626	Chromista		Bacillariophyceae	Naviculales	Naviculaceae	Navicula	Navicula cocconeiformis	Greg. ex Greville 1855	Species	Navicula cocconeiformis form parva																																											0	0	F	BLACK			
NBNORG0000067771	NHMSYS0000604139	Chromista		Bacillariophyceae	Naviculales	Naviculaceae	Navicula	Navicula cocconioides	J.R. Carter, 1964	Species																																												0	0	F	BLACK			
NBNORG0000067772	NHMSYS0000604141	Chromista		Bacillariophyceae	Naviculales	Naviculaceae	Navicula	Navicula completa	Hust., 1961	Species																																												0	0	F	BLACK			
NBNORG0000067773	NHMSYS0000604142	Chromista		Bacillariophyceae	Naviculales	Naviculaceae	Navicula	Navicula concentrica	J.R. Carter in J.R. Carter et Bailey-Watts, 1981	Species																																												0	0	F	BLACK			
NBNORG0000067774	NHMSYS0000604144	Chromista		Bacillariophyceae	Naviculales	Naviculaceae	Navicula	Navicula constans	Hust., 1944	Species	Navicula constans var. symmetrica																																											0	0	F	BLACK			
NBNORG0000107067	NHMSYS0020955132	Chromista		Bacillariophyceae	Naviculales	Naviculaceae	Navicula	Navicula contenta	Grunow ex Van Heurck, 1885	Species																																												0	0	F	BLACK			
NBNORG0000067776	NHMSYS0000604151	Chromista		Bacillariophyceae	Naviculales	Naviculaceae	Navicula	Navicula costulata	Grunow in Cleve et Grunow, 1880	Species	Hippodonta costulata																																											0	0	F	BLACK			
NBNORG0000067777	NHMSYS0000604152	Chromista		Bacillariophyceae	Naviculales	Naviculaceae	Navicula	Navicula crucicula	(W. Sm.) Donkin, 1872	Species	Navicula crucicula var. obtusata;Stauroneis crucicula																																											0	0	F	BLACK			
NBNORG0000067779	NHMSYS0000604154	Chromista		Bacillariophyceae	Naviculales	Naviculaceae	Navicula	Navicula cruciculoides	Brockmann, 1950	Species																																												0	0	F	BLACK			
NBNORG0000067780	NHMSYS0000604155	Chromista		Bacillariophyceae	Naviculales	Naviculaceae	Navicula	Navicula crucigera	(W. Sm.) Cleve	Species																																												0	0	F	BLACK			
NBNORG0000067781	NHMSYS0000604156	Chromista		Bacillariophyceae	Naviculales	Naviculaceae	Navicula	Navicula cryptocephala	Kütz., 1844	Species	Navicula cryptocephala form terrestris;Navicula cryptocephala var. exilis;Navicula cryptocephala var. perminuta																																											15	3	C	GREEN		OTU_000214;OTU_000387;OTU_002218;OTU_002391;OTU_003318;OTU_003631;OTU_003680	
NBNORG0000067785	NHMSYS0000604162	Chromista		Bacillariophyceae	Naviculales	Naviculaceae	Navicula	Navicula cryptolyra	Brockmann, 1950	Species	Navicula praestoeensis																																											0	0	F	BLACK			
NBNORG0000067786	NHMSYS0000604163	Chromista		Bacillariophyceae	Naviculales	Naviculaceae	Navicula	Navicula cryptostriata	Salah, 1953	Species																																												0	0	F	BLACK			
NBNORG0000067787	NHMSYS0000604164	Chromista		Bacillariophyceae	Naviculales	Naviculaceae	Navicula	Navicula cryptotenella	Lange-Bert., 1985	Species	Navicula radiosa var. tenella																																											13	2	C	GREEN		OTU_000039;OTU_000379;OTU_000386;OTU_002043;OTU_002383;OTU_002390;OTU_002402;OTU_002472;OTU_003729;OTU_003766;OTU_003802	
NBNORG0000107069	NHMSYS0020955134	Chromista		Bacillariophyceae	Naviculales	Naviculaceae	Navicula	Navicula cryptotenelloides	Lange-Bertalot, 1993	Species																																												0	0	F	BLACK			
NBNORG0000060488	NHMSYS0000524628	Chromista		Bacillariophyceae	Naviculales	Naviculaceae	Navicula	Navicula cuspidata	(Kütz.) Kütz. 1844	Species	Navicula cuspidata var. heribaudi																																											0	0	F	BLACK			
NBNORG0000067789	NHMSYS0000604168	Chromista		Bacillariophyceae	Naviculales	Naviculaceae	Navicula	Navicula cymbula	Donkin, 1869	Species																																												0	0	F	BLACK			
NBNORG0000067790	NHMSYS0000604170	Chromista		Bacillariophyceae	Naviculales	Naviculaceae	Navicula	Navicula debilissima	Grunow, 1884	Species																																												0	0	F	BLACK			
NBNORG0000067791	NHMSYS0000604171	Chromista		Bacillariophyceae	Naviculales	Naviculaceae	Navicula	Navicula declivis	Hust., 1934	Species	Geissleria declivis																																											0	0	F	BLACK			
NBNORG0000067792	NHMSYS0000604172	Chromista		Bacillariophyceae	Naviculales	Naviculaceae	Navicula	Navicula decussis	Østrup, 1910	Species	Geissleria decussis																																											1	0	D	BLUE		OTU_002691	
NBNORG0000125374	NHMSYS0021199443	Chromista		Bacillariophyceae	Naviculales	Naviculaceae	Navicula	Navicula delognei	Van Heurck, 1880	Species	Parlibellus delognei				Y																																							0	0	F	BLACK			
NBNORG0000067793	NHMSYS0000604173	Chromista		Bacillariophyceae	Naviculales	Naviculaceae	Navicula	Navicula destricta	Hust., 1942	Species																																												0	0	F	BLACK			
NBNORG0000067794	NHMSYS0000604174	Chromista		Bacillariophyceae	Naviculales	Naviculaceae	Navicula	Navicula detenta	Hust., 1943	Species																																												0	0	F	BLACK			
NBNORG0000067795	NHMSYS0000604175	Chromista		Bacillariophyceae	Naviculales	Naviculaceae	Navicula	Navicula diabolica	Geitler et Gerloff, 1963	Species																																												0	0	F	BLACK			
NBNORG0000107070	NHMSYS0020955135	Chromista		Bacillariophyceae	Naviculales	Naviculaceae	Navicula	Navicula dicephala	(Ehrenberg) W. Smith, 1853	Species																																												0	0	F	BLACK			
NBNORG0000067796	NHMSYS0000604178	Chromista		Bacillariophyceae	Naviculales	Naviculaceae	Navicula	Navicula diengensis	VanLand., 1975	Species																																												0	0	F	BLACK			
NBNORG0000067797	NHMSYS0000604179	Chromista		Bacillariophyceae	Naviculales	Naviculaceae	Navicula	Navicula difficillima	Hust., 1950	Species																																												0	0	F	BLACK			
NBNORG0000067798	NHMSYS0000604180	Chromista		Bacillariophyceae	Naviculales	Naviculaceae	Navicula	Navicula difficillimoides	Hust., 1957	Species																																												0	0	F	BLACK			
NBNORG0000067799	NHMSYS0000604181	Chromista		Bacillariophyceae	Naviculales	Naviculaceae	Navicula	Navicula digitoradiata	(Greg.) Ralfs in A. Pritch., 1861	Species	Navicula digito-radiata;Navicula digitoradiata form linearis;Navicula digitoradiata var. minima;Navicula digitoradiata var. rostrata																																											0	0	F	BLACK			
NBNORG0000067803	NHMSYS0000604185	Chromista		Bacillariophyceae	Naviculales	Naviculaceae	Navicula	Navicula digitulus	Hust., 1943	Species	Navicula subprocera																																											0	0	F	BLACK			
NBNORG0000067804	NHMSYS0000604186	Chromista		Bacillariophyceae	Naviculales	Naviculaceae	Navicula	Navicula digna	Hust., 1957	Species																																												0	0	F	BLACK			
NBNORG0000067805	NHMSYS0000604187	Chromista		Bacillariophyceae	Naviculales	Naviculaceae	Navicula	Navicula dilucida	Hust., 1939	Species																																												0	0	F	BLACK			
NBNORG0000067806	NHMSYS0000604188	Chromista		Bacillariophyceae	Naviculales	Naviculaceae	Navicula	Navicula diluviana	Krasske, 1933	Species	Cymbella diluviana																																											0	0	F	BLACK			
NBNORG0000067807	NHMSYS0000604189	Chromista		Bacillariophyceae	Naviculales	Naviculaceae	Navicula	Navicula diploneoides	Hust., 1936	Species																																												0	0	F	BLACK			
NBNORG0000115709	NHMSYS0021058015	Chromista		Bacillariophyceae	Naviculales	Naviculaceae	Navicula	Navicula directa	(W.Smith) Ralfs, 1861	Species	Pinnularia directa;Pinnularia directa var. directa				Y																																							2	0	C	GREEN		OTU_003520;OTU_003666	
NBNORG0000067808	NHMSYS0000604192	Chromista		Bacillariophyceae	Naviculales	Naviculaceae	Navicula	Navicula dithmarsica	König ex Hust., 1964	Species																																												0	0	F	BLACK			
NBNORG0000107071	NHMSYS0020955136	Chromista		Bacillariophyceae	Naviculales	Naviculaceae	Navicula	Navicula duerrenbergiana	Hustedt, 1934	Species																																												1	0	D	GREEN		OTU_002645	
NBNORG0000067809	NHMSYS0000604195	Chromista		Bacillariophyceae	Naviculales	Naviculaceae	Navicula	Navicula eidrigiana	J.R. Carter, 1979	Species																																												0	0	F	BLACK			
NBNORG0000060489	NHMSYS0000524630	Chromista		Bacillariophyceae	Naviculales	Naviculaceae	Navicula	Navicula elginensis	(Greg.) Ralfs in Pritch. 1861	Species	Navicula elginensis var. cuneata;Navicula elginensis var. rostrata																																											0	0	F	BLACK			
NBNORG0000067812	NHMSYS0000604200	Chromista		Bacillariophyceae	Naviculales	Naviculaceae	Navicula	Navicula erifuga	Lange-Bert., 1985	Species																																												0	0	F	BLACK			
NBNORG0000067813	NHMSYS0000604201	Chromista		Bacillariophyceae	Naviculales	Naviculaceae	Navicula	Navicula evanida	Hust., 1942	Species																																												0	0	F	BLACK			
NBNORG0000067814	NHMSYS0000604203	Chromista		Bacillariophyceae	Naviculales	Naviculaceae	Navicula	Navicula exigua	Grunow in Van Heurck, 1880	Species	Navicula exigua var. signata																																											0	0	F	BLACK			
NBNORG0000067816	NHMSYS0000604205	Chromista		Bacillariophyceae	Naviculales	Naviculaceae	Navicula	Navicula exiguiformis	Hust., 1944	Species																																												0	0	F	BLACK			
NBNORG0000107072	NHMSYS0020955137	Chromista		Bacillariophyceae	Naviculales	Naviculaceae	Navicula	Navicula exilis	Kützing, 1844	Species																																												0	0	F	BLACK			
NBNORG0000067817	NHMSYS0000604206	Chromista		Bacillariophyceae	Naviculales	Naviculaceae	Navicula	Navicula explanata	Hust., 1948	Species																																												0	0	F	BLACK			
NBNORG0000067818	NHMSYS0000604207	Chromista		Bacillariophyceae	Naviculales	Naviculaceae	Navicula	Navicula falaisensis	Grunow in Van Heurck, 1880	Species																																												0	0	F	BLACK			
NBNORG0000067819	NHMSYS0000604208	Chromista		Bacillariophyceae	Naviculales	Naviculaceae	Navicula	Navicula farta	Hust., 1966	Species																																												0	0	F	BLACK			
NBNORG0000125622	NHMSYS0021200694	Chromista		Bacillariophyceae	Naviculales	Naviculaceae	Navicula	Navicula fastuosa	Ehrenberg, 1840	Species	Surirella fastuosa				Y																																							0	0	F	BLACK			
NBNORG0000067820	NHMSYS0000604209	Chromista		Bacillariophyceae	Naviculales	Naviculaceae	Navicula	Navicula fennica	Hust., 1962	Species																																												0	0	F	BLACK			
NBNORG0000067821	NHMSYS0000604211	Chromista		Bacillariophyceae	Naviculales	Naviculaceae	Navicula	Navicula finnmarchica	(Cleve et Grunow) Cleve, 1896	Species																																												0	0	F	BLACK			
NBNORG0000067822	NHMSYS0000604212	Chromista		Bacillariophyceae	Naviculales	Naviculaceae	Navicula	Navicula fluens	Hust., 1930	Species																																												0	0	F	BLACK			
NBNORG0000067823	NHMSYS0000604213	Chromista		Bacillariophyceae	Naviculales	Naviculaceae	Navicula	Navicula fluviatilis	Hust., 1957	Species																																												0	0	F	BLACK			
NBNORG0000067824	NHMSYS0000604214	Chromista		Bacillariophyceae	Naviculales	Naviculaceae	Navicula	Navicula fossalis	Krasske, 1929	Species	Mayamea fossalis;Navicula fossalis var. obsidialis																																											0	0	F	BLACK			
NBNORG0000067826	NHMSYS0000604216	Chromista		Bacillariophyceae	Naviculales	Naviculaceae	Navicula	Navicula fossaloides	Hust., 1957	Species	Mayamea fossaloides																																											0	0	F	BLACK			
NBNORG0000067827	NHMSYS0000604218	Chromista		Bacillariophyceae	Naviculales	Naviculaceae	Navicula	Navicula fragilarioides	Krasske, 1929	Species																																												0	0	F	BLACK			
NBNORG0000067828	NHMSYS0000604219	Chromista		Bacillariophyceae	Naviculales	Naviculaceae	Navicula	Navicula fromenterae	Cleve, 1881	Species																																												0	0	F	BLACK			
NBNORG0000067829	NHMSYS0000604221	Chromista		Bacillariophyceae	Naviculales	Naviculaceae	Navicula	Navicula frustulum	Hust., 1945	Species																																												0	0	F	BLACK			
NBNORG0000067830	NHMSYS0000604222	Chromista		Bacillariophyceae	Naviculales	Naviculaceae	Navicula	Navicula galikii	(Pant.) Cleve, 1889	Species																																												0	0	F	BLACK			
NBNORG0000060490	NHMSYS0000524633	Chromista		Bacillariophyceae	Naviculales	Naviculaceae	Navicula	Navicula gastrum	(Ehrenb.) Kütz. 1844	Species	Navicula gastrum var. signata																																											0	0	F	BLACK			
NBNORG0000067832	NHMSYS0000604227	Chromista		Bacillariophyceae	Naviculales	Naviculaceae	Navicula	Navicula geitleri	Hust., 1937	Species																																												0	0	F	BLACK			
NBNORG0000067833	NHMSYS0000604228	Chromista		Bacillariophyceae	Naviculales	Naviculaceae	Navicula	Navicula genustriata	Hust., 1942	Species																																												0	0	F	BLACK			
NBNORG0000067834	NHMSYS0000604229	Chromista		Bacillariophyceae	Naviculales	Naviculaceae	Navicula	Navicula gerloffi	Schim., 1978	Species																																												0	0	F	BLACK			
NBNORG0000122448	NHMSYS0021165230	Chromista		Bacillariophyceae	Naviculales	Naviculaceae	Navicula	Navicula germainii	Wallace	Species			Y																																									1	0	D	GREEN		OTU_002384	
NBNORG0000067835	NHMSYS0000604230	Chromista		Bacillariophyceae	Naviculales	Naviculaceae	Navicula	Navicula gibbula	Cleve, 1894	Species																																												0	0	F	BLACK			
NBNORG0000122615	NHMSYS0021167825	Chromista		Bacillariophyceae	Naviculales	Naviculaceae	Navicula	Navicula glaciei	Van Heurck, 1909	Species																																												5	0	C	GREEN		OTU_001645;OTU_001677;OTU_003649;OTU_003681	
NBNORG0000067836	NHMSYS0000604231	Chromista		Bacillariophyceae	Naviculales	Naviculaceae	Navicula	Navicula globosa	F. Meister, 1934	Species	Navicula schadei																																											0	0	F	BLACK			
NBNORG0000067837	NHMSYS0000604232	Chromista		Bacillariophyceae	Naviculales	Naviculaceae	Navicula	Navicula globulifera	Hust., 1927	Species																																												0	0	F	BLACK			
NBNORG0000067838	NHMSYS0000604233	Chromista		Bacillariophyceae	Naviculales	Naviculaceae	Navicula	Navicula glomus	J.R. Carter in J.R. Carter et Bailey-Watts, 1981	Species																																												0	0	F	BLACK			
NBNORG0000067839	NHMSYS0000604236	Chromista		Bacillariophyceae	Naviculales	Naviculaceae	Navicula	Navicula gottlandica	Grunow, 1880	Species																																												0	0	F	BLACK			
NBNORG0000107073	NHMSYS0020955138	Chromista		Bacillariophyceae	Naviculales	Naviculaceae	Navicula	Navicula gracilis	Ehrenberg, 1838	Species																																												0	0	F	BLACK			
NBNORG0000067840	NHMSYS0000604237	Chromista		Bacillariophyceae	Naviculales	Naviculaceae	Navicula	Navicula graciloides	Mayer, 1919	Species																																												0	0	F	BLACK			
NBNORG0000115707	NHMSYS0021058017	Chromista		Bacillariophyceae	Naviculales	Naviculaceae	Navicula	Navicula granii	(Jörgensen) Gran, 1908	Species					Y																																							0	0	F	BLACK			
NBNORG0000067842	NHMSYS0000604239	Chromista		Bacillariophyceae	Naviculales	Naviculaceae	Navicula	Navicula gregaria	Donkin, 1861	Species																																												19	10	C	GREEN		OTU_000392;OTU_002396	
NBNORG0000067843	NHMSYS0000604240	Chromista		Bacillariophyceae	Naviculales	Naviculaceae	Navicula	Navicula grimmei	Krasske, 1925	Species																																												0	0	F	BLACK			
NBNORG0000067844	NHMSYS0000604241	Chromista		Bacillariophyceae	Naviculales	Naviculaceae	Navicula	Navicula grippii	Simonsen in Hust., 1966	Species																																												0	0	F	BLACK			
NBNORG0000067845	NHMSYS0000604242	Chromista		Bacillariophyceae	Naviculales	Naviculaceae	Navicula	Navicula gysigensis	Foged, 1952	Species																																												0	0	F	BLACK			
NBNORG0000067846	NHMSYS0000604244	Chromista		Bacillariophyceae	Naviculales	Naviculaceae	Navicula	Navicula halophilioides	Hust., 1959	Species	Navicula halophiloides																																											0	0	F	BLACK			
NBNORG0000067847	NHMSYS0000604245	Chromista		Bacillariophyceae	Naviculales	Naviculaceae	Navicula	Navicula hambergii	Hust., 1924	Species																																												0	0	F	BLACK			
NBNORG0000067848	NHMSYS0000604246	Chromista		Bacillariophyceae	Naviculales	Naviculaceae	Navicula	Navicula harderi	Hust., 1949	Species																																												0	0	F	BLACK			
NBNORG0000067849	NHMSYS0000604248	Chromista		Bacillariophyceae	Naviculales	Naviculaceae	Navicula	Navicula hasta	Pant., 1892	Species																																												0	0	F	BLACK			
NBNORG0000107074	NHMSYS0020955140	Chromista		Bacillariophyceae	Naviculales	Naviculaceae	Navicula	Navicula heimansioides	Lange-Bertalot, 1993	Species																																												0	0	F	BLACK			
NBNORG0000067850	NHMSYS0000604250	Chromista		Bacillariophyceae	Naviculales	Naviculaceae	Navicula	Navicula helvetica	Brun, 1895	Species																																												0	0	F	BLACK			
NBNORG0000067851	NHMSYS0000604251	Chromista		Bacillariophyceae	Naviculales	Naviculaceae	Navicula	Navicula heufleriana	(Grunow) Cleve, 1894	Species	Navicula heufleriana var. minor																																											0	0	F	BLACK			
NBNORG0000067853	NHMSYS0000604253	Chromista		Bacillariophyceae	Naviculales	Naviculaceae	Navicula	Navicula hoefleri	Cholnoky in Cholnoky et Schindler, 1953	Species																																												0	0	F	BLACK			
NBNORG0000060491	NHMSYS0000524635	Chromista		Bacillariophyceae	Naviculales	Naviculaceae	Navicula	Navicula humerosa		Species	Navicula humerosa var. constricta;Navicula humerosa var. minor																																											0	0	F	BLACK			
NBNORG0000067856	NHMSYS0000604261	Chromista		Bacillariophyceae	Naviculales	Naviculaceae	Navicula	Navicula hustedtii	Krasske, 1923	Species																																												0	0	F	BLACK			
NBNORG0000067857	NHMSYS0000604263	Chromista		Bacillariophyceae	Naviculales	Naviculaceae	Navicula	Navicula hyalosira	Cleve, 1891	Species																																												0	0	F	BLACK			
NBNORG0000067858	NHMSYS0000604264	Chromista		Bacillariophyceae	Naviculales	Naviculaceae	Navicula	Navicula ignota	Krasske, 1932	Species	Geissleria ignota;Navicula ignota var. acceptata;Navicula ignota var. anglica;Navicula ignota var. palustris																																											0	0	F	BLACK			
NBNORG0000067862	NHMSYS0000604268	Chromista		Bacillariophyceae	Naviculales	Naviculaceae	Navicula	Navicula ilopangoensis	Hust., 1956	Species																																												0	0	F	BLACK			
NBNORG0000067863	NHMSYS0000604269	Chromista		Bacillariophyceae	Naviculales	Naviculaceae	Navicula	Navicula imbricata	Bock, 1963	Species																																												0	0	F	BLACK			
NBNORG0000067864	NHMSYS0000604270	Chromista		Bacillariophyceae	Naviculales	Naviculaceae	Navicula	Navicula impexa	Hust., 1961	Species																																												0	0	F	BLACK			
NBNORG0000067865	NHMSYS0000604271	Chromista		Bacillariophyceae	Naviculales	Naviculaceae	Navicula	Navicula incertata	Lange-Bert., 1985	Species																																												1	0	D	GREEN		OTU_002294	
NBNORG0000067866	NHMSYS0000604273	Chromista		Bacillariophyceae	Naviculales	Naviculaceae	Navicula	Navicula inexpectans	J.R. Carter, 1964	Species																																												0	0	F	BLACK			
NBNORG0000067867	NHMSYS0000604274	Chromista		Bacillariophyceae	Naviculales	Naviculaceae	Navicula	Navicula ingenua	Hust., 1957	Species																																												0	0	F	BLACK			
NBNORG0000067868	NHMSYS0000604275	Chromista		Bacillariophyceae	Naviculales	Naviculaceae	Navicula	Navicula ingrata	Krasske, 1938	Species																																												0	0	F	BLACK			
NBNORG0000067869	NHMSYS0000604278	Chromista		Bacillariophyceae	Naviculales	Naviculaceae	Navicula	Navicula integra	(W. Sm.) Ralfs	Species																																												0	0	F	BLACK			
NBNORG0000067870	NHMSYS0000604279	Chromista		Bacillariophyceae	Naviculales	Naviculaceae	Navicula	Navicula interglacialis	Hust., 1944	Species																																												0	0	F	BLACK			
NBNORG0000067871	NHMSYS0000604280	Chromista		Bacillariophyceae	Naviculales	Naviculaceae	Navicula	Navicula jaagii	F. Meister, 1934	Species																																												0	0	F	BLACK			
NBNORG0000107075	NHMSYS0020955141	Chromista		Bacillariophyceae	Naviculales	Naviculaceae	Navicula	Navicula jaernefeltii	Hustedt, 1942	Species																																												0	0	F	BLACK			
NBNORG0000067872	NHMSYS0000604281	Chromista		Bacillariophyceae	Naviculales	Naviculaceae	Navicula	Navicula jentzii	Grunow, 1882	Species	Navicula jentzschii																																											0	0	F	BLACK			
NBNORG0000107076	NHMSYS0020955142	Chromista		Bacillariophyceae	Naviculales	Naviculaceae	Navicula	Navicula joubaudii	Germain, 1982	Species	Navicula joubaudi																																											0	0	F	BLACK			
NBNORG0000067873	NHMSYS0000604283	Chromista		Bacillariophyceae	Naviculales	Naviculaceae	Navicula	Navicula kariana	Grunow in Cleve et Grunow, 1880	Species	Navicula kariana var. frigida;Navicula kariana var. perpusilla																																											0	0	F	BLACK			
NBNORG0000067876	NHMSYS0000604287	Chromista		Bacillariophyceae	Naviculales	Naviculaceae	Navicula	Navicula kotschyi	Grunow, 1860	Species	Navicula bicapitellata;Navicula texana																																											0	0	F	BLACK			
NBNORG0000067877	NHMSYS0000604288	Chromista		Bacillariophyceae	Naviculales	Naviculaceae	Navicula	Navicula krasskei	Hust., 1930	Species	Microcostatus krasskei;Navicula vitrea																																											0	0	F	BLACK			
NBNORG0000067878	NHMSYS0000604289	Chromista		Bacillariophyceae	Naviculales	Naviculaceae	Navicula	Navicula kriegeri	Krasske, 1943	Species																																												0	0	F	BLACK			
NBNORG0000067879	NHMSYS0000604290	Chromista		Bacillariophyceae	Naviculales	Naviculaceae	Navicula	Navicula kuelbsii	Lange-Bert., 1985	Species																																												0	0	F	BLACK			
NBNORG0000067880	NHMSYS0000604291	Chromista		Bacillariophyceae	Naviculales	Naviculaceae	Navicula	Navicula lacunolaciniata	Lange-Bert. et Bonik, 1976	Species	Mayamaea lacunolaciniata																																											0	0	F	BLACK			
NBNORG0000060492	NHMSYS0000524639	Chromista		Bacillariophyceae	Naviculales	Naviculaceae	Navicula	Navicula laevissima	Kütz. 1844	Species	Navicula laevissima var. perhibita																																											0	0	F	BLACK			
NBNORG0000067882	NHMSYS0000604295	Chromista		Bacillariophyceae	Naviculales	Naviculaceae	Navicula	Navicula lanceolata	(Agardh) Ehrenb., 1838	Species																																												46	45	C	GREEN		OTU_000393;OTU_002397	
NBNORG0000067883	NHMSYS0000604296	Chromista		Bacillariophyceae	Naviculales	Naviculaceae	Navicula	Navicula lapidosa	Krasske, 1929	Species																																												0	0	F	BLACK			
NBNORG0000067884	NHMSYS0000604297	Chromista		Bacillariophyceae	Naviculales	Naviculaceae	Navicula	Navicula lapila	J.R. Carter in J.R. Carter et Bailey-Watts, 1981	Species																																												0	0	F	BLACK			
NBNORG0000067885	NHMSYS0000604298	Chromista		Bacillariophyceae	Naviculales	Naviculaceae	Navicula	Navicula latens	Krasske, 1937	Species																																												0	0	F	BLACK			
NBNORG0000067886	NHMSYS0000604299	Chromista		Bacillariophyceae	Naviculales	Naviculaceae	Navicula	Navicula laterostrata	Hust., 1925	Species	Navicula laterostrata var. rostrata																																											0	0	F	BLACK			
NBNORG0000067888	NHMSYS0000604301	Chromista		Bacillariophyceae	Naviculales	Naviculaceae	Navicula	Navicula laticeps	Hust., 1942	Species																																												0	0	F	BLACK			
NBNORG0000125846	NHMSYS0021201704	Chromista		Bacillariophyceae	Naviculales	Naviculaceae	Navicula	Navicula latissima	sensu Brockmann, 1928	Species	Navicula latissima f. latissima				Y																																							0	0	F	BLACK			
NBNORG0000067889	NHMSYS0000604302	Chromista		Bacillariophyceae	Naviculales	Naviculaceae	Navicula	Navicula lenzii	Hust. in A. Schmidt et al., 1936	Species																																												0	0	F	BLACK			
NBNORG0000067890	NHMSYS0000604303	Chromista		Bacillariophyceae	Naviculales	Naviculaceae	Navicula	Navicula leptostriata	E.G. Jørg., 1948	Species																																												0	0	F	BLACK			
NBNORG0000067891	NHMSYS0000604304	Chromista		Bacillariophyceae	Naviculales	Naviculaceae	Navicula	Navicula lesmonensis	Hust., 1957	Species	Navicula retrocurata																																											0	0	F	BLACK			
NBNORG0000067892	NHMSYS0000604305	Chromista		Bacillariophyceae	Naviculales	Naviculaceae	Navicula	Navicula levanderi	Hust., 1934	Species	Neidiopsis levanderi																																											0	0	F	BLACK			
NBNORG0000067893	NHMSYS0000604306	Chromista		Bacillariophyceae	Naviculales	Naviculaceae	Navicula	Navicula libonensis	Schoeman, 1970	Species																																												0	0	F	BLACK			
NBNORG0000107077	NHMSYS0020955143	Chromista		Bacillariophyceae	Naviculales	Naviculaceae	Navicula	Navicula littoralis	Donkin, 1871	Species																																												0	0	F	BLACK			
NBNORG0000067894	NHMSYS0000604307	Chromista		Bacillariophyceae	Naviculales	Naviculaceae	Navicula	Navicula longa	(Greg.) Ralfs in Pritch., 1861	Species																																												0	0	F	BLACK			
NBNORG0000067895	NHMSYS0000604308	Chromista		Bacillariophyceae	Naviculales	Naviculaceae	Navicula	Navicula longirostris	Hust., 1925	Species																																												0	0	F	BLACK			
NBNORG0000067896	NHMSYS0000604310	Chromista		Bacillariophyceae	Naviculales	Naviculaceae	Navicula	Navicula lucidula	Grunow, 1880	Species																																												0	0	F	BLACK			
NBNORG0000067897	NHMSYS0000604312	Chromista		Bacillariophyceae	Naviculales	Naviculaceae	Navicula	Navicula ludloviana	A. Schmidt, 1876	Species																																												0	0	F	BLACK			
NBNORG0000103605	NHMSYS0020748831	Chromista		Bacillariophyceae	Naviculales	Naviculaceae	Navicula	Navicula lundii	Reichardt	Species																																												0	0	F	BLACK			
NBNORG0000067898	NHMSYS0000604313	Chromista		Bacillariophyceae	Naviculales	Naviculaceae	Navicula	Navicula maceria	Schim., 1978	Species																																												0	0	F	BLACK			
NBNORG0000067899	NHMSYS0000604314	Chromista		Bacillariophyceae	Naviculales	Naviculaceae	Navicula	Navicula madumensis	E.G. Jørg., 1948	Species																																												0	0	F	BLACK			
NBNORG0000067900	NHMSYS0000604315	Chromista		Bacillariophyceae	Naviculales	Naviculaceae	Navicula	Navicula margalithii	Lange-Bert., 1985	Species																																												0	0	F	BLACK			
NBNORG0000067901	NHMSYS0000604316	Chromista		Bacillariophyceae	Naviculales	Naviculaceae	Navicula	Navicula medioconvexa	Hust., 1961	Species																																												0	0	F	BLACK			
NBNORG0000067902	NHMSYS0000604317	Chromista		Bacillariophyceae	Naviculales	Naviculaceae	Navicula	Navicula mediocris	Krasske, 1932	Species																																												0	0	F	BLACK			
NBNORG0000125623	NHMSYS0021200700	Chromista		Bacillariophyceae	Naviculales	Naviculaceae	Navicula	Navicula membranacea	Cleve, 1897	Species	Meuniera membranacea				Y																																							0	0	F	BLACK			
NBNORG0000067903	NHMSYS0000604318	Chromista		Bacillariophyceae	Naviculales	Naviculaceae	Navicula	Navicula menda	J.R. Carter et Bailey-Watts, 1981	Species																																												0	0	F	BLACK			
NBNORG0000067904	NHMSYS0000604319	Chromista		Bacillariophyceae	Naviculales	Naviculaceae	Navicula	Navicula menisculus	Schum., 1866	Species	Navicula menisculus var. grunowii;Navicula menisculus var. upsaliensis																																											0	0	F	BLACK			
NBNORG0000107080	NHMSYS0020955146	Chromista		Bacillariophyceae	Naviculales	Naviculaceae	Navicula	Navicula microcari	Lange-Bertalot, 1993	Species																																												2	0	C	GREEN		OTU_000826;OTU_002830	
NBNORG0000067905	NHMSYS0000604320	Chromista		Bacillariophyceae	Naviculales	Naviculaceae	Navicula	Navicula minima	Grunow in Van Heurck, 1880	Species	Eolimna minima;Navicula minima var. atomoides																																											0	0	F	BLACK			
NBNORG0000067907	NHMSYS0000604322	Chromista		Bacillariophyceae	Naviculales	Naviculaceae	Navicula	Navicula minthe	Hohn. et Hellerman, 1963	Species																																												0	0	F	BLACK			
NBNORG0000067908	NHMSYS0000604323	Chromista		Bacillariophyceae	Naviculales	Naviculaceae	Navicula	Navicula minuscula	Grunow in Van Heurck, 1880	Species	Adlafia minuscula;Navicula minuscula var. muralis																																											2	2	C	BLUE		OTU_002403;OTU_002474	
NBNORG0000067910	NHMSYS0000604325	Chromista		Bacillariophyceae	Naviculales	Naviculaceae	Navicula	Navicula minusculoides	Hust., 1942	Species																																												0	0	F	BLACK			
NBNORG0000067911	NHMSYS0000604326	Chromista		Bacillariophyceae	Naviculales	Naviculaceae	Navicula	Navicula misella	Hust., 1955	Species																																												0	0	F	BLACK			
NBNORG0000067912	NHMSYS0000604328	Chromista		Bacillariophyceae	Naviculales	Naviculaceae	Navicula	Navicula modica	Hust., 1945	Species																																												0	0	F	BLACK			
NBNORG0000067913	NHMSYS0000604329	Chromista		Bacillariophyceae	Naviculales	Naviculaceae	Navicula	Navicula molestiformis	Hust., 1949	Species																																												0	0	F	BLACK			
NBNORG0000067914	NHMSYS0000604333	Chromista		Bacillariophyceae	Naviculales	Naviculaceae	Navicula	Navicula muraloides	Hust., 1950	Species																																												0	0	F	BLACK			
NBNORG0000060493	NHMSYS0000524641	Chromista		Bacillariophyceae	Naviculales	Naviculaceae	Navicula	Navicula mutica	Kütz. 1844	Species	Navicula mutica form gibbosa;Navicula mutica form intermedia																																											0	0	F	BLACK			
NBNORG0000067917	NHMSYS0000604344	Chromista		Bacillariophyceae	Naviculales	Naviculaceae	Navicula	Navicula nebulosa	Greg., 1857	Species																																												0	0	F	BLACK			
NBNORG0000067918	NHMSYS0000604348	Chromista		Bacillariophyceae	Naviculales	Naviculaceae	Navicula	Navicula notha	Wallace, 1960	Species																																												0	0	F	BLACK			
NBNORG0000067919	NHMSYS0000604349	Chromista		Bacillariophyceae	Naviculales	Naviculaceae	Navicula	Navicula obdurata	Hohn. et Hellerman, 1963	Species																																												0	0	F	BLACK			
NBNORG0000067920	NHMSYS0000604351	Chromista		Bacillariophyceae	Naviculales	Naviculaceae	Navicula	Navicula oblonga	Kütz., 1844	Species	Navicula oblonga var. lanceolata;Navicula oblonga var. subcapitata																																											1	0	D	GREEN		OTU_003345	
NBNORG0000067923	NHMSYS0000604355	Chromista		Bacillariophyceae	Naviculales	Naviculaceae	Navicula	Navicula obsoleta	Hust., 1942	Species																																												0	0	F	BLACK			
NBNORG0000067924	NHMSYS0000604356	Chromista		Bacillariophyceae	Naviculales	Naviculaceae	Navicula	Navicula occulta	Krasske, 1929	Species																																												0	0	F	BLACK			
NBNORG0000123423	NHMSYS0021182432	Chromista		Bacillariophyceae	Naviculales	Naviculaceae	Navicula	Navicula oligotraphenta	Lange-Bert. & G. Hofm.	Species				Y																																								0	0	F	BLACK			
NBNORG0000067925	NHMSYS0000604359	Chromista		Bacillariophyceae	Naviculales	Naviculaceae	Navicula	Navicula opportuna	Hust., 1950	Species																																												0	0	F	BLACK			
NBNORG0000067926	NHMSYS0000604360	Chromista		Bacillariophyceae	Naviculales	Naviculaceae	Navicula	Navicula oppugnata	Hust., 1945	Species																																												0	0	F	BLACK			
NBNORG0000067927	NHMSYS0000604361	Chromista		Bacillariophyceae	Naviculales	Naviculaceae	Navicula	Navicula orbis	J.R. Carter in J.R. Carter et Bailey-Watts, 1981	Species																																												0	0	F	BLACK			
NBNORG0000067928	NHMSYS0000604363	Chromista		Bacillariophyceae	Naviculales	Naviculaceae	Navicula	Navicula paanaensis	A. Cleve, 1939	Species																																												0	0	F	BLACK			
NBNORG0000067929	NHMSYS0000604366	Chromista		Bacillariophyceae	Naviculales	Naviculaceae	Navicula	Navicula parasubtilissima	H. Kobay. et Nagumi, 1988	Species																																												0	0	F	BLACK			
NBNORG0000067930	NHMSYS0000604367	Chromista		Bacillariophyceae	Naviculales	Naviculaceae	Navicula	Navicula parasura	Hust.	Species	Navicula parsura																																											0	0	F	BLACK			
NBNORG0000115715	NHMSYS0021058018	Chromista		Bacillariophyceae	Naviculales	Naviculaceae	Navicula	Navicula pelagica	Cleve, 1896	Species					Y																																							0	0	F	BLACK			
NBNORG0000067932	NHMSYS0000604369	Chromista		Bacillariophyceae	Naviculales	Naviculaceae	Navicula	Navicula peltoensis	A. Cleve, 1934	Species																																												0	0	F	BLACK			
NBNORG0000067933	NHMSYS0000604371	Chromista		Bacillariophyceae	Naviculales	Naviculaceae	Navicula	Navicula peregrina	(Ehrenb.) Kütz., 1844	Species	Navicula peregrina var. kefvingensis																																											0	0	F	BLACK			
NBNORG0000067935	NHMSYS0000604380	Chromista		Bacillariophyceae	Naviculales	Naviculaceae	Navicula	Navicula petersenii	Hust.	Species	Navicula peterseni																																											0	0	F	BLACK			
NBNORG0000067936	NHMSYS0000604381	Chromista		Bacillariophyceae	Naviculales	Naviculaceae	Navicula	Navicula phyllepta	Kütz., 1844	Species																																												20	0	C	GREEN		OTU_001749;OTU_001850;OTU_003753;OTU_003854	
NBNORG0000067937	NHMSYS0000604382	Chromista		Bacillariophyceae	Naviculales	Naviculaceae	Navicula	Navicula placenta	Ehrenb., 1854	Species																																												0	0	F	BLACK			
NBNORG0000107081	NHMSYS0020955147	Chromista		Bacillariophyceae	Naviculales	Naviculaceae	Navicula	Navicula placentula	(Ehrenberg) Kützing, 1844	Species																																												0	0	F	BLACK			
NBNORG0000125624	NHMSYS0021200706	Chromista		Bacillariophyceae	Naviculales	Naviculaceae	Navicula	Navicula planamembranacea	Hendey, 1964	Species	Ephemera planamembranacea				Y																																							0	0	F	BLACK			
NBNORG0000067938	NHMSYS0000604388	Chromista		Bacillariophyceae	Naviculales	Naviculaceae	Navicula	Navicula platystoma	Ehrenb., 1838	Species																																												0	0	F	BLACK			
NBNORG0000067939	NHMSYS0000604390	Chromista		Bacillariophyceae	Naviculales	Naviculaceae	Navicula	Navicula porifera	Hust., 1944	Species	Navicula porifera var. opportuna																																											0	0	F	BLACK			
NBNORG0000067941	NHMSYS0000604393	Chromista		Bacillariophyceae	Naviculales	Naviculaceae	Navicula	Navicula praeterita	Hust., 1945	Species																																												0	0	F	BLACK			
NBNORG0000067942	NHMSYS0000604394	Chromista		Bacillariophyceae	Naviculales	Naviculaceae	Navicula	Navicula producta	W. Sm., 1853	Species																																												0	0	F	BLACK			
NBNORG0000067943	NHMSYS0000604395	Chromista		Bacillariophyceae	Naviculales	Naviculaceae	Navicula	Navicula protracta	(Grunow) Cleve, 1880	Species	Navicula protracta form subcapitata;Navicula protracta var. elliptica																																											0	0	F	BLACK			
NBNORG0000122616	NHMSYS0021167831	Chromista		Bacillariophyceae	Naviculales	Naviculaceae	Navicula	Navicula pseudacceptata	H.Kobayasi in H.Kobayasi & S.Mayama, 1986	Species																																												1	0	F	GREEN			
NBNORG0000067946	NHMSYS0000604400	Chromista		Bacillariophyceae	Naviculales	Naviculaceae	Navicula	Navicula pseudoarvensis	Hust., 1942	Species																																												0	0	F	BLACK			
NBNORG0000067947	NHMSYS0000604401	Chromista		Bacillariophyceae	Naviculales	Naviculaceae	Navicula	Navicula pseudobryophila	Hust., 1942	Species																																												0	0	F	BLACK			
NBNORG0000067948	NHMSYS0000604402	Chromista		Bacillariophyceae	Naviculales	Naviculaceae	Navicula	Navicula pseudoclamans	J.R.Carter	Species																																												0	0	F	BLACK			
NBNORG0000067949	NHMSYS0000604404	Chromista		Bacillariophyceae	Naviculales	Naviculaceae	Navicula	Navicula pseudolanceolata	Lange-Bert., 1980	Species	Navicula pseudolanceolata var. densilineolata																																											0	0	F	BLACK			
NBNORG0000067950	NHMSYS0000604405	Chromista		Bacillariophyceae	Naviculales	Naviculaceae	Navicula	Navicula pseudomenisculus	J.R. Carter in J.R. Carter et Bailey-Watts, 1981	Species																																												0	0	F	BLACK			
NBNORG0000107083	NHMSYS0020955150	Chromista		Bacillariophyceae	Naviculales	Naviculaceae	Navicula	Navicula pseudoscutiformis	Hustedt, 1930	Species																																												0	0	F	BLACK			
NBNORG0000107084	NHMSYS0020955151	Chromista		Bacillariophyceae	Naviculales	Naviculaceae	Navicula	Navicula pseudotuscula	Hustedt, 1943	Species																																												0	0	F	BLACK			
NBNORG0000060494	NHMSYS0000524648	Chromista		Bacillariophyceae	Naviculales	Naviculaceae	Navicula	Navicula pupula	Kütz. 1844	Species	Navicula pupula var. aquaeductae																																											0	0	F	BLACK			
NBNORG0000107085	NHMSYS0020955152	Chromista		Bacillariophyceae	Naviculales	Naviculaceae	Navicula	Navicula pusilla	W. Smith, 1853	Species																																												0	0	F	BLACK			
NBNORG0000067953	NHMSYS0000604413	Chromista		Bacillariophyceae	Naviculales	Naviculaceae	Navicula	Navicula pusio	Cleve, 1896	Species																																												0	0	F	BLACK			
NBNORG0000067954	NHMSYS0000604415	Chromista		Bacillariophyceae	Naviculales	Naviculaceae	Navicula	Navicula radiosa	Kütz., 1844	Species	Navicula radiosa var. acuta																																											13	7	E	RED		OTU_000069;OTU_001750;OTU_003754	Navicula capitatoradiata
NBNORG0000103606	NHMSYS0020748833	Chromista		Bacillariophyceae	Naviculales	Naviculaceae	Navicula	Navicula radiosafallax	Lange-Bertalot	Species																																												0	0	F	BLACK			
NBNORG0000122449	NHMSYS0021165404	Chromista		Bacillariophyceae	Naviculales	Naviculaceae	Navicula	Navicula ramosissima	(Agardh) Cleve, 1896	Species			Y																																									10	0	E	RED		OTU_000295;OTU_002296;OTU_002547;OTU_002916;OTU_003683	Navicula flagellifera;Navicula rhynchocephala var. hankensis;Navicula sp.
NBNORG0000067956	NHMSYS0000604418	Chromista		Bacillariophyceae	Naviculales	Naviculaceae	Navicula	Navicula recens	(Lange-Bert.) Lange-Bert., 1985	Species																																												1	0	D	GREEN		OTU_003947	
NBNORG0000067958	NHMSYS0000604420	Chromista		Bacillariophyceae	Naviculales	Naviculaceae	Navicula	Navicula reichardtiana	Lange-Bert., 1989	Species	Navicula reichardtiana var. crassa																																											0	0	F	BLACK			
NBNORG0000067960	NHMSYS0000604422	Chromista		Bacillariophyceae	Naviculales	Naviculaceae	Navicula	Navicula reinhardtii	Grunow, 1877	Species																																												1	0	D	GREEN		OTU_003722	
NBNORG0000067961	NHMSYS0000604423	Chromista		Bacillariophyceae	Naviculales	Naviculaceae	Navicula	Navicula resecta	J.R. Carter in J.R. Carter et Bailey-Watts, 1981	Species																																												0	0	F	BLACK			
NBNORG0000067962	NHMSYS0000604425	Chromista		Bacillariophyceae	Naviculales	Naviculaceae	Navicula	Navicula retrocurvata	J.R. Carter in R. Ross et P.A. Sims	Species																																												0	0	F	BLACK			
NBNORG0000067963	NHMSYS0000604426	Chromista		Bacillariophyceae	Naviculales	Naviculaceae	Navicula	Navicula rhombica	Greg., 1855	Species																																												0	0	F	BLACK			
NBNORG0000067964	NHMSYS0000604427	Chromista		Bacillariophyceae	Naviculales	Naviculaceae	Navicula	Navicula rhombicula	Hust., 1962	Species																																												0	0	F	BLACK			
NBNORG0000067965	NHMSYS0000604428	Chromista		Bacillariophyceae	Naviculales	Naviculaceae	Navicula	Navicula rhynchocephala	Kütz., 1844	Species	Navicula rhynchocephala var. amphiceros;Navicula rhynchocephala var. elongata																																											0	0	F	BLACK			
NBNORG0000067968	NHMSYS0000604431	Chromista		Bacillariophyceae	Naviculales	Naviculaceae	Navicula	Navicula rhynchotella	Lange-Bert.	Species																																												4	0	F	GREEN			
NBNORG0000067969	NHMSYS0000604433	Chromista		Bacillariophyceae	Naviculales	Naviculaceae	Navicula	Navicula rossii	Salah, 1955	Species																																												0	0	F	BLACK			
NBNORG0000067970	NHMSYS0000604434	Chromista		Bacillariophyceae	Naviculales	Naviculaceae	Navicula	Navicula rotula	A. Cleve, 1953	Species																																												0	0	F	BLACK			
NBNORG0000067971	NHMSYS0000604435	Chromista		Bacillariophyceae	Naviculales	Naviculaceae	Navicula	Navicula rotunda	Hust., 1945	Species																																												0	0	F	BLACK			
NBNORG0000067972	NHMSYS0000604436	Chromista		Bacillariophyceae	Naviculales	Naviculaceae	Navicula	Navicula salinarum	Grunow in Cleve et Grunow, 1880	Species																																												0	0	F	BLACK			
NBNORG0000067973	NHMSYS0000604438	Chromista		Bacillariophyceae	Naviculales	Naviculaceae	Navicula	Navicula salinicola	Hust., 1939	Species																																												12	0	E	RED		OTU_000007;OTU_000621;OTU_001678;OTU_001708;OTU_002011;OTU_002297;OTU_002625;OTU_003682;OTU_003686;OTU_003712	Navicula sp.
NBNORG0000067974	NHMSYS0000604439	Chromista		Bacillariophyceae	Naviculales	Naviculaceae	Navicula	Navicula saprophila	Lange-Bert. et Bonik, 1976	Species	Fistulifera saprophila																																											26	1	C	BLUE		OTU_000032;OTU_000034;OTU_000037;OTU_000096;OTU_000367;OTU_002036;OTU_002038;OTU_002041;OTU_002063;OTU_002100;OTU_002371;OTU_002466;OTU_003962	
NBNORG0000107086	NHMSYS0020955153	Chromista		Bacillariophyceae	Naviculales	Naviculaceae	Navicula	Navicula schmassmannii	Hustedt, 1943	Species	Navicula schmassmanii;Naviculadicta schmassmannii																																											0	0	F	BLACK			
NBNORG0000067620	NHMSYS0000603940	Chromista		Bacillariophyceae	Naviculales	Naviculaceae	Navicula	Navicula schmidtii	Lagerst., 1876	Species																																												0	0	F	BLACK			
NBNORG0000067621	NHMSYS0000603941	Chromista		Bacillariophyceae	Naviculales	Naviculaceae	Navicula	Navicula schonfeldii	Hust.	Species	Navicula dolomitica;Navicula schoenfeldii																																											0	0	F	BLACK			
NBNORG0000067622	NHMSYS0000603942	Chromista		Bacillariophyceae	Naviculales	Naviculaceae	Navicula	Navicula schroeteri	F. Meister, 1932	Species																																												0	0	F	BLACK			
NBNORG0000067623	NHMSYS0000603943	Chromista		Bacillariophyceae	Naviculales	Naviculaceae	Navicula	Navicula scirpus	J.R. Carter in J.R. Carter et Bailey-Watts, 1981	Species																																												0	0	F	BLACK			
NBNORG0000067624	NHMSYS0000603944	Chromista		Bacillariophyceae	Naviculales	Naviculaceae	Navicula	Navicula scutelloides	W. Sm. ex Greg., 1856	Species																																												0	0	F	BLACK			
NBNORG0000067625	NHMSYS0000603945	Chromista		Bacillariophyceae	Naviculales	Naviculaceae	Navicula	Navicula scutum	Schum., 1862	Species																																												0	0	F	BLACK			
NBNORG0000067626	NHMSYS0000603948	Chromista		Bacillariophyceae	Naviculales	Naviculaceae	Navicula	Navicula semen	Ehrenb., 1843	Species																																												0	0	F	BLACK			
NBNORG0000067627	NHMSYS0000603949	Chromista		Bacillariophyceae	Naviculales	Naviculaceae	Navicula	Navicula semihyalina	Bock, 1970	Species																																												0	0	F	BLACK			
NBNORG0000067628	NHMSYS0000603950	Chromista		Bacillariophyceae	Naviculales	Naviculaceae	Navicula	Navicula seminoides	Cleve et Grove, 1894	Species																																												0	0	F	BLACK			
NBNORG0000067629	NHMSYS0000603951	Chromista		Bacillariophyceae	Naviculales	Naviculaceae	Navicula	Navicula seminuloides	Hust., 1937	Species																																												0	0	F	BLACK			
NBNORG0000115705	NHMSYS0021058019	Chromista		Bacillariophyceae	Naviculales	Naviculaceae	Navicula	Navicula septentrionalis	(Grunow) Gran, 1905	Species																																												0	0	F	BLACK			
NBNORG0000067630	NHMSYS0000603953	Chromista		Bacillariophyceae	Naviculales	Naviculaceae	Navicula	Navicula similis	Krasske, 1929	Species																																												0	0	F	BLACK			
NBNORG0000067631	NHMSYS0000603954	Chromista		Bacillariophyceae	Naviculales	Naviculaceae	Navicula	Navicula simplex	Krasske, 1925	Species																																												0	0	F	BLACK			
NBNORG0000067632	NHMSYS0000603955	Chromista		Bacillariophyceae	Naviculales	Naviculaceae	Navicula	Navicula siofokensis	Pant., 1902	Species																																												0	0	F	BLACK			
NBNORG0000067633	NHMSYS0000603956	Chromista		Bacillariophyceae	Naviculales	Naviculaceae	Navicula	Navicula slesvicensis	Grunow, 1880	Species	Navicula viridula var. slesvicensis																																											2	0	D	GREEN		OTU_003499	
NBNORG0000067634	NHMSYS0000603957	Chromista		Bacillariophyceae	Naviculales	Naviculaceae	Navicula	Navicula smithii	Brébisson, 1854	Species	Navicula smithii f. smithii																																											0	0	F	BLACK			
NBNORG0000067635	NHMSYS0000603959	Chromista		Bacillariophyceae	Naviculales	Naviculaceae	Navicula	Navicula soehrensis	Krasske, 1923	Species	Navicula soehrensis form capitata;Navicula soehrensis var. hassiaca;Navicula soehrensis var. muscicola																																											0	0	F	BLACK			
NBNORG0000067639	NHMSYS0000603963	Chromista		Bacillariophyceae	Naviculales	Naviculaceae	Navicula	Navicula solaris	Greg., 1856	Species																																												0	0	F	BLACK			
NBNORG0000067640	NHMSYS0000603964	Chromista		Bacillariophyceae	Naviculales	Naviculaceae	Navicula	Navicula soodensis	Krasske, 1927	Species																																												0	0	F	BLACK			
NBNORG0000125626	NHMSYS0021200712	Chromista		Bacillariophyceae	Naviculales	Naviculaceae	Navicula	Navicula specululum	Witkowski, 1994	Species	Amicula specululum				Y																																							0	0	F	BLACK			
NBNORG0000067641	NHMSYS0000603966	Chromista		Bacillariophyceae	Naviculales	Naviculaceae	Navicula	Navicula spinifera	Bock, 1970	Species																																												0	0	F	BLACK			
NBNORG0000067642	NHMSYS0000603967	Chromista		Bacillariophyceae	Naviculales	Naviculaceae	Navicula	Navicula splendicula	VanLand., 1975	Species																																												0	0	F	BLACK			
NBNORG0000067643	NHMSYS0000603969	Chromista		Bacillariophyceae	Naviculales	Naviculaceae	Navicula	Navicula stankovicii	Hust.	Species	Navicula stankovici																																											0	0	F	BLACK			
NBNORG0000067644	NHMSYS0000603970	Chromista		Bacillariophyceae	Naviculales	Naviculaceae	Navicula	Navicula strenzkei	Hust., 1962	Species																																												0	0	F	BLACK			
NBNORG0000067645	NHMSYS0000603971	Chromista		Bacillariophyceae	Naviculales	Naviculaceae	Navicula	Navicula striolata	(Grunow) Lange-Bert., 1985	Species																																												0	0	F	BLACK			
NBNORG0000067646	NHMSYS0000603972	Chromista		Bacillariophyceae	Naviculales	Naviculaceae	Navicula	Navicula stroemii	Hust., 1931	Species																																												0	0	F	BLACK			
NBNORG0000060495	NHMSYS0000524650	Chromista		Bacillariophyceae	Naviculales	Naviculaceae	Navicula	Navicula stroesei		Species	Navicula stroesei var. lanceolata																																											0	0	F	BLACK			
NBNORG0000067648	NHMSYS0000603974	Chromista		Bacillariophyceae	Naviculales	Naviculaceae	Navicula	Navicula subadnata	Hust., 1942	Species																																												0	0	F	BLACK			
NBNORG0000107087	NHMSYS0020955154	Chromista		Bacillariophyceae	Naviculales	Naviculaceae	Navicula	Navicula subalpina	Reichardt, 1988	Species																																												0	0	F	BLACK			
NBNORG0000107088	NHMSYS0020955155	Chromista		Bacillariophyceae	Naviculales	Naviculaceae	Navicula	Navicula subatomoides	Hustedt in A. Schmidt et al., 1936	Species																																												0	0	F	BLACK			
NBNORG0000067649	NHMSYS0000603975	Chromista		Bacillariophyceae	Naviculales	Naviculaceae	Navicula	Navicula subbacillum	Hust., 1937	Species																																												0	0	F	BLACK			
NBNORG0000067650	NHMSYS0000603976	Chromista		Bacillariophyceae	Naviculales	Naviculaceae	Navicula	Navicula subcostulata	Hust., 1934	Species																																												0	0	F	BLACK			
NBNORG0000067651	NHMSYS0000603977	Chromista		Bacillariophyceae	Naviculales	Naviculaceae	Navicula	Navicula subfortis	Hust., 1954	Species																																												0	0	F	BLACK			
NBNORG0000067652	NHMSYS0000603979	Chromista		Bacillariophyceae	Naviculales	Naviculaceae	Navicula	Navicula subinflata	Grunow	Species																																												0	0	F	BLACK			
NBNORG0000067653	NHMSYS0000603981	Chromista		Bacillariophyceae	Naviculales	Naviculaceae	Navicula	Navicula subminuscula	Manguin, 1941	Species	Navicula frugalis;Navicula perparva																																											0	0	F	BLACK			
NBNORG0000067654	NHMSYS0000603983	Chromista		Bacillariophyceae	Naviculales	Naviculaceae	Navicula	Navicula submolesta	Hust., 1949	Species																																												0	0	F	BLACK			
NBNORG0000067655	NHMSYS0000603984	Chromista		Bacillariophyceae	Naviculales	Naviculaceae	Navicula	Navicula submuralis	Hust., 1945	Species																																												0	0	F	BLACK			
NBNORG0000067656	NHMSYS0000603985	Chromista		Bacillariophyceae	Naviculales	Naviculaceae	Navicula	Navicula subocculata	Hust., 1930	Species																																												0	0	F	BLACK			
NBNORG0000067657	NHMSYS0000603986	Chromista		Bacillariophyceae	Naviculales	Naviculaceae	Navicula	Navicula subplacentula	Hust., 1930	Species																																												0	0	F	BLACK			
NBNORG0000067658	NHMSYS0000603988	Chromista		Bacillariophyceae	Naviculales	Naviculaceae	Navicula	Navicula subrhynchocephala	Hust., 1935	Species																																												0	0	F	BLACK			
NBNORG0000067659	NHMSYS0000603989	Chromista		Bacillariophyceae	Naviculales	Naviculaceae	Navicula	Navicula subrotundata	Hust., 1945	Species																																												0	0	F	BLACK			
NBNORG0000067660	NHMSYS0000603990	Chromista		Bacillariophyceae	Naviculales	Naviculaceae	Navicula	Navicula subseminulum	Hust. In Brendemohl, 1949	Species																																												0	0	F	BLACK			
NBNORG0000067661	NHMSYS0000603991	Chromista		Bacillariophyceae	Naviculales	Naviculaceae	Navicula	Navicula subtilissima	Cleve, 1891	Species																																												0	0	F	BLACK			
NBNORG0000067662	NHMSYS0000603992	Chromista		Bacillariophyceae	Naviculales	Naviculaceae	Navicula	Navicula suchlandtii	Hust., 1934-1943	Species																																												0	0	F	BLACK			
NBNORG0000067663	NHMSYS0000603993	Chromista		Bacillariophyceae	Naviculales	Naviculaceae	Navicula	Navicula suecorum	Carlson, 1913	Species																																												0	0	F	BLACK			
NBNORG0000107089	NHMSYS0020955156	Chromista		Bacillariophyceae	Naviculales	Naviculaceae	Navicula	Navicula supergradata	Brun, 1891	Species																																												0	0	F	BLACK			
NBNORG0000107090	NHMSYS0020955157	Chromista		Bacillariophyceae	Naviculales	Naviculaceae	Navicula	Navicula supralitoralis	Aleem & Hustedt, 1951	Species																																												0	0	F	BLACK			
NBNORG0000067664	NHMSYS0000603995	Chromista		Bacillariophyceae	Naviculales	Naviculaceae	Navicula	Navicula tantula	Hust., 1943	Species																																												0	0	F	BLACK			
NBNORG0000067665	NHMSYS0000603996	Chromista		Bacillariophyceae	Naviculales	Naviculaceae	Navicula	Navicula tenelloides	Hust., 1937	Species																																												0	0	F	BLACK			
NBNORG0000067667	NHMSYS0000603998	Chromista		Bacillariophyceae	Naviculales	Naviculaceae	Navicula	Navicula tenerrima	Hust., 1937	Species																																												0	0	F	BLACK			
NBNORG0000067975	NHMSYS0000604441	Chromista		Bacillariophyceae	Naviculales	Naviculaceae	Navicula	Navicula tenuicephala	Hust., 1942	Species	Nupela tenuicephala																																											0	0	F	BLACK			
NBNORG0000067976	NHMSYS0000604442	Chromista		Bacillariophyceae	Naviculales	Naviculaceae	Navicula	Navicula tenuipunctata	Hust., 1959	Species	Navicula ordinaria																																											0	0	F	BLACK			
NBNORG0000067977	NHMSYS0000604444	Chromista		Bacillariophyceae	Naviculales	Naviculaceae	Navicula	Navicula thiennemanii	Hust., 1936	Species																																												0	0	F	BLACK			
NBNORG0000067978	NHMSYS0000604445	Chromista		Bacillariophyceae	Naviculales	Naviculaceae	Navicula	Navicula thoroddsenii	Foged, 1974	Species																																												0	0	F	BLACK			
NBNORG0000067979	NHMSYS0000604446	Chromista		Bacillariophyceae	Naviculales	Naviculaceae	Navicula	Navicula torneensis	Cleve, 1891	Species																																												0	0	F	BLACK			
NBNORG0000067980	NHMSYS0000604447	Chromista		Bacillariophyceae	Naviculales	Naviculaceae	Navicula	Navicula toulaae	Pant., 1892	Species																																												0	0	F	BLACK			
NBNORG0000115704	NHMSYS0021058020	Chromista		Bacillariophyceae	Naviculales	Naviculaceae	Navicula	Navicula transitans	Cleve, 1883	Species	Navicula derasa var. transitans;Navicula transitans var. derasa				Y																																							0	0	F	BLACK			
NBNORG0000067981	NHMSYS0000604449	Chromista		Bacillariophyceae	Naviculales	Naviculaceae	Navicula	Navicula tridentula	Krasske, 1923	Species																																												0	0	F	BLACK			
NBNORG0000067982	NHMSYS0000604451	Chromista		Bacillariophyceae	Naviculales	Naviculaceae	Navicula	Navicula tripunctata	(O.F. Müll.) Bory, 1822	Species	Navicula tripunctata var. schizomenoides																																											6	1	C	GREEN		OTU_000098;OTU_002102	
NBNORG0000067984	NHMSYS0000604453	Chromista		Bacillariophyceae	Naviculales	Naviculaceae	Navicula	Navicula trivialis	Lange-Bert., 1980	Species																																												1	1	D	GREEN		OTU_002463	
NBNORG0000060496	NHMSYS0000524652	Chromista		Bacillariophyceae	Naviculales	Naviculaceae	Navicula	Navicula tuscula		Species	Navicula tuscula var. capitata																																											0	0	F	BLACK			
NBNORG0000067986	NHMSYS0000604460	Chromista		Bacillariophyceae	Naviculales	Naviculaceae	Navicula	Navicula twymanniana	Archibald	Species																																												0	0	F	BLACK			
NBNORG0000067987	NHMSYS0000604461	Chromista		Bacillariophyceae	Naviculales	Naviculaceae	Navicula	Navicula ulvacea	(Berk. et Kütz.) Cleve	Species																																												0	0	F	BLACK			
NBNORG0000067988	NHMSYS0000604463	Chromista		Bacillariophyceae	Naviculales	Naviculaceae	Navicula	Navicula undosa	Ehrenb.	Species																																												0	0	F	BLACK			
NBNORG0000067989	NHMSYS0000604464	Chromista		Bacillariophyceae	Naviculales	Naviculaceae	Navicula	Navicula unilaterarea	Salah, 1953	Species																																												0	0	F	BLACK			
NBNORG0000123424	NHMSYS0021182438	Chromista		Bacillariophyceae	Naviculales	Naviculaceae	Navicula	Navicula upsalensis	(Grunow) Peragallo	Species				Y																																								0	0	F	BLACK			
NBNORG0000122450	NHMSYS0021165343	Chromista		Bacillariophyceae	Naviculales	Naviculaceae	Navicula	Navicula upsaliensis	(Grunow) Peragallo, 1903	Species			Y																																									0	0	F	BLACK			
NBNORG0000067990	NHMSYS0000604465	Chromista		Bacillariophyceae	Naviculales	Naviculaceae	Navicula	Navicula utermoehlii	Hust., 1943	Species																																												0	0	F	BLACK			
NBNORG0000067991	NHMSYS0000604466	Chromista		Bacillariophyceae	Naviculales	Naviculaceae	Navicula	Navicula valdestriata	Hust., 1952	Species																																												0	0	F	BLACK			
NBNORG0000067992	NHMSYS0000604467	Chromista		Bacillariophyceae	Naviculales	Naviculaceae	Navicula	Navicula vanheurckii	R.M. Patrick in R.M. Patrick et Reimer, 1966	Species																																												0	0	F	BLACK			
NBNORG0000067993	NHMSYS0000604468	Chromista		Bacillariophyceae	Naviculales	Naviculaceae	Navicula	Navicula vanhoeffenii	Gran, 1897	Species																																												0	0	F	BLACK			
NBNORG0000067994	NHMSYS0000604469	Chromista		Bacillariophyceae	Naviculales	Naviculaceae	Navicula	Navicula variolinea	J.R. Carter, 1971	Species																																												0	0	F	BLACK			
NBNORG0000067995	NHMSYS0000604471	Chromista		Bacillariophyceae	Naviculales	Naviculaceae	Navicula	Navicula vaucheriae	J.B. Petersen, 1915	Species																																												0	0	F	BLACK			
NBNORG0000067996	NHMSYS0000604472	Chromista		Bacillariophyceae	Naviculales	Naviculaceae	Navicula	Navicula veneta	Kütz., 1844	Species	Navicula cryptocephala var. veneta																																											9	1	C	GREEN		OTU_000050;OTU_002054;OTU_003739;OTU_003783	
NBNORG0000067997	NHMSYS0000604473	Chromista		Bacillariophyceae	Naviculales	Naviculaceae	Navicula	Navicula ventosa	Hust., 1957	Species																																												0	0	F	BLACK			
NBNORG0000067998	NHMSYS0000604474	Chromista		Bacillariophyceae	Naviculales	Naviculaceae	Navicula	Navicula ventralis	Krasske, 1923	Species																																												0	0	F	BLACK			
NBNORG0000067999	NHMSYS0000604476	Chromista		Bacillariophyceae	Naviculales	Naviculaceae	Navicula	Navicula viridula	(Kütz.) Ehrenb., 1836	Species	Navicula viridula var. abbreviata;Navicula viridula var. germainii;Navicula viridula var. linearis																																											0	0	F	BLACK			
NBNORG0000068002	NHMSYS0000604482	Chromista		Bacillariophyceae	Naviculales	Naviculaceae	Navicula	Navicula vitiosa	Schim., 1978	Species																																												0	0	F	BLACK			
NBNORG0000068003	NHMSYS0000604485	Chromista		Bacillariophyceae	Naviculales	Naviculaceae	Navicula	Navicula vula	J.R. Carter, 1971	Species																																												0	0	F	BLACK			
NBNORG0000068004	NHMSYS0000604486	Chromista		Bacillariophyceae	Naviculales	Naviculaceae	Navicula	Navicula vulpina	Kütz., 1844	Species	Navicula viridula var. vulpina																																											0	0	F	BLACK			
NBNORG0000068005	NHMSYS0000604487	Chromista		Bacillariophyceae	Naviculales	Naviculaceae	Navicula	Navicula weinzierlii	Schim., 1973	Species																																												0	0	F	BLACK			
NBNORG0000107092	NHMSYS0020955160	Chromista		Bacillariophyceae	Naviculales	Naviculaceae	Navicula	Navicula wittrockii	(Lagerstedt) Tempère & Peragallo 1909	Species																																												0	0	F	BLACK			
NBNORG0000068006	NHMSYS0000604488	Chromista		Bacillariophyceae	Naviculales	Naviculaceae	Navicula	Navicula zeta	Cleve, 1895	Species																																												0	0	F	BLACK			
NBNORG0000068007	NHMSYS0000604489	Chromista		Bacillariophyceae	Naviculales	Naviculaceae	Navicula	Navicula zodhyi	Salah, 1953	Species																																												0	0	F	BLACK			
NBNORG0000068008	NHMSYS0000604490	Chromista		Bacillariophyceae	Naviculales	Naviculaceae	Navicula	Navicula zostereti	Grunow, 1860	Species																																												0	0	F	BLACK			
NBNORG0000068012	NHMSYS0000604496	Chromista		Bacillariophyceae	Naviculales	Neidiaceae	Neidium	Neidium affine	(Ehrenb.) Pfitzer, 1871	Species	Neidium affine form undulatum;Neidium affine var. amphirhynchus;Neidium affine var. ceylonicum;Neidium affine var. humerus;Neidium affine var. longiceps																																											8	0	E	RED		OTU_000197;OTU_001287;OTU_003291	Neidium dubium;Neidium potapovii;Neidium productum;Neidium sp.;Neidium sp. i5r15;Neidium sp. j6r15
NBNORG0000068018	NHMSYS0000604502	Chromista		Bacillariophyceae	Naviculales	Neidiaceae	Neidium	Neidium alpinum	Hust., 1943	Species																																												0	0	F	BLACK			
NBNORG0000122453	NHMSYS0021165257	Chromista		Bacillariophyceae	Naviculales	Neidiaceae	Neidium	Neidium amphigomphus	(Ehrenberg) Pfitzer, 1871	Species			Y																																									33	0	C	GREEN		OTU_001285;OTU_003289	
NBNORG0000068019	NHMSYS0000604503	Chromista		Bacillariophyceae	Naviculales	Neidiaceae	Neidium	Neidium ampliatum	(Ehrenb.) Krammer, 1985	Species	Neidium iridis form vernalis;Neidium iridis var. ampilatum																																											0	0	F	BLACK			
NBNORG0000068020	NHMSYS0000604504	Chromista		Bacillariophyceae	Naviculales	Neidiaceae	Neidium	Neidium apiculatum	Reimer, 1959	Species																																												0	0	F	BLACK			
NBNORG0000068021	NHMSYS0000604505	Chromista		Bacillariophyceae	Naviculales	Neidiaceae	Neidium	Neidium bergii	(A. Cleve) Krammer, 1985	Species																																												0	0	F	BLACK			
NBNORG0000068023	NHMSYS0000604507	Chromista		Bacillariophyceae	Naviculales	Neidiaceae	Neidium	Neidium binode	(Ehrenb.) Hust.	Species	Neidium binodis																																											0	0	F	BLACK			
NBNORG0000068022	NHMSYS0000604506	Chromista		Bacillariophyceae	Naviculales	Neidiaceae	Neidium	Neidium binodeforme	Krammer, 1985	Species	Neidium binodis																																											0	0	F	BLACK			
NBNORG0000068024	NHMSYS0000604508	Chromista		Bacillariophyceae	Naviculales	Neidiaceae	Neidium	Neidium bisulcatum	(Lagerst.) Cleve, 1894	Species	Neidium bisulcatum var. subampliatum;Neidium bisulcatum var. subundulatum																																											4	0	C	GREEN		OTU_000204;OTU_002208	
NBNORG0000068027	NHMSYS0000604511	Chromista		Bacillariophyceae	Naviculales	Neidiaceae	Neidium	Neidium calvum	Østrup, 1910	Species																																												0	0	F	BLACK			
NBNORG0000068028	NHMSYS0000604512	Chromista		Bacillariophyceae	Naviculales	Neidiaceae	Neidium	Neidium carterii	Krammer, 1975	Species																																												0	0	F	BLACK			
NBNORG0000068029	NHMSYS0000604513	Chromista		Bacillariophyceae	Naviculales	Neidiaceae	Neidium	Neidium decoratum	Brun, 1901	Species																																												0	0	F	BLACK			
NBNORG0000068030	NHMSYS0000604514	Chromista		Bacillariophyceae	Naviculales	Neidiaceae	Neidium	Neidium densestriatum	(Østrup) Krammer, 1985	Species																																												0	0	F	BLACK			
NBNORG0000068031	NHMSYS0000604515	Chromista		Bacillariophyceae	Naviculales	Neidiaceae	Neidium	Neidium dilatatum	(Ehrenb.) Cleve, 1894	Species																																												22	0	C	GREEN		OTU_001286;OTU_003290	
NBNORG0000068032	NHMSYS0000604516	Chromista		Bacillariophyceae	Naviculales	Neidiaceae	Neidium	Neidium distinctepunctatum	Hust., 1922	Species																																												0	0	F	BLACK			
NBNORG0000068033	NHMSYS0000604517	Chromista		Bacillariophyceae	Naviculales	Neidiaceae	Neidium	Neidium dubium	(Ehrenb.) Cleve, 1894	Species	Neidium dubium form constrictum																																											1	1	E	RED		OTU_000197	Neidium affine;Neidium productum;Neidium sp.
NBNORG0000122683	NHMSYS0021167837	Chromista		Bacillariophyceae	Naviculales	Neidiaceae	Neidium	Neidium fossum	K.Lefebvre & P.B.Hamilton, 2015	Species																																												6	0	E	RED		OTU_001288;OTU_003292	Neidium longiceps;Neidium promontorium;Neidium sacoense;Neidium sp.
NBNORG0000107097	NHMSYS0020955166	Chromista		Bacillariophyceae	Naviculales	Neidiaceae	Neidium	Neidium glaberrimum	(Østrup) R. Ross, 1986	Species																																												0	0	F	BLACK			
NBNORG0000068035	NHMSYS0000604519	Chromista		Bacillariophyceae	Naviculales	Neidiaceae	Neidium	Neidium globiceps	(A. Cleve) A. Cleve, 1955	Species	Neidium globiceps var. triundulata																																											0	0	F	BLACK			
NBNORG0000068037	NHMSYS0000604521	Chromista		Bacillariophyceae	Naviculales	Neidiaceae	Neidium	Neidium hercynicum	Mayer, 1917	Species																																												0	0	F	BLACK			
NBNORG0000068038	NHMSYS0000604522	Chromista		Bacillariophyceae	Naviculales	Neidiaceae	Neidium	Neidium hitchcockii	(Ehrenb.) Cleve, 1894	Species																																												3	0	C	GREEN		OTU_001283;OTU_003287	
NBNORG0000068039	NHMSYS0000604523	Chromista		Bacillariophyceae	Naviculales	Neidiaceae	Neidium	Neidium hustedtii	Bastow, 1954	Species																																												0	0	F	BLACK			
NBNORG0000068040	NHMSYS0000604524	Chromista		Bacillariophyceae	Naviculales	Neidiaceae	Neidium	Neidium inconspicuum	Hust., 1921	Species																																												0	0	F	BLACK			
NBNORG0000068041	NHMSYS0000604525	Chromista		Bacillariophyceae	Naviculales	Neidiaceae	Neidium	Neidium incurvum	(Greg.) Østrup, 1918	Species																																												0	0	F	BLACK			
NBNORG0000068042	NHMSYS0000604526	Chromista		Bacillariophyceae	Naviculales	Neidiaceae	Neidium	Neidium iridis	(Ehrenb.) Cleve, 1894	Species	Neidium iridis var. amphigomphus;Neidium iridis var. bryophilum;Neidium iridis var. robusta;Neidium iridis var. subundulatum																																											0	0	F	BLACK			
NBNORG0000068047	NHMSYS0000604534	Chromista		Bacillariophyceae	Naviculales	Neidiaceae	Neidium	Neidium javanicum	Hust., 1938	Species																																												0	0	F	BLACK			
NBNORG0000068048	NHMSYS0000604535	Chromista		Bacillariophyceae	Naviculales	Neidiaceae	Neidium	Neidium juba	J.R. Carter in J.R. Carter et Bailey-Watts, 1981	Species																																												0	0	F	BLACK			
NBNORG0000068049	NHMSYS0000604536	Chromista		Bacillariophyceae	Naviculales	Neidiaceae	Neidium	Neidium kozlowi	Mereschk., 1906	Species	Neidium kozlowi var. ellipticum;Neidium kozlowi var. parvum																																											0	0	F	BLACK			
NBNORG0000068052	NHMSYS0000604539	Chromista		Bacillariophyceae	Naviculales	Neidiaceae	Neidium	Neidium ladogensis	(Cleve) Foged, 1952	Species																																												0	0	F	BLACK			
NBNORG0000068053	NHMSYS0000604540	Chromista		Bacillariophyceae	Naviculales	Neidiaceae	Neidium	Neidium maximum	(Cleve) F. Meister, 1912	Species																																												0	0	F	BLACK			
NBNORG0000068054	NHMSYS0000604541	Chromista		Bacillariophyceae	Naviculales	Neidiaceae	Neidium	Neidium meadeense	Foged, 1968	Species																																												0	0	F	BLACK			
NBNORG0000068055	NHMSYS0000604542	Chromista		Bacillariophyceae	Naviculales	Neidiaceae	Neidium	Neidium minutissimum	Krasske, 1932	Species																																												0	0	F	BLACK			
NBNORG0000068056	NHMSYS0000604543	Chromista		Bacillariophyceae	Naviculales	Neidiaceae	Neidium	Neidium odamii	Bastow, 1954	Species																																												0	0	F	BLACK			
NBNORG0000068057	NHMSYS0000604544	Chromista		Bacillariophyceae	Naviculales	Neidiaceae	Neidium	Neidium opulentum	Hust., 1939	Species																																												0	0	F	BLACK			
NBNORG0000068058	NHMSYS0000604545	Chromista		Bacillariophyceae	Naviculales	Neidiaceae	Neidium	Neidium perforatum	Schim., 1973	Species																																												0	0	F	BLACK			
NBNORG0000068059	NHMSYS0000604546	Chromista		Bacillariophyceae	Naviculales	Neidiaceae	Neidium	Neidium productum	(W. Sm.) Cleve, 1894	Species																																												2	0	E	RED		OTU_000197;OTU_002201	Neidium affine;Neidium dubium;Neidium sp.
NBNORG0000068060	NHMSYS0000604547	Chromista		Bacillariophyceae	Naviculales	Neidiaceae	Neidium	Neidium sacoense	Reimer in R.M. Patrick et Reimer, 1966	Species																																												9	0	E	RED		OTU_001288;OTU_003294	Neidium fossum;Neidium longiceps;Neidium promontorium;Neidium sp.
NBNORG0000068061	NHMSYS0000604548	Chromista		Bacillariophyceae	Naviculales	Neidiaceae	Neidium	Neidium septentrionalis	A. Cleve, 1939	Species																																												0	0	F	BLACK			
NBNORG0000068062	NHMSYS0000604549	Chromista		Bacillariophyceae	Naviculales	Neidiaceae	Neidium	Neidium tenuissimum	Hust., 1943	Species																																												0	0	F	BLACK			
NBNORG0000068063	NHMSYS0000604550	Chromista		Bacillariophyceae	Naviculales	Neidiaceae	Neidium	Neidium testa	J.R. Carter in J.R. Carter et Bailey-Watts, 1981	Species																																												0	0	F	BLACK			
NBNORG0000122684	NHMSYS0021167843	Chromista		Bacillariophyceae	Naviculales	Neidiaceae	Neidium	Neidium tumescens	(Grunow) Cleve, 1894	Species																																												3	0	C	GREEN		OTU_001282;OTU_003286	
NBNORG0000122454	NHMSYS0021165231	Chromista		Bacillariophyceae	Bacillariales	Bacillariaceae	Nitzschia	Nitzschia abbreviata	Hustedt in A. Schmidt	Species			Y																																									0	0	F	BLACK			
NBNORG0000068092	NHMSYS0000604607	Chromista		Bacillariophyceae	Bacillariales	Bacillariaceae	Nitzschia	Nitzschia acicularioides	Hust., 1959	Species																																												0	0	F	BLACK			
NBNORG0000115743	NHMSYS0021057978	Chromista		Bacillariophyceae	Bacillariales	Bacillariaceae	Nitzschia	Nitzschia acicularis	(Kützing) W.Smith, 1853	Species					Y																																							2	2	D	GREEN		OTU_000092	
NBNORG0000068094	NHMSYS0000604609	Chromista		Bacillariophyceae	Bacillariales	Bacillariaceae	Nitzschia	Nitzschia acidoclinata	Lange-Bert., 1976	Species																																												24	4	C	GREEN		OTU_000056;OTU_002060;OTU_003883;OTU_003884	
NBNORG0000068095	NHMSYS0000604611	Chromista		Bacillariophyceae	Bacillariales	Bacillariaceae	Nitzschia	Nitzschia acula	Hantzsch ex Cleve et Grunow, 1880	Species																																												0	0	F	BLACK			
NBNORG0000060497	NHMSYS0000524660	Chromista		Bacillariophyceae	Bacillariales	Bacillariaceae	Nitzschia	Nitzschia acuminata	(W. Sm.) Grun. 1878	Species	Nitzschia acuminata var. subconstricta																																											0	0	F	BLACK			
NBNORG0000068097	NHMSYS0000604615	Chromista		Bacillariophyceae	Bacillariales	Bacillariaceae	Nitzschia	Nitzschia adamata	Hust., 1957	Species																																												0	0	F	BLACK			
NBNORG0000107102	NHMSYS0020955171	Chromista		Bacillariophyceae	Bacillariales	Bacillariaceae	Nitzschia	Nitzschia aequorea	Hustedt, 1939	Species	Nitzschia aequora																																											0	0	F	BLACK			
NBNORG0000068098	NHMSYS0000604618	Chromista		Bacillariophyceae	Bacillariales	Bacillariaceae	Nitzschia	Nitzschia agnita	Hust., 1957	Species																																												0	0	F	BLACK			
NBNORG0000122455	NHMSYS0021165232	Chromista		Bacillariophyceae	Bacillariales	Bacillariaceae	Nitzschia	Nitzschia alicae	Hlúbiková & Ector in Hlúbiková et al., 2009	Species			Y																																									2	2	C	GREEN		OTU_000426;OTU_002430	
NBNORG0000068099	NHMSYS0000604619	Chromista		Bacillariophyceae	Bacillariales	Bacillariaceae	Nitzschia	Nitzschia alpina	Hust., 1943	Species																																												0	0	F	BLACK			
NBNORG0000123425	NHMSYS0021182444	Chromista		Bacillariophyceae	Bacillariales	Bacillariaceae	Nitzschia	Nitzschia alpinobacillum	Lange-Bert.	Species				Y																																								0	0	F	BLACK			
NBNORG0000068100	NHMSYS0000604620	Chromista		Bacillariophyceae	Bacillariales	Bacillariaceae	Nitzschia	Nitzschia amphibia	Grunow, 1862	Species	Nitzschia amphibia form abbreviata;Nitzschia amphibia form frauenfeldii;Nitzschia amphibia form rostrata;Nitzschia amphibia var. acutiuscula;Nitzschia amphibia var. fossilis;Nitzschia amphibia var. umbrosa																																											8	5	C	GREEN		OTU_000433;OTU_000436;OTU_002437;OTU_002440;OTU_004000	
NBNORG0000068107	NHMSYS0000604628	Chromista		Bacillariophyceae	Bacillariales	Bacillariaceae	Nitzschia	Nitzschia amphibioides	Hust., 1942	Species																																												0	0	F	BLACK			
NBNORG0000068108	NHMSYS0000604629	Chromista		Bacillariophyceae	Bacillariales	Bacillariaceae	Nitzschia	Nitzschia amphiplectans	Hust., 1957	Species																																												0	0	F	BLACK			
NBNORG0000044503	NBNSYS0100013781	Chromista		Bacillariophyceae	Bacillariales	Bacillariaceae	Nitzschia	Nitzschia amplectens		Species																																												1	0	D	GREEN		OTU_003994	
NBNORG0000115750	NHMSYS0021057979	Chromista		Bacillariophyceae	Bacillariales	Bacillariaceae	Nitzschia	Nitzschia angularis	W.Smith, 1853	Species					Y																																							0	0	F	BLACK			
NBNORG0000068109	NHMSYS0000604631	Chromista		Bacillariophyceae	Bacillariales	Bacillariaceae	Nitzschia	Nitzschia angustatula	Lange-Bert., 1987	Species																																												0	0	F	BLACK			
NBNORG0000068110	NHMSYS0000604632	Chromista		Bacillariophyceae	Bacillariales	Bacillariaceae	Nitzschia	Nitzschia angustiforaminata	Lange-Bert., 1980	Species																																												0	0	F	BLACK			
NBNORG0000107103	NHMSYS0020955172	Chromista		Bacillariophyceae	Bacillariales	Bacillariaceae	Nitzschia	Nitzschia apiculata	(Gregory) Grunow, 1878	Species																																												0	0	F	BLACK			
NBNORG0000068111	NHMSYS0000604633	Chromista		Bacillariophyceae	Bacillariales	Bacillariaceae	Nitzschia	Nitzschia archibaldii	Lange-Bert., 1980	Species																																												0	0	F	BLACK			
NBNORG0000122456	NHMSYS0021165344	Chromista		Bacillariophyceae	Bacillariales	Bacillariaceae	Nitzschia	Nitzschia ardua	Cholnoky, 1961	Species			Y																																									0	0	F	BLACK			
NBNORG0000068112	NHMSYS0000604634	Chromista		Bacillariophyceae	Bacillariales	Bacillariaceae	Nitzschia	Nitzschia armoricana	(Kütz.) Grunow, 1862	Species	Hantzschia spectabilis																																											0	0	F	BLACK			
NBNORG0000068113	NHMSYS0000604635	Chromista		Bacillariophyceae	Bacillariales	Bacillariaceae	Nitzschia	Nitzschia aurariae	Cholnoky, 1966	Species																																												3	0	C	GREEN		OTU_001473;OTU_003471;OTU_003477	
NBNORG0000068114	NHMSYS0000604637	Chromista		Bacillariophyceae	Bacillariales	Bacillariaceae	Nitzschia	Nitzschia bacilliformis	Hust., 1922	Species																																												0	0	F	BLACK			
NBNORG0000068115	NHMSYS0000604638	Chromista		Bacillariophyceae	Bacillariales	Bacillariaceae	Nitzschia	Nitzschia bacillum	Hust., 1922	Species																																												0	0	F	BLACK			
NBNORG0000068116	NHMSYS0000604641	Chromista		Bacillariophyceae	Bacillariales	Bacillariaceae	Nitzschia	Nitzschia bavarica	Hust., 1953	Species																																												0	0	F	BLACK			
NBNORG0000068117	NHMSYS0000604642	Chromista		Bacillariophyceae	Bacillariales	Bacillariaceae	Nitzschia	Nitzschia behrei	Hust., 1959	Species																																												0	0	F	BLACK			
NBNORG0000068118	NHMSYS0000604643	Chromista		Bacillariophyceae	Bacillariales	Bacillariaceae	Nitzschia	Nitzschia bergii	A. Cleve, 1953	Species																																												0	0	F	BLACK			
NBNORG0000115741	NHMSYS0021057980	Chromista		Bacillariophyceae	Bacillariales	Bacillariaceae	Nitzschia	Nitzschia bilobata	W.Smith, 1853	Species					Y																																							0	0	F	BLACK			
NBNORG0000115740	NHMSYS0021057981	Chromista		Bacillariophyceae	Bacillariales	Bacillariaceae	Nitzschia	Nitzschia braarudii	G.R.Hasle, 1960	Species																																												0	0	F	BLACK			
NBNORG0000068119	NHMSYS0000604644	Chromista		Bacillariophyceae	Bacillariales	Bacillariaceae	Nitzschia	Nitzschia bremensis	Hust. in A. Schmidt, 1930	Species	Nitzschia bremensis var. brunswigensis																																											0	0	F	BLACK			
NBNORG0000068121	NHMSYS0000604646	Chromista		Bacillariophyceae	Bacillariales	Bacillariaceae	Nitzschia	Nitzschia brevissima	Grunow in Van Heurck, 1981	Species																																												0	0	F	BLACK			
NBNORG0000068122	NHMSYS0000604647	Chromista		Bacillariophyceae	Bacillariales	Bacillariaceae	Nitzschia	Nitzschia bryophila	(Hust.) Hust.	Species																																												0	0	F	BLACK			
NBNORG0000122457	NHMSYS0021165345	Chromista		Bacillariophyceae	Bacillariales	Bacillariaceae	Nitzschia	Nitzschia bulnheimiana	(Rabenhorst) H.L.Smith, 1888	Species			Y																																									0	0	F	BLACK			
NBNORG0000068123	NHMSYS0000604649	Chromista		Bacillariophyceae	Bacillariales	Bacillariaceae	Nitzschia	Nitzschia capitellata	Hust. in A. Schmidt et al., 1922	Species																																												5	1	C	GREEN		OTU_000336;OTU_002340	
NBNORG0000068124	NHMSYS0000604650	Chromista		Bacillariophyceae	Bacillariales	Bacillariaceae	Nitzschia	Nitzschia clausii	Hantzsch, 1860	Species																																												0	0	F	BLACK			
NBNORG0000125849	NHMSYS0021057995	Chromista		Bacillariophyceae	Bacillariales	Bacillariaceae	Nitzschia	Nitzschia coarctata	Grunow, 1880	Species	Nitzschia coarctata var. coarctata;Tryblionella coarctata				Y																																							0	0	F	BLACK			
NBNORG0000068125	NHMSYS0000604652	Chromista		Bacillariophyceae	Bacillariales	Bacillariaceae	Nitzschia	Nitzschia communis	Rabenh., 1860	Species																																												1	0	D	GREEN		OTU_003325	
NBNORG0000068126	NHMSYS0000604653	Chromista		Bacillariophyceae	Bacillariales	Bacillariaceae	Nitzschia	Nitzschia commutata	Grunow in Cleve et Grunow, 1880	Species																																												0	0	F	BLACK			
NBNORG0000068127	NHMSYS0000604654	Chromista		Bacillariophyceae	Bacillariales	Bacillariaceae	Nitzschia	Nitzschia commutatoides	Lange-Bert., 1987	Species																																												0	0	F	BLACK			
NBNORG0000068128	NHMSYS0000604655	Chromista		Bacillariophyceae	Bacillariales	Bacillariaceae	Nitzschia	Nitzschia confinis	Hust., 1949	Species																																												0	0	F	BLACK			
NBNORG0000068129	NHMSYS0000604657	Chromista		Bacillariophyceae	Bacillariales	Bacillariaceae	Nitzschia	Nitzschia creticola	Østrup, 1910	Species																																												0	0	F	BLACK			
NBNORG0000068130	NHMSYS0000604658	Chromista		Bacillariophyceae	Bacillariales	Bacillariaceae	Nitzschia	Nitzschia cursoria	(Donkin) Grunow, 1880	Species																																												0	0	F	BLACK			
NBNORG0000068131	NHMSYS0000604659	Chromista		Bacillariophyceae	Bacillariales	Bacillariaceae	Nitzschia	Nitzschia curta	(Van Heurck) Hasle, 1972	Species																																												0	0	F	BLACK			
NBNORG0000068132	NHMSYS0000604660	Chromista		Bacillariophyceae	Bacillariales	Bacillariaceae	Nitzschia	Nitzschia cylindrus	(Grunow) Hasle, 1972	Species																																												0	0	F	BLACK			
NBNORG0000107104	NHMSYS0020955173	Chromista		Bacillariophyceae	Bacillariales	Bacillariaceae	Nitzschia	Nitzschia debilis	(Arnott) Grunow in Cleve & Grunow, 1880	Species																																												0	0	F	BLACK			
NBNORG0000062228	NHMSYS0000547976	Chromista		Bacillariophyceae	Bacillariales	Bacillariaceae	Nitzschia	Nitzschia delicatissima	Cleve, 1897	Species																																												0	0	F	BLACK			
NBNORG0000068133	NHMSYS0000604663	Chromista		Bacillariophyceae	Bacillariales	Bacillariaceae	Nitzschia	Nitzschia denticula	Grunow in Cleve et Grunow, 1880	Species																																												1	0	D	GREEN		OTU_002529	
NBNORG0000068134	NHMSYS0000604666	Chromista		Bacillariophyceae	Bacillariales	Bacillariaceae	Nitzschia	Nitzschia desertorum	Hust., 1949	Species																																												0	0	F	BLACK			
NBNORG0000091400	NHMSYS0020063215	Chromista		Bacillariophyceae	Bacillariales	Bacillariaceae	Nitzschia	Nitzschia disputata	Lange-Bertalot	Species																																												0	0	F	BLACK			
NBNORG0000068135	NHMSYS0000604668	Chromista		Bacillariophyceae	Bacillariales	Bacillariaceae	Nitzschia	Nitzschia dissipata	(Kütz.) Rabenh.	Species	Nitzschia dissipata var. media																																											7	3	C	AMBER		OTU_000432;OTU_002089;OTU_002436;OTU_003620;OTU_003934	
NBNORG0000068137	NHMSYS0000604670	Chromista		Bacillariophyceae	Bacillariales	Bacillariaceae	Nitzschia	Nitzschia diversa	Hust., 1959	Species																																												0	0	F	BLACK			
NBNORG0000068138	NHMSYS0000604671	Chromista		Bacillariophyceae	Bacillariales	Bacillariaceae	Nitzschia	Nitzschia draveillensis	Coste et Ricard, 1980	Species																																												5	2	C	GREEN		OTU_000425;OTU_002429;OTU_003662;OTU_003813	
NBNORG0000068139	NHMSYS0000604672	Chromista		Bacillariophyceae	Bacillariales	Bacillariaceae	Nitzschia	Nitzschia dubia	W. Sm., 1853	Species																																												0	0	F	BLACK			
NBNORG0000122458	NHMSYS0021165308	Chromista		Bacillariophyceae	Bacillariales	Bacillariaceae	Nitzschia	Nitzschia dubiformis	Hustedt, 1939	Species			Y																																									0	0	F	BLACK			
NBNORG0000068140	NHMSYS0000604673	Chromista		Bacillariophyceae	Bacillariales	Bacillariaceae	Nitzschia	Nitzschia dubiiformis	Hust., 1939	Species																																												2	0	C	GREEN		OTU_002584;OTU_003820	
NBNORG0000068141	NHMSYS0000604674	Chromista		Bacillariophyceae	Bacillariales	Bacillariaceae	Nitzschia	Nitzschia ebroicensis	Maillard, 1971	Species																																												0	0	F	BLACK			
NBNORG0000068142	NHMSYS0000604675	Chromista		Bacillariophyceae	Bacillariales	Bacillariaceae	Nitzschia	Nitzschia eglei	Lange-Bert., 1987	Species																																												0	0	F	BLACK			
NBNORG0000068143	NHMSYS0000604676	Chromista		Bacillariophyceae	Bacillariales	Bacillariaceae	Nitzschia	Nitzschia elegantula	Grunow in Van Heurck, 1881	Species																																												0	0	F	BLACK			
NBNORG0000107105	NHMSYS0020955174	Chromista		Bacillariophyceae	Bacillariales	Bacillariaceae	Nitzschia	Nitzschia epithemoides	Grunow in Cleve & Grunow, 1880	Species	Nitzschia epithemoides var. disputata																																											0	0	F	BLACK			
NBNORG0000068145	NHMSYS0000604680	Chromista		Bacillariophyceae	Bacillariales	Bacillariaceae	Nitzschia	Nitzschia fasciculata	Grunow in Van Heurck, 1881	Species																																												0	0	F	BLACK			
NBNORG0000068146	NHMSYS0000604681	Chromista		Bacillariophyceae	Bacillariales	Bacillariaceae	Nitzschia	Nitzschia fibulafissa	Lange-Bert., 1980	Species																																												0	0	F	BLACK			
NBNORG0000068147	NHMSYS0000604682	Chromista		Bacillariophyceae	Bacillariales	Bacillariaceae	Nitzschia	Nitzschia filiformis	(W. Sm.) Van Heurck, 1896	Species	Nitzschia filiformis var. conferta																																											1	0	D	GREEN		OTU_002207	
NBNORG0000068149	NHMSYS0000604684	Chromista		Bacillariophyceae	Bacillariales	Bacillariaceae	Nitzschia	Nitzschia flexa	Schum., 1862	Species																																												0	0	F	BLACK			
NBNORG0000068150	NHMSYS0000604685	Chromista		Bacillariophyceae	Bacillariales	Bacillariaceae	Nitzschia	Nitzschia flexoides	Geitler, 1968	Species																																												0	0	F	BLACK			
NBNORG0000068151	NHMSYS0000604687	Chromista		Bacillariophyceae	Bacillariales	Bacillariaceae	Nitzschia	Nitzschia fonticola	Grunow in Van Heurck, 1881	Species																																												7	4	C	GREEN		OTU_000089;OTU_002093;OTU_002815	
NBNORG0000103607	NHMSYS0020748836	Chromista		Bacillariophyceae	Bacillariales	Bacillariaceae	Nitzschia	Nitzschia fossilis	(Grun)Grun in Van Heurck	Species																																												0	0	F	BLACK			
NBNORG0000068152	NHMSYS0000604689	Chromista		Bacillariophyceae	Bacillariales	Bacillariaceae	Nitzschia	Nitzschia frequens	Hust., 1957	Species																																												0	0	F	BLACK			
NBNORG0000068153	NHMSYS0000604690	Chromista		Bacillariophyceae	Bacillariales	Bacillariaceae	Nitzschia	Nitzschia frigida	Grunow in Cleve et Grunow, 1880	Species																																												2	0	C	GREEN		OTU_001090;OTU_003094	
NBNORG0000068154	NHMSYS0000604691	Chromista		Bacillariophyceae	Bacillariales	Bacillariaceae	Nitzschia	Nitzschia frustulum	(Kütz.) Grunow in Cleve et Grunow, 1880	Species	Nitzschia austriaca;Nitzschia frustulum var. bulnheimiana																																											7	0	E	RED		OTU_000110;OTU_000588;OTU_001950;OTU_002114;OTU_002592;OTU_003954	Nitzschia cf. pusilla
NBNORG0000068156	NHMSYS0000604693	Chromista		Bacillariophyceae	Bacillariales	Bacillariaceae	Nitzschia	Nitzschia fruticosa	Hust., 1957	Species	Nitzschia actinastroides																																											0	0	F	BLACK			
NBNORG0000068157	NHMSYS0000604694	Chromista		Bacillariophyceae	Bacillariales	Bacillariaceae	Nitzschia	Nitzschia gandersheimiensis	Krasske, 1927	Species																																												0	0	F	BLACK			
NBNORG0000068158	NHMSYS0000604696	Chromista		Bacillariophyceae	Bacillariales	Bacillariaceae	Nitzschia	Nitzschia geitleri	Hust., 1959	Species																																												0	0	F	BLACK			
NBNORG0000068159	NHMSYS0000604697	Chromista		Bacillariophyceae	Bacillariales	Bacillariaceae	Nitzschia	Nitzschia gessneri	Hust., 1953	Species																																												0	0	F	BLACK			
NBNORG0000068160	NHMSYS0000604699	Chromista		Bacillariophyceae	Bacillariales	Bacillariaceae	Nitzschia	Nitzschia gotlandica	A. Cleve, 1952	Species																																												0	0	F	BLACK			
NBNORG0000068161	NHMSYS0000604700	Chromista		Bacillariophyceae	Bacillariales	Bacillariaceae	Nitzschia	Nitzschia graciliformis	Lange-Bert. et Simonsen, 1978	Species																																												0	0	F	BLACK			
NBNORG0000068162	NHMSYS0000604701	Chromista		Bacillariophyceae	Bacillariales	Bacillariaceae	Nitzschia	Nitzschia gracilis	Hantzsch, 1860	Species																																												1	0	D	GREEN		OTU_002096	
NBNORG0000068163	NHMSYS0000604703	Chromista		Bacillariophyceae	Bacillariales	Bacillariaceae	Nitzschia	Nitzschia habirshawii	Febiger ex H.L.Sm.	Species																																												0	0	F	BLACK			
NBNORG0000068164	NHMSYS0000604704	Chromista		Bacillariophyceae	Bacillariales	Bacillariaceae	Nitzschia	Nitzschia hantzschiana	Rabenh., 1860	Species																																												0	0	F	BLACK			
NBNORG0000068165	NHMSYS0000604705	Chromista		Bacillariophyceae	Bacillariales	Bacillariaceae	Nitzschia	Nitzschia heufleriana	Grunow, 1862	Species	Nitzschia gisela																																											1	1	D	GREEN		OTU_002424	
NBNORG0000068166	NHMSYS0000604706	Chromista		Bacillariophyceae	Bacillariales	Bacillariaceae	Nitzschia	Nitzschia hollerupensis	Foged, 1962	Species																																												0	0	F	BLACK			
NBNORG0000068167	NHMSYS0000604707	Chromista		Bacillariophyceae	Bacillariales	Bacillariaceae	Nitzschia	Nitzschia homburgiensis	Lange-Bert., 1978	Species																																												1	0	D	GREEN		OTU_003527	
NBNORG0000068168	NHMSYS0000604709	Chromista		Bacillariophyceae	Bacillariales	Bacillariaceae	Nitzschia	Nitzschia hybrida	Grunow in Cleve et Grunow, 1880	Species																																												0	0	F	BLACK			
NBNORG0000068169	NHMSYS0000604710	Chromista		Bacillariophyceae	Bacillariales	Bacillariaceae	Nitzschia	Nitzschia ignorata	Krasske, 1929	Species																																												0	0	F	BLACK			
NBNORG0000068170	NHMSYS0000604711	Chromista		Bacillariophyceae	Bacillariales	Bacillariaceae	Nitzschia	Nitzschia improvisa	Simonsen, 1960	Species																																												0	0	F	BLACK			
NBNORG0000068171	NHMSYS0000604712	Chromista		Bacillariophyceae	Bacillariales	Bacillariaceae	Nitzschia	Nitzschia incognita	Legler et Krasske, 1940	Species	Nitzschia radicula																																											0	0	F	BLACK			
NBNORG0000068172	NHMSYS0000604713	Chromista		Bacillariophyceae	Bacillariales	Bacillariaceae	Nitzschia	Nitzschia inconspicua	Grunow, 1862	Species																																												62	0	C	GREEN		OTU_000052;OTU_000067;OTU_000123;OTU_000477;OTU_000499;OTU_001888;OTU_001982;OTU_002009;OTU_002056;OTU_002071;OTU_002072;OTU_002103;OTU_002127;OTU_002481;OTU_002503;OTU_002606;OTU_002871;OTU_002887;OTU_003695;OTU_003826;OTU_003892;OTU_003956;OTU_003986	
NBNORG0000122642	NHMSYS0021167855	Chromista		Bacillariophyceae	Bacillariales	Bacillariaceae	Nitzschia	Nitzschia incrustans	Grunow, 1862	Species																																												1	0	D	GREEN		OTU_003688	
NBNORG0000068173	NHMSYS0000604714	Chromista		Bacillariophyceae	Bacillariales	Bacillariaceae	Nitzschia	Nitzschia incurva	Grunow, 1878	Species	Nitzschia incurva var. lorenziana;Nitzschia incurva var. subtilis																																											0	0	F	BLACK			
NBNORG0000068176	NHMSYS0000604717	Chromista		Bacillariophyceae	Bacillariales	Bacillariaceae	Nitzschia	Nitzschia intermedia	Hantzsch ex Cleve et Grunow, 1880	Species																																												0	0	F	BLACK			
NBNORG0000068177	NHMSYS0000604719	Chromista		Bacillariophyceae	Bacillariales	Bacillariaceae	Nitzschia	Nitzschia irregularis	R. Ross et Hartley et al. (1986) in, 1949	Species																																												0	0	F	BLACK			
NBNORG0000068178	NHMSYS0000604720	Chromista		Bacillariophyceae	Bacillariales	Bacillariaceae	Nitzschia	Nitzschia juba	J.R. Carter in J.R. Carter et Bailey-Watts, 1981	Species																																												0	0	F	BLACK			
NBNORG0000068179	NHMSYS0000604721	Chromista		Bacillariophyceae	Bacillariales	Bacillariaceae	Nitzschia	Nitzschia kittlii	Grunow, 1882	Species																																												0	0	F	BLACK			
NBNORG0000068180	NHMSYS0000604722	Chromista		Bacillariophyceae	Bacillariales	Bacillariaceae	Nitzschia	Nitzschia lacunarum	Hust., 1930	Species																																												0	0	F	BLACK			
NBNORG0000068181	NHMSYS0000604723	Chromista		Bacillariophyceae	Bacillariales	Bacillariaceae	Nitzschia	Nitzschia lacuum	Lange-Bert., 1980	Species																																												0	0	F	BLACK			
NBNORG0000068182	NHMSYS0000604724	Chromista		Bacillariophyceae	Bacillariales	Bacillariaceae	Nitzschia	Nitzschia laevis	Hust., 1939	Species																																												1	0	E	RED		OTU_001073	Nitzschia brevirostris;Nitzschia pusilla;Nitzschia sp.
NBNORG0000068183	NHMSYS0000604725	Chromista		Bacillariophyceae	Bacillariales	Bacillariaceae	Nitzschia	Nitzschia lamprocampa	Hantzsch ex Cleve et Grunow	Species																																												0	0	F	BLACK			
NBNORG0000068184	NHMSYS0000604726	Chromista		Bacillariophyceae	Bacillariales	Bacillariaceae	Nitzschia	Nitzschia lanceolata	W.Sm.	Species																																												0	0	F	BLACK			
NBNORG0000068185	NHMSYS0000604727	Chromista		Bacillariophyceae	Bacillariales	Bacillariaceae	Nitzschia	Nitzschia lauenburgiana	Hust.	Species	Nitzschia lauenbergiana																																											0	0	F	BLACK			
NBNORG0000068186	NHMSYS0000604728	Chromista		Bacillariophyceae	Bacillariales	Bacillariaceae	Nitzschia	Nitzschia leistikowii	Lange-Bert., 1980	Species																																												0	0	F	BLACK			
NBNORG0000068187	NHMSYS0000604730	Chromista		Bacillariophyceae	Bacillariales	Bacillariaceae	Nitzschia	Nitzschia liebetruthii	Rabenh., 1864	Species	Nitzschia liebetruthii var. major																																											0	0	F	BLACK			
NBNORG0000068189	NHMSYS0000604732	Chromista		Bacillariophyceae	Bacillariales	Bacillariaceae	Nitzschia	Nitzschia linearis	(C.Agardh) W.Sm.	Species	Nitzschia linearis var. subtilis;Nitzschia linearis var. tenuis																																											11	8	C	GREEN		OTU_000400;OTU_000417;OTU_000445;OTU_002404;OTU_002421;OTU_002449;OTU_003647	
NBNORG0000068191	NHMSYS0000604734	Chromista		Bacillariophyceae	Bacillariales	Bacillariaceae	Nitzschia	Nitzschia linkei	Hust., 1939	Species																																												0	0	F	BLACK			
NBNORG0000068192	NHMSYS0000604735	Chromista		Bacillariophyceae	Bacillariales	Bacillariaceae	Nitzschia	Nitzschia littorea	Grunow in Van Heurck, 1881	Species	Nitzschia fogedii																																											0	0	F	BLACK			
NBNORG0000115739	NHMSYS0021057982	Chromista		Bacillariophyceae	Bacillariales	Bacillariaceae	Nitzschia	Nitzschia longissima	(Brébisson) Ralfs, 1861	Species					Y																																							5	0	C	GREEN		OTU_002875;OTU_002925;OTU_003338;OTU_003397;OTU_003436	
NBNORG0000122459	NHMSYS0021165405	Chromista		Bacillariophyceae	Bacillariales	Bacillariaceae	Nitzschia	Nitzschia lorenziana	Grunow in Cleve & Grunow, 1890	Species			Y																																									1	0	D	GREEN		OTU_002106	
NBNORG0000107107	NHMSYS0020955176	Chromista		Bacillariophyceae	Bacillariales	Bacillariaceae	Nitzschia	Nitzschia macilenta	W. Gregory, 1859	Species																																												0	0	F	BLACK			
NBNORG0000068195	NHMSYS0000604739	Chromista		Bacillariophyceae	Bacillariales	Bacillariaceae	Nitzschia	Nitzschia martiana	(Agardh) Van Heurck, 1896	Species																																												0	0	F	BLACK			
NBNORG0000068196	NHMSYS0000604740	Chromista		Bacillariophyceae	Bacillariales	Bacillariaceae	Nitzschia	Nitzschia microcephala	Grunow in Cleve et Möller, 1878	Species																																												1	0	D	GREEN		OTU_000622	
NBNORG0000068197	NHMSYS0000604741	Chromista		Bacillariophyceae	Bacillariales	Bacillariaceae	Nitzschia	Nitzschia minuta	Bleisch in Rabenh., 1860	Species																																												0	0	F	BLACK			
NBNORG0000068198	NHMSYS0000604742	Chromista		Bacillariophyceae	Bacillariales	Bacillariaceae	Nitzschia	Nitzschia modesta	Hust., 1949	Species																																												0	0	F	BLACK			
NBNORG0000068199	NHMSYS0000604743	Chromista		Bacillariophyceae	Bacillariales	Bacillariaceae	Nitzschia	Nitzschia monachorum	Lange-Bert., 1987	Species																																												0	0	F	BLACK			
NBNORG0000068200	NHMSYS0000604744	Chromista		Bacillariophyceae	Bacillariales	Bacillariaceae	Nitzschia	Nitzschia nana	Grunow in Van Heurck, 1881	Species																																												0	0	F	BLACK			
NBNORG0000068201	NHMSYS0000604746	Chromista		Bacillariophyceae	Bacillariales	Bacillariaceae	Nitzschia	Nitzschia normannii	Grunow in Van Heurck, 1881	Species																																												0	0	F	BLACK			
NBNORG0000068202	NHMSYS0000604747	Chromista		Bacillariophyceae	Bacillariales	Bacillariaceae	Nitzschia	Nitzschia obtusa	W. Sm., 1853	Species	Nitzschia obtusa var. brevissima;Nitzschia obtusa var. scalpelliformis;Nitzschia obtusa var. schweinfurthii																																											0	0	F	BLACK			
NBNORG0000068206	NHMSYS0000604751	Chromista		Bacillariophyceae	Bacillariales	Bacillariaceae	Nitzschia	Nitzschia ovalis	H.J.Arnott ex Cleve et Grunow	Species																																												1	0	E	RED		OTU_000337	Nitzschia pusilla
NBNORG0000068207	NHMSYS0000604752	Chromista		Bacillariophyceae	Bacillariales	Bacillariaceae	Nitzschia	Nitzschia palea	(Kütz.) W. Sm., 1856	Species	Nitzschia palea var. debilis;Nitzschia palea var. tenuirostris																																											154	42	C	GREEN		OTU_000038;OTU_000045;OTU_000063;OTU_000064;OTU_000066;OTU_000072;OTU_000122;OTU_000481;OTU_000873;OTU_001294;OTU_002042;OTU_002049;OTU_002067;OTU_002068;OTU_002070;OTU_002076;OTU_002126;OTU_002480;OTU_002485;OTU_002877;OTU_003298;OTU_003868;OTU_003952	
NBNORG0000068210	NHMSYS0000604755	Chromista		Bacillariophyceae	Bacillariales	Bacillariaceae	Nitzschia	Nitzschia paleacea	(Grunow) Grunow	Species																																												5	2	C	GREEN		OTU_000354;OTU_000372	
NBNORG0000068211	NHMSYS0000604756	Chromista		Bacillariophyceae	Bacillariales	Bacillariaceae	Nitzschia	Nitzschia paleaeformis	Hust., 1950	Species																																												0	0	F	BLACK			
NBNORG0000068212	NHMSYS0000604757	Chromista		Bacillariophyceae	Bacillariales	Bacillariaceae	Nitzschia	Nitzschia palustris	Hust., 1934	Species																																												0	0	F	BLACK			
NBNORG0000060499	NHMSYS0000524666	Chromista		Bacillariophyceae	Bacillariales	Bacillariaceae	Nitzschia	Nitzschia panduriformis	Greg. 1857	Species	Nitzschia panduriformis var. minor																																											0	0	F	BLACK			
NBNORG0000068214	NHMSYS0000604760	Chromista		Bacillariophyceae	Bacillariales	Bacillariaceae	Nitzschia	Nitzschia parvula	W. Sm., 1853	Species																																												0	0	F	BLACK			
NBNORG0000068215	NHMSYS0000604761	Chromista		Bacillariophyceae	Bacillariales	Bacillariaceae	Nitzschia	Nitzschia peisonis	Pant., 1912	Species																																												0	0	F	BLACK			
NBNORG0000068216	NHMSYS0000604762	Chromista		Bacillariophyceae	Bacillariales	Bacillariaceae	Nitzschia	Nitzschia perminuta	(Grunow) Perag., 1903	Species																																												3	2	C	GREEN		OTU_000452;OTU_002456	
NBNORG0000068217	NHMSYS0000604763	Chromista		Bacillariophyceae	Bacillariales	Bacillariaceae	Nitzschia	Nitzschia perspicua	Cholnoky, 1960	Species																																												0	0	F	BLACK			
NBNORG0000068218	NHMSYS0000604765	Chromista		Bacillariophyceae	Bacillariales	Bacillariaceae	Nitzschia	Nitzschia petitiana	Grunow in Cleve et Grunow, 1880	Species																																												0	0	F	BLACK			
NBNORG0000068219	NHMSYS0000604767	Chromista		Bacillariophyceae	Bacillariales	Bacillariaceae	Nitzschia	Nitzschia prolongata	Hust., 1938	Species																																												0	0	F	BLACK			
NBNORG0000122641	NHMSYS0021167861	Chromista		Bacillariophyceae	Bacillariales	Bacillariaceae	Nitzschia	Nitzschia promare	Medlin in Medlin & Hasle, 1990	Species																																												1	0	D	GREEN		OTU_003690	
NBNORG0000068220	NHMSYS0000604768	Chromista		Bacillariophyceae	Bacillariales	Bacillariaceae	Nitzschia	Nitzschia pseudocommunis	Hust., 1939	Species																																												0	0	F	BLACK			
NBNORG0000068221	NHMSYS0000604769	Chromista		Bacillariophyceae	Bacillariales	Bacillariaceae	Nitzschia	Nitzschia pseudofonticola	Hust., 1942	Species																																												0	0	F	BLACK			
NBNORG0000068222	NHMSYS0000604770	Chromista		Bacillariophyceae	Bacillariales	Bacillariaceae	Nitzschia	Nitzschia pumila	Hust., 1954	Species																																												0	0	F	BLACK			
NBNORG0000062230	NHMSYS0000547980	Chromista		Bacillariophyceae	Bacillariales	Bacillariaceae	Nitzschia	Nitzschia pungens	Grunow ex Cleve, 1897	Species																																												0	0	F	BLACK			
NBNORG0000068223	NHMSYS0000604771	Chromista		Bacillariophyceae	Bacillariales	Bacillariaceae	Nitzschia	Nitzschia pura	Hust., 1954	Species																																												0	0	F	BLACK			
NBNORG0000068224	NHMSYS0000604772	Chromista		Bacillariophyceae	Bacillariales	Bacillariaceae	Nitzschia	Nitzschia pusilla	(Kütz.) Grunow	Species																																												13	2	E	RED		OTU_000337;OTU_001073;OTU_001193;OTU_002341;OTU_002431;OTU_002465;OTU_002484;OTU_003197;OTU_003943;OTU_003971	Nitzschia brevirostris;Nitzschia laevis;Nitzschia ovalis;Nitzschia sp.
NBNORG0000068225	NHMSYS0000604774	Chromista		Bacillariophyceae	Bacillariales	Bacillariaceae	Nitzschia	Nitzschia recta	Hantzsch ex Rabenh., 1861	Species																																												2	2	C	GREEN		OTU_000458;OTU_002462	
NBNORG0000068226	NHMSYS0000604775	Chromista		Bacillariophyceae	Bacillariales	Bacillariaceae	Nitzschia	Nitzschia rectiformis	Hust., 1943	Species																																												0	0	F	BLACK			
NBNORG0000068227	NHMSYS0000604776	Chromista		Bacillariophyceae	Bacillariales	Bacillariaceae	Nitzschia	Nitzschia retusa	Lange-Bert. et Bonik, 1976	Species																																												0	0	F	BLACK			
NBNORG0000068228	NHMSYS0000604777	Chromista		Bacillariophyceae	Bacillariales	Bacillariaceae	Nitzschia	Nitzschia romana	Grunow in Van Heurck, 1881	Species																																												0	0	F	BLACK			
NBNORG0000068229	NHMSYS0000604778	Chromista		Bacillariophyceae	Bacillariales	Bacillariaceae	Nitzschia	Nitzschia rosenstockii	Lange-Bert., 1980	Species																																												0	0	F	BLACK			
NBNORG0000068230	NHMSYS0000604779	Chromista		Bacillariophyceae	Bacillariales	Bacillariaceae	Nitzschia	Nitzschia rostellata	Hust. in A. Schmidt, 1923	Species																																												0	0	F	BLACK			
NBNORG0000062231	NHMSYS0000547981	Chromista		Bacillariophyceae	Bacillariales	Bacillariaceae	Nitzschia	Nitzschia seriata	Cleve, 1883	Species																																												0	0	F	BLACK			
NBNORG0000068231	NHMSYS0021057983	Chromista		Bacillariophyceae	Bacillariales	Bacillariaceae	Nitzschia	Nitzschia sigma	(Kützing) W.Smith, 1853	Species	Nitzschia sigma var. intercedens;Nitzschia sigma var. rigida;Nitzschia sigma var. rigidula				Y																																							2	0	C	GREEN		OTU_000547;OTU_002551	
NBNORG0000115737	NHMSYS0021057984	Chromista		Bacillariophyceae	Bacillariales	Bacillariaceae	Nitzschia	Nitzschia sigmoidea	(Nitzsch) W.Smith, 1853	Species					Y																																							3	1	C	GREEN		OTU_000460;OTU_002464;OTU_003285	
NBNORG0000068236	NHMSYS0000604786	Chromista		Bacillariophyceae	Bacillariales	Bacillariaceae	Nitzschia	Nitzschia silica	Archibald, 1966	Species																																												0	0	F	BLACK			
NBNORG0000068237	NHMSYS0000604787	Chromista		Bacillariophyceae	Bacillariales	Bacillariaceae	Nitzschia	Nitzschia sinuata	(Thwaites) Grunow in Cleve et Grunow, 1880	Species	Nitzschia sinuata var. delognei;Nitzschia sinuata var. tabellaria																																											0	0	F	BLACK			
NBNORG0000068240	NHMSYS0000604790	Chromista		Bacillariophyceae	Bacillariales	Bacillariaceae	Nitzschia	Nitzschia sociabilis	Hust., 1957	Species																																												0	0	F	BLACK			
NBNORG0000068241	NHMSYS0000604791	Chromista		Bacillariophyceae	Bacillariales	Bacillariaceae	Nitzschia	Nitzschia socialis	Greg., 1857	Species	Nitzschia socialis var. baltica																																											0	0	F	BLACK			
NBNORG0000068243	NHMSYS0000604793	Chromista		Bacillariophyceae	Bacillariales	Bacillariaceae	Nitzschia	Nitzschia solgensis	A. Cleve, 1952	Species																																												0	0	F	BLACK			
NBNORG0000068244	NHMSYS0000604794	Chromista		Bacillariophyceae	Bacillariales	Bacillariaceae	Nitzschia	Nitzschia solita	Hust., 1953	Species																																												0	0	F	BLACK			
NBNORG0000122819	NHMSYS0021168208	Chromista		Bacillariophyceae	Bacillariales	Bacillariaceae	Nitzschia	Nitzschia soratensis	E. Morales & Vis, 2007	Species					Y																																							7	5	C	GREEN		OTU_000582;OTU_002586	
NBNORG0000068245	NHMSYS0000604795	Chromista		Bacillariophyceae	Bacillariales	Bacillariaceae	Nitzschia	Nitzschia speciosa	Hust., 1945	Species																																												0	0	F	BLACK			
NBNORG0000068246	NHMSYS0000604797	Chromista		Bacillariophyceae	Bacillariales	Bacillariaceae	Nitzschia	Nitzschia subacicularis	Hust. in A. Schmidt et al., 1922	Species																																												0	0	F	BLACK			
NBNORG0000068247	NHMSYS0000604798	Chromista		Bacillariophyceae	Bacillariales	Bacillariaceae	Nitzschia	Nitzschia subcapitellata	Hust., 1939	Species																																												0	0	F	BLACK			
NBNORG0000068248	NHMSYS0000604799	Chromista		Bacillariophyceae	Bacillariales	Bacillariaceae	Nitzschia	Nitzschia subcohaerens	(Grunow) Van Heurck, 1896	Species																																												0	0	F	BLACK			
NBNORG0000068249	NHMSYS0000604800	Chromista		Bacillariophyceae	Bacillariales	Bacillariaceae	Nitzschia	Nitzschia subconstricta	Grunow	Species																																												0	0	F	BLACK			
NBNORG0000068250	NHMSYS0000604801	Chromista		Bacillariophyceae	Bacillariales	Bacillariaceae	Nitzschia	Nitzschia subfrustulum	Hust., 1939	Species																																												0	0	F	BLACK			
NBNORG0000068251	NHMSYS0000604802	Chromista		Bacillariophyceae	Bacillariales	Bacillariaceae	Nitzschia	Nitzschia subinvicta	Hust., 1950	Species																																												0	0	F	BLACK			
NBNORG0000068252	NHMSYS0000604803	Chromista		Bacillariophyceae	Bacillariales	Bacillariaceae	Nitzschia	Nitzschia sublinearis	Hust., 1930	Species																																												0	0	F	BLACK			
NBNORG0000068253	NHMSYS0000604804	Chromista		Bacillariophyceae	Bacillariales	Bacillariaceae	Nitzschia	Nitzschia subrostratoides	Cholnoky, 1966	Species																																												0	0	F	BLACK			
NBNORG0000068254	NHMSYS0000604805	Chromista		Bacillariophyceae	Bacillariales	Bacillariaceae	Nitzschia	Nitzschia suchlandtii	Hust., 1943	Species																																												0	0	F	BLACK			
NBNORG0000068255	NHMSYS0000604806	Chromista		Bacillariophyceae	Bacillariales	Bacillariaceae	Nitzschia	Nitzschia supralitorea	Lange-Bert., 1979	Species																																												6	1	C	GREEN		OTU_000070;OTU_001048;OTU_002074;OTU_003200;OTU_003226	
NBNORG0000068256	NHMSYS0000604807	Chromista		Bacillariophyceae	Bacillariales	Bacillariaceae	Nitzschia	Nitzschia tenuis	W. Sm., 1853	Species																																												0	0	F	BLACK			
NBNORG0000068257	NHMSYS0000604809	Chromista		Bacillariophyceae	Bacillariales	Bacillariaceae	Nitzschia	Nitzschia terrestris	(J.B. Petersen) Hust., 1934	Species																																												0	0	F	BLACK			
NBNORG0000068258	NHMSYS0000604810	Chromista		Bacillariophyceae	Bacillariales	Bacillariaceae	Nitzschia	Nitzschia terricola	Lund, 1946	Species																																												0	0	F	BLACK			
NBNORG0000068259	NHMSYS0000604811	Chromista		Bacillariophyceae	Bacillariales	Bacillariaceae	Nitzschia	Nitzschia thermaloides	Hust., 1955	Species																																												0	0	F	BLACK			
NBNORG0000068260	NHMSYS0000604812	Chromista		Bacillariophyceae	Bacillariales	Bacillariaceae	Nitzschia	Nitzschia tropica	Hust., 1949	Species																																												0	0	F	BLACK			
NBNORG0000068261	NHMSYS0000604816	Chromista		Bacillariophyceae	Bacillariales	Bacillariaceae	Nitzschia	Nitzschia tubicola	Grunow, 1880	Species																																												1	0	D	GREEN		OTU_002053	
NBNORG0000068262	NHMSYS0000604817	Chromista		Bacillariophyceae	Bacillariales	Bacillariaceae	Nitzschia	Nitzschia umbonata	(Ehrenb.) Lange-Bert., 1978	Species	Nitzschia stagnorum																																											1	1	D	GREEN		OTU_003037	
NBNORG0000068263	NHMSYS0000604818	Chromista		Bacillariophyceae	Bacillariales	Bacillariaceae	Nitzschia	Nitzschia vacua	Hust., 1950	Species																																												0	0	F	BLACK			
NBNORG0000068264	NHMSYS0000604819	Chromista		Bacillariophyceae	Bacillariales	Bacillariaceae	Nitzschia	Nitzschia valdecostata	Lange-Bert. et Simonsen, 1978	Species																																												0	0	F	BLACK			
NBNORG0000068265	NHMSYS0000604820	Chromista		Bacillariophyceae	Bacillariales	Bacillariaceae	Nitzschia	Nitzschia valdestriata	Aleem et Hust., 1951	Species																																												1	0	D	GREEN		OTU_003135	
NBNORG0000068266	NHMSYS0000604821	Chromista		Bacillariophyceae	Bacillariales	Bacillariaceae	Nitzschia	Nitzschia vasta	Hust., 1939	Species																																												0	0	F	BLACK			
NBNORG0000068267	NHMSYS0000604822	Chromista		Bacillariophyceae	Bacillariales	Bacillariaceae	Nitzschia	Nitzschia vermicularis	(Kütz.) Hantzsch in Rabenh., 1859	Species																																												1	0	D	GREEN		OTU_003910	
NBNORG0000068268	NHMSYS0000604824	Chromista		Bacillariophyceae	Bacillariales	Bacillariaceae	Nitzschia	Nitzschia vitrea	G. Norman, 1861	Species																																												1	0	D	GREEN		OTU_003588	
NBNORG0000068269	NHMSYS0000604825	Chromista		Bacillariophyceae	Bacillariales	Bacillariaceae	Nitzschia	Nitzschia wodensis	J.R. Carter, 1964	Species																																												0	0	F	BLACK			
NBNORG0000107108	NHMSYS0020955177	Chromista		Bacillariophyceae	Bacillariales	Bacillariaceae	Nitzschia	Nitzschia wuellerstorffii	Lange-Bertalot, 1987	Species	Nitzschia wuellerstorfii																																											0	0	F	BLACK			
NBNORG0000122665	NHMSYS0021168051	Chromista		Bacillariophyceae	Naviculales		Nupela	Nupela neglecta	Ponader, Lowe & Potapova in Potapova et al., 2003	Species																																												0	0	F	BLACK			
NBNORG0000122666	NHMSYS0021168057	Chromista		Bacillariophyceae	Naviculales		Nupela	Nupela silvahercynia	(Lange-Bertalot) Lange-Bertalot, 1996	Species																																												0	0	F	BLACK			
NBNORG0000115514	NHMSYS0021058088	Chromista		Bacillariophyceae	Triceratiales	Triceratiaceae	Odontella	Odontella aurita	(Lyngbye) C.Agardh, 1832	Species					Y																																							12	0	E	RED		OTU_000245;OTU_000246;OTU_000818;OTU_000976;OTU_002249;OTU_002250;OTU_002980;OTU_003430;OTU_003485;OTU_003828;OTU_003852	Hyalodiscus scoticus;Odontella rostrata
NBNORG0000115512	NHMSYS0021058091	Chromista		Bacillariophyceae	Triceratiales	Triceratiaceae	Odontella	Odontella granulata	(Roper) R.Ross, 1986	Species					Y																																							0	0	F	BLACK			
NBNORG0000115511	NHMSYS0021058092	Chromista		Bacillariophyceae	Triceratiales	Triceratiaceae	Odontella	Odontella mobiliensis	(J.W.Bailey) Grunow, 1884	Species					Y																																							2	0	C	GREEN		OTU_002334;OTU_003817	
NBNORG0000125631	NHMSYS0021200736	Chromista		Bacillariophyceae	Triceratiales	Triceratiaceae	Odontella	Odontella obtusa	Kützing, 1844	Species	Biddulphia obtusa;Odontella aurita var. obtusa				Y																																							0	0	F	BLACK			
NBNORG0000062243	NHMSYS0000547995	Chromista		Bacillariophyceae	Triceratiales	Triceratiaceae	Odontella	Odontella regia	(Schultze) Simonsen, 1974	Species					Y																																							0	0	F	BLACK			
NBNORG0000107116	NHMSYS0020955185	Chromista		Bacillariophyceae	Naviculales	Pinnulariaceae	Oestrupia	Oestrupia supergradata	(Brun) Hendey, 1964	Species																																												0	0	F	BLACK			
NBNORG0000107119	NHMSYS0020955188	Chromista		Bacillariophyceae	Fragilariales	Fragilariaceae	Opephora	Opephora mutabilis	(Grunow) Sabbe & Vyverman, 1995	Species																																												0	0	F	BLACK			
NBNORG0000107120	NHMSYS0020955189	Chromista		Bacillariophyceae	Fragilariales	Fragilariaceae	Opephora	Opephora olsenii	M. Møller, 1950	Species																																												0	0	F	BLACK			
NBNORG0000068402	NHMSYS0000605007	Chromista		Bacillariophyceae	Fragilariales	Fragilariaceae	Opephora	Opephora schwartzii	(Grunow) P. Petit ex Pelletan, 1889	Species																																												0	0	F	BLACK			
NBNORG0000125872	NHMSYS0021233917	Chromista		Bacillariophyceae	Orthoseirales	Orthoseiraceae	Orthoseira	Orthoseira angulata	Gregory, 1857	Species	Orthosira angulata				Y																																							0	0	F	BLACK			
NBNORG0000044534	NBNSYS0100014086	Chromista		Bacillariophyceae	Orthoseirales	Orthoseiraceae	Orthoseira	Orthoseira circularis	(Ehrenb.) R.M.Crawford	Species																																												0	0	F	BLACK			
NBNORG0000044535	NBNSYS0100014087	Chromista		Bacillariophyceae	Orthoseirales	Orthoseiraceae	Orthoseira	Orthoseira dendrophila	(Ehrenb.) Round, R.M.Crawford et D.G.Mann	Species																																												0	0	F	BLACK			
NBNORG0000044536	NBNSYS0100014088	Chromista		Bacillariophyceae	Orthoseirales	Orthoseiraceae	Orthoseira	Orthoseira dendroteres	(Ehrenb.) Genkal et Kulikovsky	Species																																												1	0	D	GREEN		OTU_002338	
NBNORG0000044537	NBNSYS0100014089	Chromista		Bacillariophyceae	Orthoseirales	Orthoseiraceae	Orthoseira	Orthoseira epidendron	(Ehrenb.) H.Kobay.	Species																																												0	0	F	BLACK			
NBNORG0000068411	NHMSYS0000605018	Chromista		Bacillariophyceae	Orthoseirales	Orthoseiraceae	Orthoseira	Orthoseira roeseana	(Rabenh.) Pfitzer	Species	Melosira roeseana																																											1	0	D	GREEN		OTU_002388	
NBNORG0000068428	NHMSYS0000605052	Chromista		Bacillariophyceae	Tabellariales	Tabellariaceae	Oxyneis	Oxyneis binalis	(Ehrenb.) Round in Round et al., 1990	Species	Oxyneis binalis var. elliptica;Tabellaria binalis																																											0	0	F	BLACK			
NBNORG0000063243	NHMSYS0000561324	Chromista		Bacillariophyceae	Cymatosirales	Cymatosiraceae	Papiliocellulus	Papiliocellulus elegans		Species																																												1	0	E	RED		OTU_000670	Papiliocellulus simplex
NBNORG0000062257	NHMSYS0000548013	Chromista		Bacillariophyceae	Paraliales	Paraliaceae	Paralia	Paralia sulcata	(Ehrenberg) Cleve, 1873	Species					Y																																							2	0	E	RED		OTU_000325;OTU_002329	Paralia marina
NBNORG0000122461	NHMSYS0021165234	Chromista		Bacillariophyceae	Naviculales	Berkeleyaceae	Parlibellus	Parlibellus hamulifer	(Grunow) E.J.Cox, 1988	Species			Y																																									4	0	C	GREEN		OTU_001055;OTU_003059;OTU_003434	
NBNORG0000107128	NHMSYS0020955197	Chromista		Bacillariophyceae	Naviculales	Berkeleyaceae	Parlibellus	Parlibellus protracta	(Grunow) A. Witkowski, H. Lange-Bertalot & D. Metzeltin, 2000	Species																																												1	1	D	GREEN		OTU_002467	
NBNORG0000122463	NHMSYS0021165347	Chromista		Bacillariophyceae	Cymbellales	Anomoeoneidaceae	Pauliella	Pauliella taeniata	(Grunow) F.E.Round & P.W.Basson, 1997	Species	Achnanthes taeniata		Y		Y																																							2	0	D	GREEN		OTU_000529	
NBNORG0000068467	NHMSYS0000605122	Chromista		Bacillariophyceae	Thalassiosirales	Stephanodiscaceae	Pelagodictyon	Pelagodictyon fritzii	B.Clarke	Species																																												0	0	F	BLACK			
NBNORG0000068468	NHMSYS0000605123	Chromista		Bacillariophyceae	Thalassiosirales	Stephanodiscaceae	Pelagodictyon	Pelagodictyon spinosum	B.Clarke	Species																																												0	0	F	BLACK			
NBNORG0000068469	NHMSYS0000605124	Chromista		Bacillariophyceae	Thalassiosirales	Stephanodiscaceae	Pelagodictyon	Pelagodictyon tenue	B.Clarke	Species																																												0	0	F	BLACK			
NBNORG0000122659	NHMSYS0021168093	Chromista		Bacillariophyceae	Fragilariales	Fragilariaceae	Perideraion	Perideraion elongatum	R.W.Jordan, Y.Arai & Lobban, 2011	Species																																												2	0	C	GREEN		OTU_002904;OTU_003050	
NBNORG0000068501	NHMSYS0000605204	Chromista		Bacillariophyceae	Eunotiales	Peroniaceae	Peronia	Peronia fibula	(Bréb. ex Kütz.) R. Ross, 1956	Species	Peronia heribaudii																																											1	1	D	GREEN		OTU_002407	
NBNORG0000068503	NHMSYS0000605209	Chromista		Bacillariophyceae	Lyrellales	Lyrellaceae	Petroneis	Petroneis humerosa	(Bréb. ex W. Sm.) Stickle et D.G. Mann in Round et al., 1990	Species	Petroneis humerosa var. constricta;Petroneis humerosa var. minor																																											0	0	F	BLACK			
NBNORG0000115727	NHMSYS0021058033	Chromista		Bacillariophyceae	Naviculales	Phaeodactylaceae	Phaeodactylum	Phaeodactylum tricornutum	Bohlin, 1897	Species					Y																																							36	0	C	GREEN		OTU_000001;OTU_002005	
NBNORG0000068572	NHMSYS0000605331	Chromista		Bacillariophyceae	Naviculales	Pinnulariaceae	Pinnularia	Pinnularia abaujensis	(Pant.) R. Ross, 1947	Species	Pinnularia abaujensis var. linearis;Pinnularia abaujensis var. rostrata;Pinnularia abaujensis var. subundulata																																											0	0	F	BLACK			
NBNORG0000068576	NHMSYS0000605335	Chromista		Bacillariophyceae	Naviculales	Pinnulariaceae	Pinnularia	Pinnularia abbreviata	(A. Cleve) A. Cleve, 1955	Species																																												0	0	F	BLACK			
NBNORG0000068577	NHMSYS0000605336	Chromista		Bacillariophyceae	Naviculales	Pinnulariaceae	Pinnularia	Pinnularia acoricola	Hust., 1934	Species																																												0	0	F	BLACK			
NBNORG0000068578	NHMSYS0000605337	Chromista		Bacillariophyceae	Naviculales	Pinnulariaceae	Pinnularia	Pinnularia acrosphaeria	(Bréb.) W.Sm.	Species																																												7	0	C	GREEN		OTU_000767;OTU_001581;OTU_002771	
NBNORG0000068579	NHMSYS0000605338	Chromista		Bacillariophyceae	Naviculales	Pinnulariaceae	Pinnularia	Pinnularia acuminata	W. Sm., 1853	Species																																												2	1	C	GREEN		OTU_000345;OTU_002349	
NBNORG0000068580	NHMSYS0000605339	Chromista		Bacillariophyceae	Naviculales	Pinnulariaceae	Pinnularia	Pinnularia aestuarii	Cleve, 1895	Species																																												0	0	F	BLACK			
NBNORG0000068581	NHMSYS0000605340	Chromista		Bacillariophyceae	Naviculales	Pinnulariaceae	Pinnularia	Pinnularia alpina	W. Sm., 1853	Species																																												0	0	F	BLACK			
NBNORG0000122617	NHMSYS0021167873	Chromista		Bacillariophyceae	Naviculales	Pinnulariaceae	Pinnularia	Pinnularia altiplanensis	Lange-Bertalot	Species																																												0	0	F	BLACK			
NBNORG0000125881	NHMSYS0021201910	Chromista		Bacillariophyceae	Naviculales	Pinnulariaceae	Pinnularia	Pinnularia ambigua	Ehrenberg in Ralfs in Pritchard, 1861	Species	Pinnularia ambigua var. ambigua				Y																																							0	0	F	BLACK			
NBNORG0000122620	NHMSYS0021167879	Chromista		Bacillariophyceae	Naviculales	Pinnulariaceae	Pinnularia	Pinnularia anglica	Krammer, 1992	Species																																												2	0	C	GREEN		OTU_002014;OTU_003719	
NBNORG0000068582	NHMSYS0000605341	Chromista		Bacillariophyceae	Naviculales	Pinnulariaceae	Pinnularia	Pinnularia angulata	Cleve-Euler	Species																																												0	0	F	BLACK			
NBNORG0000068583	NHMSYS0000605343	Chromista		Bacillariophyceae	Naviculales	Pinnulariaceae	Pinnularia	Pinnularia appendiculata	(Agardh) Cleve, 1895	Species	Pinnularia irrorata;Pinnularia silvatica																																											0	0	F	BLACK			
NBNORG0000068584	NHMSYS0000605344	Chromista		Bacillariophyceae	Naviculales	Pinnulariaceae	Pinnularia	Pinnularia balatonis	(Pant.) Mills, 1934	Species																																												0	0	F	BLACK			
NBNORG0000068585	NHMSYS0000605345	Chromista		Bacillariophyceae	Naviculales	Pinnulariaceae	Pinnularia	Pinnularia balfouriana	Grunow ex Cleve, 1895	Species																																												0	0	F	BLACK			
NBNORG0000068586	NHMSYS0000605346	Chromista		Bacillariophyceae	Naviculales	Pinnulariaceae	Pinnularia	Pinnularia baltica	(P.Schulz) Cleve-Euler	Species																																												0	0	F	BLACK			
NBNORG0000068587	NHMSYS0000605348	Chromista		Bacillariophyceae	Naviculales	Pinnulariaceae	Pinnularia	Pinnularia biclavata	Cleve-Euler	Species																																												0	0	F	BLACK			
NBNORG0000068588	NHMSYS0000605349	Chromista		Bacillariophyceae	Naviculales	Pinnulariaceae	Pinnularia	Pinnularia biglobosa	(Schumann) Cleve-Euler	Species																																												0	0	F	BLACK			
NBNORG0000068589	NHMSYS0000605350	Chromista		Bacillariophyceae	Naviculales	Pinnulariaceae	Pinnularia	Pinnularia bilobata	A. Cleve, 1955	Species																																												0	0	F	BLACK			
NBNORG0000068590	NHMSYS0000605351	Chromista		Bacillariophyceae	Naviculales	Pinnulariaceae	Pinnularia	Pinnularia bipectinalis	(Schum.) Greguss, 1913	Species																																												0	0	F	BLACK			
NBNORG0000068591	NHMSYS0000605352	Chromista		Bacillariophyceae	Naviculales	Pinnulariaceae	Pinnularia	Pinnularia bistriata	(Leud.-Fortm.) Cleve, 1895	Species																																												0	0	F	BLACK			
NBNORG0000068592	NHMSYS0000605353	Chromista		Bacillariophyceae	Naviculales	Pinnulariaceae	Pinnularia	Pinnularia boecheri	Foged, 1953	Species																																												0	0	F	BLACK			
NBNORG0000068593	NHMSYS0000605354	Chromista		Bacillariophyceae	Naviculales	Pinnulariaceae	Pinnularia	Pinnularia bogotensis	(Grunow)A.Cleve	Species																																												0	0	F	BLACK			
NBNORG0000068594	NHMSYS0000605355	Chromista		Bacillariophyceae	Naviculales	Pinnulariaceae	Pinnularia	Pinnularia borealis	Ehrenb., 1843	Species	Pinnularia borealis var. brevicostata;Pinnularia borealis var. rectangularis;Pinnularia borealis var. scalaris;Pinnularia borealis var. subislandica;Pinnularia borealis var. undulata																																											226	0	C	GREEN		OTU_000335;OTU_000344;OTU_000347;OTU_000353;OTU_000728;OTU_002339;OTU_002348;OTU_002351;OTU_002357;OTU_003599	
NBNORG0000068599	NHMSYS0000605360	Chromista		Bacillariophyceae	Naviculales	Pinnulariaceae	Pinnularia	Pinnularia brandelii	Cleve, 1891	Species																																												0	0	F	BLACK			
NBNORG0000107136	NHMSYS0020955205	Chromista		Bacillariophyceae	Naviculales	Pinnulariaceae	Pinnularia	Pinnularia brauniana	(Grunow) Studnicka 1888	Species	Pinnularia braunii;Pinnularia braunii var. amphicephala																																											0	0	F	BLACK			
NBNORG0000068602	NHMSYS0000605363	Chromista		Bacillariophyceae	Naviculales	Pinnulariaceae	Pinnularia	Pinnularia brebissonii	(Kütz.) Rabenh., 1864	Species	Pinnularia brebissonii var. acuta;Pinnularia brebissonii var. curta;Pinnularia brebissonii var. diminuta;Pinnularia brebissonii var. linearis;Pinnularia brebissonii var. notata;Pinnularia brebissonii var. truncata																																											3	0	C	GREEN		OTU_000215;OTU_002219;OTU_002755	
NBNORG0000068608	NHMSYS0000605369	Chromista		Bacillariophyceae	Naviculales	Pinnulariaceae	Pinnularia	Pinnularia brevicostata	Cleve, 1891	Species	Pinnularia brevicostata var. triangulata																																											0	0	F	BLACK			
NBNORG0000068610	NHMSYS0000605371	Chromista		Bacillariophyceae	Naviculales	Pinnulariaceae	Pinnularia	Pinnularia britannica	(Van Heurck) A. Cleve, 1955	Species																																												0	0	F	BLACK			
NBNORG0000068611	NHMSYS0000605372	Chromista		Bacillariophyceae	Naviculales	Pinnulariaceae	Pinnularia	Pinnularia cardinaliculus	Cleve, 1894	Species																																												0	0	F	BLACK			
NBNORG0000068612	NHMSYS0000605373	Chromista		Bacillariophyceae	Naviculales	Pinnulariaceae	Pinnularia	Pinnularia cardinalis	(Ehrenb.) W. Sm., 1853	Species																																												0	0	F	BLACK			
NBNORG0000068613	NHMSYS0000605374	Chromista		Bacillariophyceae	Naviculales	Pinnulariaceae	Pinnularia	Pinnularia carlsonii	A. Cleve, 1948	Species																																												0	0	F	BLACK			
NBNORG0000068614	NHMSYS0000605375	Chromista		Bacillariophyceae	Naviculales	Pinnulariaceae	Pinnularia	Pinnularia carminata	Barber et J.R. Carter, 1978	Species																																												0	0	F	BLACK			
NBNORG0000068615	NHMSYS0000605376	Chromista		Bacillariophyceae	Naviculales	Pinnulariaceae	Pinnularia	Pinnularia claasseniae	Cholnoky, 1958	Species																																												0	0	F	BLACK			
NBNORG0000068616	NHMSYS0000605377	Chromista		Bacillariophyceae	Naviculales	Pinnulariaceae	Pinnularia	Pinnularia cleveana	R. Ross, 1947	Species	Pinnularia cleveana form stauroneiformis																																											0	0	F	BLACK			
NBNORG0000068618	NHMSYS0000605379	Chromista		Bacillariophyceae	Naviculales	Pinnulariaceae	Pinnularia	Pinnularia clevii	R.M.Patrick	Species	Pinnularia clevei																																											0	0	F	BLACK			
NBNORG0000068619	NHMSYS0000605380	Chromista		Bacillariophyceae	Naviculales	Pinnulariaceae	Pinnularia	Pinnularia commutata	(Grunow ex A. Schmidt) Dippel, 1904	Species	Pinnularia viridis var. commutata																																											0	0	F	BLACK			
NBNORG0000125653	NHMSYS0021200826	Chromista		Bacillariophyceae	Naviculales	Pinnulariaceae	Pinnularia	Pinnularia crabro	Ehrenberg, 1844	Species					Y																																							0	0	F	BLACK			
NBNORG0000068620	NHMSYS0000605381	Chromista		Bacillariophyceae	Naviculales	Pinnulariaceae	Pinnularia	Pinnularia cruciformis	(Donkin) Cleve, 1895	Species	Pinnularia cruciformis var. faeroensis																																											0	0	F	BLACK			
NBNORG0000068622	NHMSYS0000605383	Chromista		Bacillariophyceae	Naviculales	Pinnulariaceae	Pinnularia	Pinnularia cuneata	(Østrup) A. Cleve, 1915	Species	Pinnularia cuneata var. reducta																																											0	0	F	BLACK			
NBNORG0000068624	NHMSYS0000605385	Chromista		Bacillariophyceae	Naviculales	Pinnulariaceae	Pinnularia	Pinnularia cuneola	Reichardt, 1981	Species																																												0	0	F	BLACK			
NBNORG0000068625	NHMSYS0000605386	Chromista		Bacillariophyceae	Naviculales	Pinnulariaceae	Pinnularia	Pinnularia dactylus	Ehrenb., 1843	Species																																												0	0	F	BLACK			
NBNORG0000107138	NHMSYS0020955207	Chromista		Bacillariophyceae	Naviculales	Pinnulariaceae	Pinnularia	Pinnularia decrescens	(Héribaud-Joseph) F.W. Mills, 1934	Species																																												0	0	F	BLACK			
NBNORG0000068626	NHMSYS0000605388	Chromista		Bacillariophyceae	Naviculales	Pinnulariaceae	Pinnularia	Pinnularia discifera	Østrup, 1910	Species																																												0	0	F	BLACK			
NBNORG0000125655	NHMSYS0021200838	Chromista		Bacillariophyceae	Naviculales	Pinnulariaceae	Pinnularia	Pinnularia distans	W.Smith, 1853	Species	Navicula distans				Y																																							0	0	F	BLACK			
NBNORG0000068627	NHMSYS0000605389	Chromista		Bacillariophyceae	Naviculales	Pinnulariaceae	Pinnularia	Pinnularia distinguenda	(Cleve) Cleve, 1895	Species																																												0	0	F	BLACK			
NBNORG0000068628	NHMSYS0000605390	Chromista		Bacillariophyceae	Naviculales	Pinnulariaceae	Pinnularia	Pinnularia divergens	W. Sm., 1853	Species	Pinnularia divergens var. bacillaris;Pinnularia divergens var. elliptica;Pinnularia divergens var. fontellii;Pinnularia divergens var. parallela;Pinnularia divergens var. sublinearis;Pinnularia divergens var. undulata																																											3	0	C	GREEN		OTU_000754;OTU_002758;OTU_003580	
NBNORG0000068635	NHMSYS0000605397	Chromista		Bacillariophyceae	Naviculales	Pinnulariaceae	Pinnularia	Pinnularia divergentissima	(Grunow) Cleve, 1895	Species	Pinnularia divergentissima var. subacuta;Pinnularia divergentissima var. undulata																																											0	0	F	BLACK			
NBNORG0000068638	NHMSYS0000605400	Chromista		Bacillariophyceae	Naviculales	Pinnulariaceae	Pinnularia	Pinnularia domingensis	(Cleve) Hust. in A. Schmidt, 1934	Species																																												0	0	F	BLACK			
NBNORG0000068639	NHMSYS0000605401	Chromista		Bacillariophyceae	Naviculales	Pinnulariaceae	Pinnularia	Pinnularia episcopalis	Cleve, 1891	Species																																												0	0	F	BLACK			
NBNORG0000068640	NHMSYS0000605402	Chromista		Bacillariophyceae	Naviculales	Pinnulariaceae	Pinnularia	Pinnularia ergadensis	Greg., 1856	Species	Pinnularia ergadensis var. minor																																											0	0	F	BLACK			
NBNORG0000068642	NHMSYS0000605404	Chromista		Bacillariophyceae	Naviculales	Pinnulariaceae	Pinnularia	Pinnularia esox	Ehrenb., 1843	Species	Pinnularia esox var. gracilescens																																											0	0	F	BLACK			
NBNORG0000068644	NHMSYS0000605406	Chromista		Bacillariophyceae	Naviculales	Pinnulariaceae	Pinnularia	Pinnularia flexuosa	Cleve, 1895	Species																																												0	0	F	BLACK			
NBNORG0000068645	NHMSYS0000605407	Chromista		Bacillariophyceae	Naviculales	Pinnulariaceae	Pinnularia	Pinnularia fontellii	A. Cleve, 1955	Species																																												0	0	F	BLACK			
NBNORG0000068646	NHMSYS0000605408	Chromista		Bacillariophyceae	Naviculales	Pinnulariaceae	Pinnularia	Pinnularia fritschii	Salah, 1953	Species	Pinnularia fritschii var. lata																																											0	0	F	BLACK			
NBNORG0000068648	NHMSYS0000605410	Chromista		Bacillariophyceae	Naviculales	Pinnulariaceae	Pinnularia	Pinnularia gentilis	(Donkin) Cleve, 1891	Species																																												0	0	F	BLACK			
NBNORG0000068649	NHMSYS0000605411	Chromista		Bacillariophyceae	Naviculales	Pinnulariaceae	Pinnularia	Pinnularia gibba	Ehrenb., 1841	Species	Pinnularia parvula																																											1	0	E	RED		OTU_000358	Pinnularia cf. subgibba var. sublinearis;Pinnularia microstauron;Pinnularia parvulissima;Pinnularia sp. ne-l03;Pinnularia sp. ne-l13;Pinnularia sp. subgibba group ne-l05;Pinnularia sp. subgibba group ne-l06;Pinnularia subgibba var. sublinearis
NBNORG0000122821	NHMSYS0021168220	Chromista		Bacillariophyceae	Naviculales	Pinnulariaceae	Pinnularia	Pinnularia gibbiformis	Krammer, 1992	Species					Y																																							0	0	F	BLACK			
NBNORG0000068650	NHMSYS0000605414	Chromista		Bacillariophyceae	Naviculales	Pinnulariaceae	Pinnularia	Pinnularia globiceps	Greg., 1856	Species																																												0	0	F	BLACK			
NBNORG0000122464	NHMSYS0021165235	Chromista		Bacillariophyceae	Naviculales	Pinnulariaceae	Pinnularia	Pinnularia grunowii	Krammer, 2000	Species			Y																																									3	1	E	RED		OTU_000212	Pinnularia aff. subanglica;Pinnularia mesolepta;Pinnularia sp. ne-l04;Pinnularia sp. ne-p04
NBNORG0000068651	NHMSYS0000605415	Chromista		Bacillariophyceae	Naviculales	Pinnulariaceae	Pinnularia	Pinnularia hemiptera	(Kütz.) Rabenh., 1853	Species	Pinnularia debilis;Pinnularia hemiptera var. inconstans;Pinnularia hemiptera var. interrupta																																											0	0	F	BLACK			
NBNORG0000068654	NHMSYS0000605418	Chromista		Bacillariophyceae	Naviculales	Pinnulariaceae	Pinnularia	Pinnularia iatriaensis	Foged, 1970	Species																																												0	0	F	BLACK			
NBNORG0000068655	NHMSYS0000605419	Chromista		Bacillariophyceae	Naviculales	Pinnulariaceae	Pinnularia	Pinnularia ignobilis	(Krasske) A. Cleve, 1955	Species																																												0	0	F	BLACK			
NBNORG0000068656	NHMSYS0000605420	Chromista		Bacillariophyceae	Naviculales	Pinnulariaceae	Pinnularia	Pinnularia imperfecta	A. Cleve, 1934	Species																																												0	0	F	BLACK			
NBNORG0000068657	NHMSYS0000605422	Chromista		Bacillariophyceae	Naviculales	Pinnulariaceae	Pinnularia	Pinnularia incrassata	A. Cleve, 1955	Species																																												0	0	F	BLACK			
NBNORG0000068658	NHMSYS0000605423	Chromista		Bacillariophyceae	Naviculales	Pinnulariaceae	Pinnularia	Pinnularia infirma	Krammer, 1985	Species	Pinnularia pulchra																																											0	0	F	BLACK			
NBNORG0000068659	NHMSYS0000605424	Chromista		Bacillariophyceae	Naviculales	Pinnulariaceae	Pinnularia	Pinnularia inflata	A. Cleve, 1955	Species																																												0	0	F	BLACK			
NBNORG0000068660	NHMSYS0000605425	Chromista		Bacillariophyceae	Naviculales	Pinnulariaceae	Pinnularia	Pinnularia intermedia	(Lagerst.) Cleve, 1895	Species																																												1	0	D	GREEN		OTU_003818	
NBNORG0000068661	NHMSYS0000605426	Chromista		Bacillariophyceae	Naviculales	Pinnulariaceae	Pinnularia	Pinnularia interrupta	W. Sm., 1853	Species	Pinnularia biceps;Pinnularia interrupta form minor																																											0	0	F	BLACK			
NBNORG0000068663	NHMSYS0000605429	Chromista		Bacillariophyceae	Naviculales	Pinnulariaceae	Pinnularia	Pinnularia islandica	Østrup, 1918	Species																																												0	0	F	BLACK			
NBNORG0000068664	NHMSYS0000605430	Chromista		Bacillariophyceae	Naviculales	Pinnulariaceae	Pinnularia	Pinnularia isostauron	(Ehrenb.) Cleve, 1896	Species																																												0	0	F	BLACK			
NBNORG0000122465	NHMSYS0021165349	Chromista		Bacillariophyceae	Naviculales	Pinnulariaceae	Pinnularia	Pinnularia isselana	Krammer, 2000	Species			Y																																									2	0	C	GREEN		OTU_002768;OTU_003572	
NBNORG0000068665	NHMSYS0000605431	Chromista		Bacillariophyceae	Naviculales	Pinnulariaceae	Pinnularia	Pinnularia karelica	Cleve, 1891	Species																																												2	0	C	GREEN		OTU_001573;OTU_003577	
NBNORG0000068666	NHMSYS0000605432	Chromista		Bacillariophyceae	Naviculales	Pinnulariaceae	Pinnularia	Pinnularia kneuckerii	Hust., 1949	Species																																												0	0	F	BLACK			
NBNORG0000068667	NHMSYS0000605433	Chromista		Bacillariophyceae	Naviculales	Pinnulariaceae	Pinnularia	Pinnularia krasskei	Hust. in A. Schmidt et al., 1934	Species	Pinnularia krasskei var. ventricosa																																											0	0	F	BLACK			
NBNORG0000068669	NHMSYS0000605435	Chromista		Bacillariophyceae	Naviculales	Pinnulariaceae	Pinnularia	Pinnularia kriegeriana	Krasske, 1943	Species																																												0	0	F	BLACK			
NBNORG0000068670	NHMSYS0000605436	Chromista		Bacillariophyceae	Naviculales	Pinnulariaceae	Pinnularia	Pinnularia krockii	(Grunow) Cleve, 1891	Species																																												0	0	F	BLACK			
NBNORG0000068671	NHMSYS0000605437	Chromista		Bacillariophyceae	Naviculales	Pinnulariaceae	Pinnularia	Pinnularia kuolensis	A. Cleve, 1934	Species																																												0	0	F	BLACK			
NBNORG0000068672	NHMSYS0000605438	Chromista		Bacillariophyceae	Naviculales	Pinnulariaceae	Pinnularia	Pinnularia lacunicola	R.M. Patrick et Freese, 1961	Species																																												0	0	F	BLACK			
NBNORG0000068673	NHMSYS0000605439	Chromista		Bacillariophyceae	Naviculales	Pinnulariaceae	Pinnularia	Pinnularia lagerheimii	A. Cleve, 1895	Species																																												0	0	F	BLACK			
NBNORG0000068674	NHMSYS0000605440	Chromista		Bacillariophyceae	Naviculales	Pinnulariaceae	Pinnularia	Pinnularia lagerstedtii	(Cleve) A. Cleve, 1934	Species																																												0	0	F	BLACK			
NBNORG0000068675	NHMSYS0000605441	Chromista		Bacillariophyceae	Naviculales	Pinnulariaceae	Pinnularia	Pinnularia lapponica	Hust., 1942	Species																																												0	0	F	BLACK			
NBNORG0000068676	NHMSYS0000605442	Chromista		Bacillariophyceae	Naviculales	Pinnulariaceae	Pinnularia	Pinnularia lata	(Bréb.) Rabenh., 1853	Species	Pinnularia lata var. costata;Pinnularia lata var. latestriata;Pinnularia lata var. rabenhorstii;Pinnularia lata var. thuringiaca																																											0	0	F	BLACK			
NBNORG0000068681	NHMSYS0000605447	Chromista		Bacillariophyceae	Naviculales	Pinnulariaceae	Pinnularia	Pinnularia latevittata	Cleve, 1894	Species																																												0	0	F	BLACK			
NBNORG0000068682	NHMSYS0000605448	Chromista		Bacillariophyceae	Naviculales	Pinnulariaceae	Pinnularia	Pinnularia laticeps	A. Cleve, 1934	Species																																												0	0	F	BLACK			
NBNORG0000068683	NHMSYS0000605449	Chromista		Bacillariophyceae	Naviculales	Pinnulariaceae	Pinnularia	Pinnularia legumen	Ehrenb., 1843	Species	Pinnularia legumen var. undulata																																											0	0	F	BLACK			
NBNORG0000068685	NHMSYS0000605451	Chromista		Bacillariophyceae	Naviculales	Pinnulariaceae	Pinnularia	Pinnularia lenticula	A. Cleve, 1955	Species																																												0	0	F	BLACK			
NBNORG0000068686	NHMSYS0000605452	Chromista		Bacillariophyceae	Naviculales	Pinnulariaceae	Pinnularia	Pinnularia leptosoma	(Grunow) Cleve, 1895	Species																																												0	0	F	BLACK			
NBNORG0000068687	NHMSYS0000605453	Chromista		Bacillariophyceae	Naviculales	Pinnulariaceae	Pinnularia	Pinnularia lundii	Hust., 1954	Species																																												0	0	F	BLACK			
NBNORG0000068688	NHMSYS0000605454	Chromista		Bacillariophyceae	Naviculales	Pinnulariaceae	Pinnularia	Pinnularia macilenta	Ehrenb.	Species																																												0	0	F	BLACK			
NBNORG0000068689	NHMSYS0000605455	Chromista		Bacillariophyceae	Naviculales	Pinnulariaceae	Pinnularia	Pinnularia major	(Kütz.) Rabenh., 1853	Species	Pinnularia major var. convergens;Pinnularia major var. horrida;Pinnularia major var. linearis;Pinnularia major var. pulchella																																											0	0	F	BLACK			
NBNORG0000122624	NHMSYS0021167891	Chromista		Bacillariophyceae	Naviculales	Pinnulariaceae	Pinnularia	Pinnularia marchica	I.Schönfelder in Krammer, 2000	Species																																												0	0	F	BLACK			
NBNORG0000068694	NHMSYS0000605460	Chromista		Bacillariophyceae	Naviculales	Pinnulariaceae	Pinnularia	Pinnularia mesogongyla	Ehrenb. (1841), 1843	Species	Pinnularia gibba var. mesogongyla																																											0	0	F	BLACK			
NBNORG0000068695	NHMSYS0000605461	Chromista		Bacillariophyceae	Naviculales	Pinnulariaceae	Pinnularia	Pinnularia mesolepta	(Ehrenb.) W. Sm., 1853	Species	Pinnularia mesolepta var. angusta																																											2	0	E	RED		OTU_000212	Pinnularia aff. subanglica;Pinnularia grunowii;Pinnularia sp. ne-l04;Pinnularia sp. ne-p04
NBNORG0000068697	NHMSYS0000605463	Chromista		Bacillariophyceae	Naviculales	Pinnulariaceae	Pinnularia	Pinnularia microstauron	(Ehrenb.) Cleve, 1891	Species	Pinnularia microstauron form biundulata;Pinnularia microstauron var. diminuta																																											9	3	E	RED		OTU_000358;OTU_000413;OTU_002048;OTU_002417;OTU_002764;OTU_003759	Pinnularia cf. subgibba var. sublinearis;Pinnularia gibba;Pinnularia parvulissima;Pinnularia sp. ne-l03;Pinnularia sp. ne-l13;Pinnularia sp. subgibba group ne-l05;Pinnularia sp. subgibba group ne-l06;Pinnularia subgibba var. sublinearis
NBNORG0000068700	NHMSYS0000605466	Chromista		Bacillariophyceae	Naviculales	Pinnulariaceae	Pinnularia	Pinnularia minuta	(Østrup) A. Cleve, 1955	Species																																												0	0	F	BLACK			
NBNORG0000068702	NHMSYS0000605469	Chromista		Bacillariophyceae	Naviculales	Pinnulariaceae	Pinnularia	Pinnularia neglecta	(Mayer) Berg, 1949	Species																																												0	0	F	BLACK			
NBNORG0000122623	NHMSYS0021167897	Chromista		Bacillariophyceae	Naviculales	Pinnulariaceae	Pinnularia	Pinnularia neglectiformis	Krammer, 2000	Species																																												2	1	E	RED		OTU_000346;OTU_002350	Pinnularia sp. ne-p09;Pinnularia sp. viridiformis group ne-p06;Pinnularia subcommutata;Pinnularia viridiformis
NBNORG0000122466	NHMSYS0021165236	Chromista		Bacillariophyceae	Naviculales	Pinnulariaceae	Pinnularia	Pinnularia neomajor	Krammer, 1992	Species			Y																																									10	2	C	GREEN		OTU_000604;OTU_002461;OTU_002608;OTU_002757	
NBNORG0000068703	NHMSYS0000605470	Chromista		Bacillariophyceae	Naviculales	Pinnulariaceae	Pinnularia	Pinnularia nobilis	(Ehrenb.) Ehrenb., 1843	Species																																												0	0	F	BLACK			
NBNORG0000068704	NHMSYS0000605471	Chromista		Bacillariophyceae	Naviculales	Pinnulariaceae	Pinnularia	Pinnularia nodosa	(Ehrenb.) W. Sm., 1856	Species	Pinnularia nodosa var. capitata																																											1	0	D	GREEN		OTU_002765	
NBNORG0000068706	NHMSYS0000605473	Chromista		Bacillariophyceae	Naviculales	Pinnulariaceae	Pinnularia	Pinnularia obscura	Krasske, 1932	Species																																												1	0	D	GREEN		OTU_000752	
NBNORG0000122467	NHMSYS0021165350	Chromista		Bacillariophyceae	Naviculales	Pinnulariaceae	Pinnularia	Pinnularia parvulissima	Krammer, 2000	Species			Y																																									5	0	E	RED		OTU_000358	Pinnularia cf. subgibba var. sublinearis;Pinnularia gibba;Pinnularia microstauron;Pinnularia sp. ne-l03;Pinnularia sp. ne-l13;Pinnularia sp. subgibba group ne-l05;Pinnularia sp. subgibba group ne-l06;Pinnularia subgibba var. sublinearis
NBNORG0000068707	NHMSYS0000605476	Chromista		Bacillariophyceae	Naviculales	Pinnulariaceae	Pinnularia	Pinnularia paschalis	Woodhead et Tweed, 1948	Species																																												0	0	F	BLACK			
NBNORG0000122622	NHMSYS0021167903	Chromista		Bacillariophyceae	Naviculales	Pinnulariaceae	Pinnularia	Pinnularia peracuminata	Krammer, 2000	Species																																												1	0	D	GREEN		OTU_002629	
NBNORG0000068708	NHMSYS0000605477	Chromista		Bacillariophyceae	Naviculales	Pinnulariaceae	Pinnularia	Pinnularia platycephala	(Ehrenb.) Cleve, 1891	Species																																												0	0	F	BLACK			
NBNORG0000068709	NHMSYS0000605478	Chromista		Bacillariophyceae	Naviculales	Pinnulariaceae	Pinnularia	Pinnularia polyonca	(Bréb.) W. Sm., 1856	Species																																												0	0	F	BLACK			
NBNORG0000068710	NHMSYS0000605479	Chromista		Bacillariophyceae	Naviculales	Pinnulariaceae	Pinnularia	Pinnularia pulchra	Østrup, 1897	Species	Pinnularia pulchra var. angusta;Pinnularia pulchra var. subtilis																																											0	0	F	BLACK			
NBNORG0000068713	NHMSYS0000605482	Chromista		Bacillariophyceae	Naviculales	Pinnulariaceae	Pinnularia	Pinnularia rangoonensis	Grunow ex Cleve, 1895	Species																																												0	0	F	BLACK			
NBNORG0000068714	NHMSYS0000605483	Chromista		Bacillariophyceae	Naviculales	Pinnulariaceae	Pinnularia	Pinnularia rupestris	Hantzsch in Rabenh., 1861	Species																																												1	0	D	GREEN		OTU_003786	
NBNORG0000068715	NHMSYS0000605484	Chromista		Bacillariophyceae	Naviculales	Pinnulariaceae	Pinnularia	Pinnularia ruttneri	Hust. in A. Schmidt et al., 1934	Species																																												0	0	F	BLACK			
NBNORG0000068716	NHMSYS0000605485	Chromista		Bacillariophyceae	Naviculales	Pinnulariaceae	Pinnularia	Pinnularia saxicola	J.W.G. Lund, 1946	Species																																												0	0	F	BLACK			
NBNORG0000068717	NHMSYS0000605486	Chromista		Bacillariophyceae	Naviculales	Pinnulariaceae	Pinnularia	Pinnularia schroederii	(Hust.) Krammer, 1985	Species																																												0	0	F	BLACK			
NBNORG0000068718	NHMSYS0000605487	Chromista		Bacillariophyceae	Naviculales	Pinnulariaceae	Pinnularia	Pinnularia schwabei	Krasske, 1939	Species																																												0	0	F	BLACK			
NBNORG0000068719	NHMSYS0000605488	Chromista		Bacillariophyceae	Naviculales	Pinnulariaceae	Pinnularia	Pinnularia semicruciata	(Ehrenb.) A. Cleve, 1895	Species																																												0	0	F	BLACK			
NBNORG0000122468	NHMSYS0021165351	Chromista		Bacillariophyceae	Naviculales	Pinnulariaceae	Pinnularia	Pinnularia septentrionalis	Krammer, 2000	Species			Y																																									2	0	C	GREEN		OTU_001565;OTU_003569	
NBNORG0000122469	NHMSYS0021165352	Chromista		Bacillariophyceae	Naviculales	Pinnulariaceae	Pinnularia	Pinnularia shivae	Cejudo-Figueiras, S.Blanco & Álvarez-Blanco, 2012	Species			Y																																									1	0	E	RED		OTU_000044	Pinnularia microgibba;Pinnularia minigibba;Pinnularia sp. ne-l16;Pinnularia sp. ne-l18;Pinnularia sp. ne-l19;Pinnularia sp. ne-l20;Pinnularia subcapitata;Pinnularia subcapitata var. elongata;Pinnularia vietnamogibba
NBNORG0000068720	NHMSYS0000605490	Chromista		Bacillariophyceae	Naviculales	Pinnulariaceae	Pinnularia	Pinnularia similis	Hust., 1934	Species																																												0	0	F	BLACK			
NBNORG0000107139	NHMSYS0020955209	Chromista		Bacillariophyceae	Naviculales	Pinnulariaceae	Pinnularia	Pinnularia sinistra	Krammer, 1992	Species																																												1	1	E	RED		OTU_000404	Pinnularia sp.;Pinnularia sp. ne-l01;Pinnularia subcapitata
NBNORG0000068721	NHMSYS0000605491	Chromista		Bacillariophyceae	Naviculales	Pinnulariaceae	Pinnularia	Pinnularia sistassa	J.R. Carter, 1966	Species																																												0	0	F	BLACK			
NBNORG0000068722	NHMSYS0000605492	Chromista		Bacillariophyceae	Naviculales	Pinnulariaceae	Pinnularia	Pinnularia spitsbergensis	Cleve, 1896	Species																																												0	0	F	BLACK			
NBNORG0000068723	NHMSYS0000605493	Chromista		Bacillariophyceae	Naviculales	Pinnulariaceae	Pinnularia	Pinnularia stomatophora	(Grunow) Cleve, 1891	Species	Pinnularia stomatophora var. gibbosa																																											2	0	C	GREEN		OTU_001572;OTU_003576	
NBNORG0000068725	NHMSYS0000605495	Chromista		Bacillariophyceae	Naviculales	Pinnulariaceae	Pinnularia	Pinnularia stomatophoroides	Mayer, 1940	Species	Pinnularia stomatophoroides var. ornata																																											0	0	F	BLACK			
NBNORG0000068727	NHMSYS0000605497	Chromista		Bacillariophyceae	Naviculales	Pinnulariaceae	Pinnularia	Pinnularia streptoraphe	Cleve, 1891	Species	Pinnularia streptoraphe var. minor																																											0	0	F	BLACK			
NBNORG0000068729	NHMSYS0000605499	Chromista		Bacillariophyceae	Naviculales	Pinnulariaceae	Pinnularia	Pinnularia styliformis	A. Cleve, 1955	Species																																												0	0	F	BLACK			
NBNORG0000122619	NHMSYS0021167909	Chromista		Bacillariophyceae	Naviculales	Pinnulariaceae	Pinnularia	Pinnularia subanglica	Krammer, 2000	Species																																												1	0	D	GREEN		OTU_002769	
NBNORG0000068730	NHMSYS0000605500	Chromista		Bacillariophyceae	Naviculales	Pinnulariaceae	Pinnularia	Pinnularia subcapitata	Greg., 1856	Species	Pinnularia subcapitata var. elliptica;Pinnularia subcapitata var. hilseana;Pinnularia subcapitata var. paucistriata																																											7	6	E	RED		OTU_000044;OTU_000404;OTU_000406;OTU_002408;OTU_002410	Pinnularia microgibba;Pinnularia minigibba;Pinnularia shivae;Pinnularia sinistra;Pinnularia sp.;Pinnularia sp. ne-l01;Pinnularia sp. ne-l16;Pinnularia sp. ne-l18;Pinnularia sp. ne-l19;Pinnularia sp. ne-l20;Pinnularia subcapitata var. elongata;Pinnularia vietnamogibba
NBNORG0000122471	NHMSYS0021165354	Chromista		Bacillariophyceae	Naviculales	Pinnulariaceae	Pinnularia	Pinnularia subgibba	Krammer, 2000	Species	Pinnularia subgibba var. sublinearis		Y																																									6	0	E	RED		OTU_000027;OTU_000358;OTU_002031;OTU_002761;OTU_002762;OTU_003564	Pinnularia australogibba var. subcapitata;Pinnularia cf. subgibba var. sublinearis;Pinnularia gibba;Pinnularia microstauron;Pinnularia parvulissima;Pinnularia sp. ne-l03;Pinnularia sp. ne-l08;Pinnularia sp. ne-l09;Pinnularia sp. ne-l10;Pinnularia sp. ne-l12;Pinnularia sp. ne-l13;Pinnularia sp. subgibba group ne-l05;Pinnularia sp. subgibba group ne-l06
NBNORG0000068734	NHMSYS0000605504	Chromista		Bacillariophyceae	Naviculales	Pinnulariaceae	Pinnularia	Pinnularia sublanceolata	(J.B. Petersen) A. Cleve, 1955	Species																																												0	0	F	BLACK			
NBNORG0000068735	NHMSYS0000605506	Chromista		Bacillariophyceae	Naviculales	Pinnulariaceae	Pinnularia	Pinnularia subnodosa	Hust., 1934	Species																																												0	0	F	BLACK			
NBNORG0000068736	NHMSYS0000605507	Chromista		Bacillariophyceae	Naviculales	Pinnulariaceae	Pinnularia	Pinnularia subrostrata	(A. Cleve) A. Cleve	Species																																												0	0	F	BLACK			
NBNORG0000068737	NHMSYS0000605508	Chromista		Bacillariophyceae	Naviculales	Pinnulariaceae	Pinnularia	Pinnularia subsolaris	(Grunow) Cleve, 1895	Species																																												0	0	F	BLACK			
NBNORG0000068738	NHMSYS0000605509	Chromista		Bacillariophyceae	Naviculales	Pinnulariaceae	Pinnularia	Pinnularia substomatophora	Hust., 1934	Species																																												0	0	F	BLACK			
NBNORG0000122618	NHMSYS0021167915	Chromista		Bacillariophyceae	Naviculales	Pinnulariaceae	Pinnularia	Pinnularia substreptoraphe	Krammer, 2000	Species																																												1	0	D	GREEN		OTU_001550	
NBNORG0000068739	NHMSYS0000605510	Chromista		Bacillariophyceae	Naviculales	Pinnulariaceae	Pinnularia	Pinnularia subviridis	A. Cleve, 1955	Species																																												0	0	F	BLACK			
NBNORG0000068740	NHMSYS0000605511	Chromista		Bacillariophyceae	Naviculales	Pinnulariaceae	Pinnularia	Pinnularia suchlandtii	Hust., 1943	Species																																												0	0	F	BLACK			
NBNORG0000068741	NHMSYS0000605512	Chromista		Bacillariophyceae	Naviculales	Pinnulariaceae	Pinnularia	Pinnularia sudetica	Hilse	Species	Pinnularia sudetica var. leptogongyla																																											0	0	F	BLACK			
NBNORG0000068743	NHMSYS0000605514	Chromista		Bacillariophyceae	Naviculales	Pinnulariaceae	Pinnularia	Pinnularia superdivergentissima	Chaumont et H. Germ., 1976	Species																																												0	0	F	BLACK			
NBNORG0000068744	NHMSYS0000605515	Chromista		Bacillariophyceae	Naviculales	Pinnulariaceae	Pinnularia	Pinnularia termitina	(Ehrenb.) R.M. Patrick in R.M. Patrick et Reimer, 1966	Species																																												1	0	D	GREEN		OTU_002216	
NBNORG0000068745	NHMSYS0000605516	Chromista		Bacillariophyceae	Naviculales	Pinnulariaceae	Pinnularia	Pinnularia transversa	(Cleve) Art.Mayer	Species																																												0	0	F	BLACK			
NBNORG0000068746	NHMSYS0000605517	Chromista		Bacillariophyceae	Naviculales	Pinnulariaceae	Pinnularia	Pinnularia trevelyana	(Donkin) Rabenh., 1864	Species																																												0	0	F	BLACK			
NBNORG0000122473	NHMSYS0021165355	Chromista		Bacillariophyceae	Naviculales	Pinnulariaceae	Pinnularia	Pinnularia valida	Hustedt	Species			Y																																									2	0	C	GREEN		OTU_001577;OTU_003581	
NBNORG0000068747	NHMSYS0000605519	Chromista		Bacillariophyceae	Naviculales	Pinnulariaceae	Pinnularia	Pinnularia vastoides	Cholnoky, 1956	Species																																												0	0	F	BLACK			
NBNORG0000068748	NHMSYS0000605521	Chromista		Bacillariophyceae	Naviculales	Pinnulariaceae	Pinnularia	Pinnularia viridis	(Nitzsch) Ehrenb., 1843	Species	Pinnularia viridis var. diminuta;Pinnularia viridis var. fallax;Pinnularia viridis var. intermedia;Pinnularia viridis var. mayeri																																											3	0	C	GREEN		OTU_000762;OTU_003737	
NBNORG0000122474	NHMSYS0021165356	Chromista		Bacillariophyceae	Cymbellales	Cymbellaceae	Placoneis	Placoneis abiskoensis	(Hustedt) Lange-Bertalot & Metzeltin in Metzeltin & Witkowski, 1996	Species			Y																																									0	0	F	BLACK			
NBNORG0000068756	NHMSYS0000605533	Chromista		Bacillariophyceae	Cymbellales	Cymbellaceae	Placoneis	Placoneis clementioides	(Hust.) E.J. Cox, 1987	Species	Navicula clementioides																																											0	0	F	BLACK			
NBNORG0000068757	NHMSYS0000605534	Chromista		Bacillariophyceae	Cymbellales	Cymbellaceae	Placoneis	Placoneis clementis	(Grunow) E.J. Cox, 1987	Species	Navicula clementis;Placoneis clementis var. linearis																																											1	0	D	GREEN		OTU_002695	
NBNORG0000122475	NHMSYS0021165310	Chromista		Bacillariophyceae	Cymbellales	Cymbellaceae	Placoneis	Placoneis constans	(Hustedt) E.J. Cox, 1987	Species			Y																																									1	0	D	GREEN		OTU_002647	
NBNORG0000103612	NHMSYS0020748843	Chromista		Bacillariophyceae	Cymbellales	Cymbellaceae	Placoneis	Placoneis dicephala	(W. Sm.) Mereschk	Species																																												0	0	F	BLACK			
NBNORG0000068758	NHMSYS0000605535	Chromista		Bacillariophyceae	Cymbellales	Cymbellaceae	Placoneis	Placoneis elginensis	(Greg.) E.J. Cox, 1987	Species	Navicula anglica;Navicula elginensis;Placoneis elginensis var. cuneata;Placoneis elginensis var. neglecta;Placoneis elginensis var. rostrata;Placoneis elginensis var. undulata																																											5	0	E	RED		OTU_000501;OTU_000644;OTU_002491;OTU_002505;OTU_003728	Placoneis baikaloelginensis
NBNORG0000068759	NHMSYS0000605536	Chromista		Bacillariophyceae	Cymbellales	Cymbellaceae	Placoneis	Placoneis exigua	(Greg.) Mereschk., 1903	Species	Placoneis exigua var. signata																																											0	0	F	BLACK			
NBNORG0000107140	NHMSYS0020955210	Chromista		Bacillariophyceae	Cymbellales	Cymbellaceae	Placoneis	Placoneis explanata	(Hustedt) Lange-Bertalot, 2000	Species																																												0	0	F	BLACK			
NBNORG0000068760	NHMSYS0000605537	Chromista		Bacillariophyceae	Cymbellales	Cymbellaceae	Placoneis	Placoneis gastrum	(Ehrenb.) Mereschk., 1903	Species	Navicula gastrum;Placoneis gastrum var. signata																																											0	0	F	BLACK			
NBNORG0000068761	NHMSYS0000605538	Chromista		Bacillariophyceae	Cymbellales	Cymbellaceae	Placoneis	Placoneis placentula	(Ehrenb.) Mereschk.	Species	Placoneis placentula form rostrata;Placoneis placentula var. apiculata;Placoneis placentula var. jenisseyensis;Placoneis placentula var. latiuscula;Placoneis placentula var. maculata																																											0	0	F	BLACK			
NBNORG0000107141	NHMSYS0020955211	Chromista		Bacillariophyceae	Cymbellales	Cymbellaceae	Placoneis	Placoneis porifera	(Hustedt) E.J. Cox 2003	Species	Placoneis porifera var. opportuna																																											0	0	F	BLACK			
NBNORG0000068765	NHMSYS0000605542	Chromista		Bacillariophyceae	Cymbellales	Cymbellaceae	Placoneis	Placoneis pseudanglica	(Lange-Bert.) E.J.Cox	Species	Navicula pseudanglica;Placoneis pseudanglica var. signata																																											0	0	F	BLACK			
NBNORG0000107143	NHMSYS0020955213	Chromista		Bacillariophyceae	Cymbellales	Cymbellaceae	Placoneis	Placoneis signata	(Hustedt) A. Mayama in S. Mayama & A. Kawashima, 1998	Species																																												0	0	F	BLACK			
NBNORG0000107144	NHMSYS0020955214	Chromista		Bacillariophyceae	Cymbellales	Cymbellaceae	Placoneis	Placoneis symmetrica	(Hustedt) H. Lange-Bertalot et al	Species																																												0	0	F	BLACK			
NBNORG0000063533	NHMSYS0000561719	Chromista		Bacillariophyceae	Triceratiales	Plagiogrammaceae	Plagiogramma	Plagiogramma brockmanni		Species	Plagiogramma brockmanni var. brockmanni																																											0	0	F	BLACK			
NBNORG0000125658	NHMSYS0021200844	Chromista		Bacillariophyceae	Triceratiales	Plagiogrammaceae	Plagiogramma	Plagiogramma vanheurckii	Grunow, 1881	Species	Plagiogrammopsis vanheurckii				Y																																							29	0	C	BLUE		OTU_000926;OTU_000990;OTU_002994;OTU_003045	
NBNORG0000122660	NHMSYS0021168099	Chromista		Bacillariophyceae	Fragilariales	Fragilariaceae	Plagiostriata	Plagiostriata goreensis	Sato & Medlin in Sato et al., 2009	Species																																												2	0	C	GREEN		OTU_000571;OTU_002575	
NBNORG0000068772	NHMSYS0000605555	Chromista		Bacillariophyceae	Achnanthales	Achnanthidiaceae	Planothidium	Planothidium calcar	(Cleve) Round et L. Bukht., 1996	Species	Achnanthes calcar;Eucocconeis calcar																																											0	0	F	BLACK			
NBNORG0000122476	NHMSYS0021165357	Chromista		Bacillariophyceae	Achnanthales	Achnanthidiaceae	Planothidium	Planothidium caputium	J.Zimmermann & R.Jahn in Zimmermann et al., 2014	Species			Y																																									0	0	F	BLACK			
NBNORG0000068773	NHMSYS0000605556	Chromista		Bacillariophyceae	Achnanthales	Achnanthidiaceae	Planothidium	Planothidium daui	(Foged) Lange-Bert., 1999	Species	Achnanthes daui																																											0	0	F	BLACK			
NBNORG0000068774	NHMSYS0000605557	Chromista		Bacillariophyceae	Achnanthales	Achnanthidiaceae	Planothidium	Planothidium delicatulum	(Kütz.) Round et L. Bukht., 1996	Species	Achnanthes delicatula;Achnanthidium delicatulum																																											0	0	F	BLACK			
NBNORG0000068775	NHMSYS0000605558	Chromista		Bacillariophyceae	Achnanthales	Achnanthidiaceae	Planothidium	Planothidium dispar	(Cleve) Wittr. Lange-Bert. et Metzeltin, 2000	Species	Achanthes dispar																																											0	0	F	BLACK			
NBNORG0000068776	NHMSYS0000605559	Chromista		Bacillariophyceae	Achnanthales	Achnanthidiaceae	Planothidium	Planothidium dubium	(Grunow) Round et L. Bukht., 1996	Species	Achnanthes lanceolata var. dubia																																											0	0	F	BLACK			
NBNORG0000068777	NHMSYS0000605560	Chromista		Bacillariophyceae	Achnanthales	Achnanthidiaceae	Planothidium	Planothidium ellipticum	(Cleve) Eklund	Species	Achnanthes lanceolata var. elliptica																																											0	0	F	BLACK			
NBNORG0000068778	NHMSYS0000605561	Chromista		Bacillariophyceae	Achnanthales	Achnanthidiaceae	Planothidium	Planothidium engelbrechtii	(Cholnoky) Round et L. Bukht., 1996	Species	Achnanthes delicatula subsp. engelbrechtii;Achnanthes engelbrechtii																																											0	0	F	BLACK			
NBNORG0000068779	NHMSYS0000605562	Chromista		Bacillariophyceae	Achnanthales	Achnanthidiaceae	Planothidium	Planothidium fragilarioides	(J.B. Petersen) Round et L. Bukht., 1996	Species	Achnanthes fragilarioides																																											0	0	F	BLACK			
NBNORG0000068780	NHMSYS0000605563	Chromista		Bacillariophyceae	Achnanthales	Achnanthidiaceae	Planothidium	Planothidium frequentissimum	(Lange-Bert.) Lange-Bert.	Species	Achnanthes lanceolata dubia minuta;Achnanthes lanceolata var. frequentissima																																											8	1	C	GREEN		OTU_000472;OTU_001534;OTU_002476;OTU_003538	
NBNORG0000091403	NHMSYS0020063222	Chromista		Bacillariophyceae	Achnanthales	Achnanthidiaceae	Planothidium	Planothidium granum	(Hohn & Hellerman) Lange-Bert. 1999	Species																																												0	0	F	BLACK			
NBNORG0000068781	NHMSYS0000605564	Chromista		Bacillariophyceae	Achnanthales	Achnanthidiaceae	Planothidium	Planothidium haukianum	(Grunow) Bukht.	Species	Achnanthes delicatula subsp. hauckiana;Achnanthes hauckiana																																											0	0	F	BLACK			
NBNORG0000068782	NHMSYS0000605565	Chromista		Bacillariophyceae	Achnanthales	Achnanthidiaceae	Planothidium	Planothidium haynaldii	(Schaarschmidt) Lange.Bert.	Species	Achnanthes haynaldii;Achnanthes lanceolata var. haynaldii;Planothidium haynaldii var. elliptico-lanceolata																																											0	0	F	BLACK			
NBNORG0000068783	NHMSYS0000605566	Chromista		Bacillariophyceae	Achnanthales	Achnanthidiaceae	Planothidium	Planothidium holstii	(Cleve) Lange-Bert., 1999	Species	Achnanthes holstii																																											0	0	F	BLACK			
NBNORG0000068784	NHMSYS0000605567	Chromista		Bacillariophyceae	Achnanthales	Achnanthidiaceae	Planothidium	Planothidium joursacense	(Hérib.) Lange-Bert., 1999	Species	Achnanthes joursacense																																											0	0	F	BLACK			
NBNORG0000068785	NHMSYS0000605568	Chromista		Bacillariophyceae	Achnanthales	Achnanthidiaceae	Planothidium	Planothidium lanceolatum	(Bréb. ex Kütz.) Lange-Bert,	Species	Achnanthes lanceolata;Achnanthidium lanceolata																																											3	0	E	RED		OTU_000447	Planothidium lanceolatum group2
NBNORG0000068786	NHMSYS0000605569	Chromista		Bacillariophyceae	Achnanthales	Achnanthidiaceae	Planothidium	Planothidium lilljeborgei	(Grunow) Wittr. Lange-Bert. et Metzeltin, 2000	Species	Achanthes lilljeborgei																																											0	0	F	BLACK			
NBNORG0000068787	NHMSYS0000605570	Chromista		Bacillariophyceae	Achnanthales	Achnanthidiaceae	Planothidium	Planothidium linkei	(Hust.) Lange-Bert., 1999	Species	Achanthes linkei																																											0	0	F	BLACK			
NBNORG0000068788	NHMSYS0000605571	Chromista		Bacillariophyceae	Achnanthales	Achnanthidiaceae	Planothidium	Planothidium oestrupii	(A.Cleve) Edlund	Species	Achnanthes lanceolata var. oestrupii;Achnanthes oestrupii																																											0	0	F	BLACK			
NBNORG0000107145	NHMSYS0020955216	Chromista		Bacillariophyceae	Achnanthales	Achnanthidiaceae	Planothidium	Planothidium peragalloi	(J. Brun & Héribaud-Joseph) Round & L. Bukhtiyarova, 1996	Species	Achnanthes peragalli;Achnanthes peragallii;Planothidium peragalli;Planothidium peragallii																																											0	0	F	BLACK			
NBNORG0000107146	NHMSYS0020955217	Chromista		Bacillariophyceae	Achnanthales	Achnanthidiaceae	Planothidium	Planothidium pericavum	(J.R. Carter) H. Lange-Bertalot, 1999	Species																																												0	0	F	BLACK			
NBNORG0000068789	NHMSYS0000605573	Chromista		Bacillariophyceae	Achnanthales	Achnanthidiaceae	Planothidium	Planothidium rostratum	(Østrup) Lang.-Bert.	Species	Achnanthes lanceolata var. rostrata;Achnanthes rostrata																																											0	0	F	BLACK			
NBNORG0000068790	NHMSYS0000605574	Chromista		Bacillariophyceae	Achnanthales	Achnanthidiaceae	Planothidium	Planothidium septentrionalis	(Østrup) Round et L. Bukht., 1996	Species	Achnanthes delicatula subsp. septentrionalis;Achnanthes septenrionalis																																											0	0	F	BLACK			
NBNORG0000107147	NHMSYS0020955218	Chromista		Bacillariophyceae	Achnanthales	Achnanthidiaceae	Planothidium	Planothidium subatomoides	(Hust.) Round & Bukht.	Species																																												0	0	F	BLACK			
NBNORG0000068809	NHMSYS0000605608	Chromista		Bacillariophyceae	Naviculales	Pleurosigmataceae	Pleurosigma	Pleurosigma aestuarii	(Bréb. ex Kütz.) W. Sm., 1853	Species																																												0	0	F	BLACK			
NBNORG0000068810	NHMSYS0021058039	Chromista		Bacillariophyceae	Naviculales	Pleurosigmataceae	Pleurosigma	Pleurosigma angulatum	(J.T.Quekett) W.Sm.	Species	Pleurosigma angulatum var. quadratum																																											0	0	F	BLACK			
NBNORG0000115721	NHMSYS0021058040	Chromista		Bacillariophyceae	Naviculales	Pleurosigmataceae	Pleurosigma	Pleurosigma directum	Grunow, 1880	Species					Y																																							0	0	F	BLACK			
NBNORG0000122477	NHMSYS0021165309	Chromista		Bacillariophyceae	Naviculales	Pleurosigmataceae	Pleurosigma	Pleurosigma elongatum	W. Smith, 1852	Species			Y																																									1	0	D	GREEN		OTU_003806	
NBNORG0000115720	NHMSYS0021058041	Chromista		Bacillariophyceae	Naviculales	Pleurosigmataceae	Pleurosigma	Pleurosigma formosum	W.Smith, 1852	Species																																												0	0	F	BLACK			
NBNORG0000115719	NHMSYS0021058042	Chromista		Bacillariophyceae	Naviculales	Pleurosigmataceae	Pleurosigma	Pleurosigma naviculaceum	Brébisson, 1854	Species					Y																																							0	0	F	BLACK			
NBNORG0000115718	NHMSYS0021058043	Chromista		Bacillariophyceae	Naviculales	Pleurosigmataceae	Pleurosigma	Pleurosigma normanii	Ralfs, 1861	Species					Y																																							0	0	F	BLACK			
NBNORG0000107149	NHMSYS0020955220	Chromista		Bacillariophyceae	Naviculales	Pleurosigmataceae	Pleurosigma	Pleurosigma planctonicum	Cleve-Euler, 1917	Species																																												0	0	F	BLACK			
NBNORG0000062272	NHMSYS0000548030	Chromista		Bacillariophyceae	Naviculales	Pleurosigmataceae	Pleurosigma	Pleurosigma planktonicum		Species																																												0	0	F	BLACK			
NBNORG0000115717	NHMSYS0021058044	Chromista		Bacillariophyceae	Naviculales	Pleurosigmataceae	Pleurosigma	Pleurosigma simonsenii	Hasle, 1990	Species		Y			Y																																							0	0	F	BLACK			
NBNORG0000115617	NHMSYS0021058045	Chromista		Bacillariophyceae	Naviculales	Pleurosigmataceae	Pleurosigma	Pleurosigma strigosum	W.Smith, 1852	Species			Y																																									0	0	F	BLACK			
NBNORG0000068814	NHMSYS0000605613	Chromista		Bacillariophyceae	Triceratiales	Triceratiaceae	Pleurosira	Pleurosira laevis	(Ehrenb.) Compère	Species	Biddulphia laevis;Cerataulus laevis;Pleurosira laevis form polymorpha																																											4	0	C	GREEN		OTU_000199;OTU_002203	
NBNORG0000115589	NHMSYS0021058193	Chromista		Bacillariophyceae	Melosirales	Hyalodiscaceae	Podosira	Podosira stelligera	(J.W.Bailey) A.Mann, 1907	Species	Podosira stelliger				Y																																							2	0	E	RED		OTU_000185;OTU_002189	Hyalodiscus scoticus;Hyalodiscus sp.
NBNORG0000115046	NHMSYS0021058273	Chromista		Bacillariophyceae	Thalassiosirales	Thalassiosiraceae	Porosira	Porosira glacialis	(Grunow) Jörgensen, 1905	Species					Y																																							2	0	E	RED		OTU_000225;OTU_002229	Porosira pseudodenticulata
NBNORG0000122479	NHMSYS0021165258	Chromista		Bacillariophyceae	Naviculales	Stauroneidaceae	Prestauroneis	Prestauroneis integra	(W. Smith) K. Bruder in K. Bruder & L.K. Medlin, 2008	Species			Y																																									1	0	D	GREEN		OTU_003734	
NBNORG0000115038	NHMSYS0021058239	Chromista		Bacillariophyceae	Rhizosoleniales	Rhizosoleniaceae	Proboscia	Proboscia alata	(Brightwell) Sundström, 1986	Species					Y																																							0	0	F	BLACK			
NBNORG0000115037	NHMSYS0021058240	Chromista		Bacillariophyceae	Rhizosoleniales	Rhizosoleniaceae	Proboscia	Proboscia eumorpha	K.Takahashi, R.W.Jordan & J.Priddle, 1994	Species	Rhizosolenia obtusa																																											0	0	F	BLACK			
NBNORG0000068894	NHMSYS0000605733	Chromista		Bacillariophyceae	Bacillariales	Bacillariaceae	Psammodictyon	Psammodictyon constrictum	(Greg.) D.G. Mann in Round et al., 1990	Species	Tryblionella constricta																																											4	0	E	RED		OTU_000581;OTU_000652;OTU_002585	Psammodictyon panduriforme;Psammodictyon panduriforme var. continuum;Psammodictyon pustulatum;Psammodictyon sp.;Psammodictyon sp. szcze459
NBNORG0000068895	NHMSYS0000605734	Chromista		Bacillariophyceae	Bacillariales	Bacillariaceae	Psammodictyon	Psammodictyon panduriforme	(Greg.) D.G. Mann in Round et al., 1990	Species	Nitzschia panduriformis;Psammodictyon panduriforme var. minor;Psammodictyon panduriformis																																											3	0	E	RED		OTU_000581;OTU_000652	Psammodictyon constrictum;Psammodictyon panduriforme var. continuum;Psammodictyon pustulatum;Psammodictyon sp.;Psammodictyon sp. szcze459
NBNORG0000068897	NHMSYS0000605736	Chromista		Bacillariophyceae	Achnanthales	Achnanthidiaceae	Psammothidium	Psammothidium abundans	(Manguin in Bourelly et Manguin) L. Bukht. et Round, 1996	Species	Achnanthes abundans;Psammothidium abundans form rosenstockii																																											1	0	F	GREEN			
NBNORG0000122686	NHMSYS0021167927	Chromista		Bacillariophyceae	Achnanthales	Achnanthidiaceae	Psammothidium	Psammothidium acidoclinatum	(Lange-Bertalot) Lange-Bertalot, 1999	Species																																												0	0	F	BLACK			
NBNORG0000068899	NHMSYS0000605738	Chromista		Bacillariophyceae	Achnanthales	Achnanthidiaceae	Psammothidium	Psammothidium altaicum	(V.S. Poretsky) L. Bukht. in L. Bukht. et Round, 1996	Species	Achnanthes altaica;Achnanthes recurvata																																											0	0	F	BLACK			
NBNORG0000068900	NHMSYS0000605739	Chromista		Bacillariophyceae	Achnanthales	Achnanthidiaceae	Psammothidium	Psammothidium bioretii	(H. Germ.) L. Bukht. et Round, 1996	Species	Achnanthes bioretii																																											1	1	D	GREEN		OTU_002469	
NBNORG0000068901	NHMSYS0000605740	Chromista		Bacillariophyceae	Achnanthales	Achnanthidiaceae	Psammothidium	Psammothidium bristolicum	L. Bukht. in L. Bukht. et Round, 1996	Species																																												0	0	F	BLACK			
NBNORG0000068902	NHMSYS0000605741	Chromista		Bacillariophyceae	Achnanthales	Achnanthidiaceae	Psammothidium	Psammothidium buccolum	(Cholnoky) Bukh.	Species	Achnanthes buccola																																											0	0	F	BLACK			
NBNORG0000103613	NHMSYS0020748844	Chromista		Bacillariophyceae	Achnanthales	Achnanthidiaceae	Psammothidium	Psammothidium chlidanos	(Hohn et Hellerman) Lange-Bert.	Species																																												0	0	F	BLACK			
NBNORG0000122480	NHMSYS0021165358	Chromista		Bacillariophyceae	Achnanthales	Achnanthidiaceae	Psammothidium	Psammothidium daonense	(Lange-Bertalot) Lange-Bertalot, 1999	Species			Y																																									1	0	F	GREEN			
NBNORG0000068903	NHMSYS0000605742	Chromista		Bacillariophyceae	Achnanthales	Achnanthidiaceae	Psammothidium	Psammothidium didymum	(Hust.) L. Bukht. et Round, 1996	Species	Achnanthes didyma																																											0	0	F	BLACK			
NBNORG0000068904	NHMSYS0000605743	Chromista		Bacillariophyceae	Achnanthales	Achnanthidiaceae	Psammothidium	Psammothidium frigidum	(Hust.) L. Bukht. et Round, 1996	Species	Achnanthes frigida																																											0	0	F	BLACK			
NBNORG0000068905	NHMSYS0000605744	Chromista		Bacillariophyceae	Achnanthales	Achnanthidiaceae	Psammothidium	Psammothidium grishunum	(Wuthrich) L. Bukht. et Round, 1996	Species	Achnanthes grishunum;Psammothidium grishunum form daonensis																																											0	0	F	BLACK			
NBNORG0000068907	NHMSYS0000605746	Chromista		Bacillariophyceae	Achnanthales	Achnanthidiaceae	Psammothidium	Psammothidium helveticum	(Hust.) L. Bukht. et Round, 1996	Species	Achnanthes austriaca var. helvetica																																											1	0	D	GREEN		OTU_000465	
NBNORG0000068908	NHMSYS0000605747	Chromista		Bacillariophyceae	Achnanthales	Achnanthidiaceae	Psammothidium	Psammothidium investians	(J.R. Carter) L. Bukht. in L. Bukht. et Round, 1996	Species	Achnanthes investians																																											0	0	F	BLACK			
NBNORG0000068909	NHMSYS0000605748	Chromista		Bacillariophyceae	Achnanthales	Achnanthidiaceae	Psammothidium	Psammothidium kuelbsii	(Lange-Bert. in Lange-Bert. et Krammer) L. Bukht. et Round, 1996	Species	Achnanthes kuelbsii																																											0	0	F	BLACK			
NBNORG0000068910	NHMSYS0000605749	Chromista		Bacillariophyceae	Achnanthales	Achnanthidiaceae	Psammothidium	Psammothidium lacus-vulcani	(Lange-Bert. in Lange-Bert. et Krammer) L. Bukht. in L. Bukht. et	Species	Achnanthes lacus-vulcani																																											0	0	F	BLACK			
NBNORG0000068911	NHMSYS0000605750	Chromista		Bacillariophyceae	Achnanthales	Achnanthidiaceae	Psammothidium	Psammothidium lauenburgianum	(Hust.) L. Bukht. et Round, 1996	Species	Achnanthes lauenburgiana;Psammothidium lauenburgianaum																																											0	0	F	BLACK			
NBNORG0000068912	NHMSYS0000605751	Chromista		Bacillariophyceae	Achnanthales	Achnanthidiaceae	Psammothidium	Psammothidium levanderi	(Hust.) L. Bukht. et Round, 1996	Species	Achnanthes levanderi;Achnanthidium levanderi																																											0	0	F	BLACK			
NBNORG0000068913	NHMSYS0000605752	Chromista		Bacillariophyceae	Achnanthales	Achnanthidiaceae	Psammothidium	Psammothidium marginulatum	(Grunow) L. Bukht. et Round, 1996	Species	Achnanthes marginulata																																											0	0	F	BLACK			
NBNORG0000068914	NHMSYS0000605753	Chromista		Bacillariophyceae	Achnanthales	Achnanthidiaceae	Psammothidium	Psammothidium pseudoswazi	(J.R. Carter) L. Bukht. et Round, 1996	Species	Achnanathes pseudoswazi																																											1	1	D	GREEN		OTU_002433	
NBNORG0000068915	NHMSYS0000605754	Chromista		Bacillariophyceae	Achnanthales	Achnanthidiaceae	Psammothidium	Psammothidium punctulatum	(Simonsen) L. Bukht. et Round, 1996	Species	Achnanthes punctulata																																											0	0	F	BLACK			
NBNORG0000068916	NHMSYS0000605755	Chromista		Bacillariophyceae	Achnanthales	Achnanthidiaceae	Psammothidium	Psammothidium reversum	(Lange-Bert.) Bukht. et Round	Species	Achnanthes reversa																																											0	0	F	BLACK			
NBNORG0000068917	NHMSYS0000605756	Chromista		Bacillariophyceae	Achnanthales	Achnanthidiaceae	Psammothidium	Psammothidium rossii	(Hust.) L. Bukht. et Round, 1996	Species	Achnanthes rossii																																											0	0	F	BLACK			
NBNORG0000068918	NHMSYS0000605757	Chromista		Bacillariophyceae	Achnanthales	Achnanthidiaceae	Psammothidium	Psammothidium sacculus	(J.R.Carter) Bukht.	Species	Achnanthes saccula;Psammothidium sacculum																																											0	0	F	BLACK			
NBNORG0000068919	NHMSYS0000605758	Chromista		Bacillariophyceae	Achnanthales	Achnanthidiaceae	Psammothidium	Psammothidium scoticum	(Flower et Jones) L. Bukht. et Round, 1996	Species	Achnanthes scotica																																											0	0	F	BLACK			
NBNORG0000068920	NHMSYS0000605759	Chromista		Bacillariophyceae	Achnanthales	Achnanthidiaceae	Psammothidium	Psammothidium stauroneioidum	(Manguin) Bukht.	Species	Achnanthes stauroneioides																																											0	0	F	BLACK			
NBNORG0000068921	NHMSYS0000605760	Chromista		Bacillariophyceae	Achnanthales	Achnanthidiaceae	Psammothidium	Psammothidium strenzkei	(Hust.) L. Bukht. in L. Bukht. et Round, 1996	Species	Achnanthes strenzkei																																											0	0	F	BLACK			
NBNORG0000068922	NHMSYS0000605761	Chromista		Bacillariophyceae	Achnanthales	Achnanthidiaceae	Psammothidium	Psammothidium subatomoides	(Hust.) L. Bukht. et Round, 1996	Species	Achnanthes detha;Achnanthes subatomoides																																											0	0	F	BLACK			
NBNORG0000068923	NHMSYS0000605762	Chromista		Bacillariophyceae	Achnanthales	Achnanthidiaceae	Psammothidium	Psammothidium ventralis	(Krasske) L. Bukht. et Round, 1996	Species	Achnanthes kryophila var. protracta;Achnanthes sublaevis;Achnanthes ventralis																																											0	0	F	BLACK			
NBNORG0000115735	NHMSYS0021057986	Chromista		Bacillariophyceae	Bacillariales	Bacillariaceae	Pseudo-nitzschia	Pseudo-nitzschia australis	Frenguelli, 1939	Species					Y																																							0	0	F	BLACK			
NBNORG0000115758	NHMSYS0021057987	Chromista		Bacillariophyceae	Bacillariales	Bacillariaceae	Pseudo-nitzschia	Pseudo-nitzschia delicatissima	(Cleve) Heiden, 1928	Species					Y																																							47	0	E	RED		OTU_000119;OTU_000121;OTU_000125;OTU_001826;OTU_002123;OTU_002125;OTU_002129;OTU_003830	Pseudo-nitzschia arenysensis
NBNORG0000115759	NHMSYS0021057988	Chromista		Bacillariophyceae	Bacillariales	Bacillariaceae	Pseudo-nitzschia	Pseudo-nitzschia fraudulenta	(Cleve) Hasle, 1993	Species	Nitzschia fraudulenta				Y																																							7	0	C	GREEN		OTU_000113;OTU_002117	
NBNORG0000115744	NHMSYS0021057989	Chromista		Bacillariophyceae	Bacillariales	Bacillariaceae	Pseudo-nitzschia	Pseudo-nitzschia multiseries	(Hasle) Hasle, 1995	Species					Y																																							2	0	C	GREEN		OTU_000319;OTU_002323	
NBNORG0000115765	NHMSYS0021057990	Chromista		Bacillariophyceae	Bacillariales	Bacillariaceae	Pseudo-nitzschia	Pseudo-nitzschia pseudodelicatissima	(Hasle) Hasle, 1993	Species					Y																																							2	0	E	RED		OTU_000124;OTU_002128	Pseudo-nitzschia cuspidata
NBNORG0000115764	NHMSYS0021057991	Chromista		Bacillariophyceae	Bacillariales	Bacillariaceae	Pseudo-nitzschia	Pseudo-nitzschia pungens	(Grunow ex Cleve) G.R.Hasle, 1993	Species					Y																																							8	0	E	RED		OTU_000051;OTU_000116;OTU_002055;OTU_002120	Pseudo-nitzschia pungens var. pungens
NBNORG0000115763	NHMSYS0021057992	Chromista		Bacillariophyceae	Bacillariales	Bacillariaceae	Pseudo-nitzschia	Pseudo-nitzschia seriata	(Cleve) H.Peragallo, 1899	Species					Y																																							0	0	F	BLACK			
NBNORG0000122482	NHMSYS0021165311	Chromista		Bacillariophyceae	Naviculales	Naviculaceae	Pseudogomphonema	Pseudogomphonema kamschaticum	(Grunow) Medlin in Medlin & Round, 1986	Species			Y																																									1	0	D	GREEN		OTU_002644	
NBNORG0000063621	NHMSYS0000561874	Chromista		Bacillariophyceae	Coscinodiscales	Hemidiscaceae	Pseudoguinardia	Pseudoguinardia recta		Species																																												0	0	F	BLACK			
NBNORG0000115034	NHMSYS0021058244	Chromista		Bacillariophyceae	Rhizosoleniales	Rhizosoleniaceae	Pseudosolenia	Pseudosolenia calcar-avis	(Schultze) B.G.Sundström, 1986	Species					Y																																							2	0	C	GREEN		OTU_003027;OTU_003080	
NBNORG0000068961	NHMSYS0000605812	Chromista		Bacillariophyceae	Fragilariales	Fragilariaceae	Pseudostaurosira	Pseudostaurosira brevistriata	(Grunow in Van Heurck) D.M. Williams et Round, 1987	Species	Fragilaria brevistriata;Fragilaria brevistriata var. turgida;Pseudostaurosira brevistriata var. inflata;Pseudostaurosira brevistriata var. trigibba																																											6	2	E	RED		OTU_000020	Pseudostaurosira sp.
NBNORG0000107161	NHMSYS0020955233	Chromista		Bacillariophyceae	Fragilariales	Fragilariaceae	Pseudostaurosira	Pseudostaurosira medliniae	D.M. Williams & E.A. Morales, 2010	Species	Fragilaria zeilleri var. elliptica																																											0	0	F	BLACK			
NBNORG0000107162	NHMSYS0020955234	Chromista		Bacillariophyceae	Fragilariales	Fragilariaceae	Pseudostaurosira	Pseudostaurosira microstriata	(Marciniak) Flower, 2005	Species																																												0	0	F	BLACK			
NBNORG0000068963	NHMSYS0000605814	Chromista		Bacillariophyceae	Fragilariales	Fragilariaceae	Pseudostaurosira	Pseudostaurosira pseudoconstruens	(Marciniak) D.M. Williams et Round, 1987	Species	Fragilaria pseudoconstruens																																											0	0	F	BLACK			
NBNORG0000068964	NHMSYS0000605815	Chromista		Bacillariophyceae	Fragilariales	Fragilariaceae	Pseudostaurosira	Pseudostaurosira robusta	(Fusey) D.M. Williams et Round, 1987	Species	Fragilaria pseudoconstruens var. binodis;Fragilaria robusta																																											0	0	F	BLACK			
NBNORG0000122687	NHMSYS0021167933	Chromista		Bacillariophyceae	Fragilariales	Fragilariaceae	Pseudostaurosira	Pseudostaurosira shiloi	(J.J.Lee, C.W.Reimer, & M.E.McEnery) G.M.Hallegraeff & M.A.Burford	Species																																												0	0	F	BLACK			
NBNORG0000107163	NHMSYS0020955235	Chromista		Bacillariophyceae	Fragilariales	Fragilariaceae	Pseudostaurosira	Pseudostaurosira zeilleri	(Héribaud-Joseph) D.M. Williams & Round, 1988	Species																																												0	0	F	BLACK			
NBNORG0000122661	NHMSYS0021168105	Chromista		Bacillariophyceae	Striatellales		Pseudostriatella	Pseudostriatella pacifica	S. Sato & L. Medlin, 2007	Species																																												2	0	C	GREEN		OTU_000573;OTU_002577	
NBNORG0000068975	NHMSYS0000605830	Chromista		Bacillariophyceae	Fragilariales	Fragilariaceae	Punctastriata	Punctastriata linearis	D.M. Williams et Round, 1987	Species																																												0	0	F	BLACK			
NBNORG0000068976	NHMSYS0000605831	Chromista		Bacillariophyceae	Fragilariales	Fragilariaceae	Punctastriata	Punctastriata ovalis	D.M. Williams et Round, 1987	Species																																												0	0	F	BLACK			
NBNORG0000069009	NHMSYS0000605886	Chromista		Bacillariophyceae	Cymbellales	Gomphonemataceae	Reimeria	Reimeria sinuata	(Greg.) Kociolek et Stoermer, 1987	Species	Cymbella sinuata;Reimeria sinuata form antiqua;Reimeria sinuata form ovata																																											5	2	C	GREEN		OTU_000015;OTU_002019	
NBNORG0000075753	NHMSYS0001388917	Chromista		Bacillariophyceae	Cymbellales	Gomphonemataceae	Reimeria	Reimeria uniseriata	Sala, Guerrero & Ferrario	Species																																												0	0	F	BLACK			
NBNORG0000115103	NHMSYS0021058324	Chromista		Bacillariophyceae	Rhabdonematales	Rhabdonemataceae	Rhabdonema	Rhabdonema adriaticum	Kützing, 1844	Species					Y																																							2	0	C	GREEN		OTU_002892;OTU_002939	
NBNORG0000115102	NHMSYS0021058325	Chromista		Bacillariophyceae	Rhabdonematales	Rhabdonemataceae	Rhabdonema	Rhabdonema minutum	Kützing, 1844	Species					Y																																							1	0	F	GREEN			
NBNORG0000115538	NHMSYS0021058059	Chromista		Bacillariophyceae	Rhaponeidales	Rhaphoneidaceae	Rhaphoneis	Rhaphoneis amphiceros	(Ehrenberg) Ehrenberg, 1844	Species					Y																																							2	0	C	GREEN		OTU_001359;OTU_003363	
NBNORG0000115024	NHMSYS0021058245	Chromista		Bacillariophyceae	Rhizosoleniales	Rhizosoleniaceae	Rhizosolenia	Rhizosolenia acuminata	(H.Peragallo) H.Peragallo, 1907	Species					Y																																							0	0	F	BLACK			
NBNORG0000062355	NHMSYS0000548116	Chromista		Bacillariophyceae	Rhizosoleniales	Rhizosoleniaceae	Rhizosolenia	Rhizosolenia alata	Brightwell, 1858	Species	Rhizosolenia alata form alata;Rhizosolenia alata form curvirostris;Rhizosolenia alata form gracillima;Rhizosolenia alata form indica																																											0	0	F	BLACK			
NBNORG0000063683	NHMSYS0000561960	Chromista		Bacillariophyceae	Rhizosoleniales	Rhizosoleniaceae	Rhizosolenia	Rhizosolenia arafurensis		Species																																												0	0	F	BLACK			
NBNORG0000115032	NHMSYS0021058246	Chromista		Bacillariophyceae	Rhizosoleniales	Rhizosoleniaceae	Rhizosolenia	Rhizosolenia bergonii	H.Peragallo, 1892	Species																																												0	0	F	BLACK			
NBNORG0000115779	NHMSYS0021108313	Chromista		Bacillariophyceae	Rhizosoleniales	Rhizosoleniaceae	Rhizosolenia	Rhizosolenia borealis	B.G.Sundström, 1986	Species																																												0	0	F	BLACK			
NBNORG0000115040	NHMSYS0021058247	Chromista		Bacillariophyceae	Rhizosoleniales	Rhizosoleniaceae	Rhizosolenia	Rhizosolenia castracanei	H.Peragallo, 1888	Species					Y																																							0	0	F	BLACK			
NBNORG0000107172	NHMSYS0020955244	Chromista		Bacillariophyceae	Rhizosoleniales	Rhizosoleniaceae	Rhizosolenia	Rhizosolenia chunii	Karsten, 1905	Species					Y																																							0	0	F	BLACK			
NBNORG0000125672	NHMSYS0021200904	Chromista		Bacillariophyceae	Rhizosoleniales	Rhizosoleniaceae	Rhizosolenia	Rhizosolenia cylindrus	Cleve, 1897	Species	Guinardia cylindrus				Y																																							0	0	F	BLACK			
NBNORG0000062360	NHMSYS0000548121	Chromista		Bacillariophyceae	Rhizosoleniales	Rhizosoleniaceae	Rhizosolenia	Rhizosolenia delicatula	Cleve, 1900	Species	Guinardia delicatula																																											4	0	C	BLUE		OTU_001005;OTU_002243;OTU_003009	
NBNORG0000125674	NHMSYS0021200910	Chromista		Bacillariophyceae	Rhizosoleniales	Rhizosoleniaceae	Rhizosolenia	Rhizosolenia flaccida	Castracane, 1886	Species	Guinardia flaccida				Y																																							0	0	F	BLACK			
NBNORG0000115030	NHMSYS0021058248	Chromista		Bacillariophyceae	Rhizosoleniales	Rhizosoleniaceae	Rhizosolenia	Rhizosolenia hebetata	J.W.Bailey, 1856	Species	Rhizosolenia hebetata f. hebetata;Rhizosolenia hebetata form hebetata;Rhizosolenia hebetata form hiemalis;Rhizosolenia hebetata form semispina				Y																																							0	0	F	BLACK			
NBNORG0000115027	NHMSYS0021058251	Chromista		Bacillariophyceae	Rhizosoleniales	Rhizosoleniaceae	Rhizosolenia	Rhizosolenia imbricata	Brightwell, 1858	Species					Y																																							0	0	F	BLACK			
NBNORG0000125676	NHMSYS0021200916	Chromista		Bacillariophyceae	Rhizosoleniales	Rhizosoleniaceae	Rhizosolenia	Rhizosolenia phuketensis	B.G.Sundström, 1980	Species					Y																																							0	0	F	BLACK			
NBNORG0000062366	NHMSYS0000548127	Chromista		Bacillariophyceae	Rhizosoleniales	Rhizosoleniaceae	Rhizosolenia	Rhizosolenia robusta	G.Norman ex Ralfs, 1861	Species	Rhizosolenia robusta var. robusta																																											0	0	F	BLACK			
NBNORG0000125678	NHMSYS0021200922	Chromista		Bacillariophyceae	Rhizosoleniales	Rhizosoleniaceae	Rhizosolenia	Rhizosolenia semispina	Hensen, 1887	Species	Rhizosolenia hebetata f. semispina				Y																																							0	0	F	BLACK			
NBNORG0000062367	NHMSYS0000548128	Chromista		Bacillariophyceae	Rhizosoleniales	Rhizosoleniaceae	Rhizosolenia	Rhizosolenia setigera	Brightwell, 1858	Species	Rhizosolenia setigera f. pungens				Y																																							8	0	C	GREEN		OTU_000179;OTU_000559;OTU_002183;OTU_002563	
NBNORG0000062368	NHMSYS0000548129	Chromista		Bacillariophyceae	Rhizosoleniales	Rhizosoleniaceae	Rhizosolenia	Rhizosolenia shrubsolei	Cleve, 1881	Species																																												3	0	C	GREEN		OTU_000855;OTU_002851;OTU_002859	
NBNORG0000062369	NHMSYS0000548130	Chromista		Bacillariophyceae	Rhizosoleniales	Rhizosoleniaceae	Rhizosolenia	Rhizosolenia stolterforthii	H. Peragallo, 1888	Species																																												0	0	F	BLACK			
NBNORG0000115047	NHMSYS0021058254	Chromista		Bacillariophyceae	Rhizosoleniales	Rhizosoleniaceae	Rhizosolenia	Rhizosolenia styliformis	T.Brightwell, 1858	Species					Y																																							0	0	F	BLACK			
NBNORG0000125679	NHMSYS0021200928	Chromista		Bacillariophyceae	Rhizosoleniales	Rhizosoleniaceae	Rhizosolenia	Rhizosolenia truncata	G.Karsten, 1905	Species	Proboscia truncata				Y																																							1	0	D	BLUE		OTU_003650	
NBNORG0000069023	NHMSYS0000605911	Chromista		Bacillariophyceae	Cymbellales	Rhoicospheniaceae	Rhoicosphenia	Rhoicosphenia abbreviata	(C.Agardh) Lange-Bert., 1980	Species	Rhoicosphenia curvata																																											7	1	C	GREEN		OTU_000449;OTU_002453;OTU_003664;OTU_003948	
NBNORG0000069024	NHMSYS0000605913	Chromista		Bacillariophyceae	Cymbellales	Rhoicospheniaceae	Rhoicosphenia	Rhoicosphenia flexa	Giffen	Species																																												0	0	F	BLACK			
NBNORG0000069025	NHMSYS0000605914	Chromista		Bacillariophyceae	Cymbellales	Rhoicospheniaceae	Rhoicosphenia	Rhoicosphenia pullus	M. Schmidt, 1899	Species																																												0	0	F	BLACK			
NBNORG0000069026	NHMSYS0000605915	Chromista		Bacillariophyceae	Cymbellales	Rhoicospheniaceae	Rhoicosphenia	Rhoicosphenia stauroneiformis	Salah, 1955	Species																																												0	0	F	BLACK			
NBNORG0000069028	NHMSYS0000605917	Chromista		Bacillariophyceae	Rhopalodiales	Rhopalodiaceae	Rhopalodia	Rhopalodia acuminata	Krammer, 1987	Species	Rhopalodia acuminata var. protracta																																											0	0	F	BLACK			
NBNORG0000069030	NHMSYS0000605919	Chromista		Bacillariophyceae	Rhopalodiales	Rhopalodiaceae	Rhopalodia	Rhopalodia brebissonii	Krammer, 1987	Species																																												0	0	F	BLACK			
NBNORG0000069031	NHMSYS0000605920	Chromista		Bacillariophyceae	Rhopalodiales	Rhopalodiaceae	Rhopalodia	Rhopalodia constricta	(W. Sm.) Krammer, 1987	Species																																												0	0	F	BLACK			
NBNORG0000069032	NHMSYS0000605921	Chromista		Bacillariophyceae	Rhopalodiales	Rhopalodiaceae	Rhopalodia	Rhopalodia dubia	(H. Perag. et Perag.) Paddock et P.A. Sims	Species																																												0	0	F	BLACK			
NBNORG0000069033	NHMSYS0000605922	Chromista		Bacillariophyceae	Rhopalodiales	Rhopalodiaceae	Rhopalodia	Rhopalodia gibba	(Ehrenb.) O. Müll., 1895	Species	Rhopalodia gibba var. minuta;Rhopalodia gibba var. parallela;Rhopalodia gibba var. ventricosa																																											0	0	F	BLACK			
NBNORG0000069037	NHMSYS0000605927	Chromista		Bacillariophyceae	Rhopalodiales	Rhopalodiaceae	Rhopalodia	Rhopalodia gibberula	(Ehrenb.) O. Müll., 1899	Species	Rhopalodia gibberula var. producta;Rhopalodia gibberula var. protracta;Rhopalodia gibberula var. rupestris;Rhopalodia gibberula var. vanheurckii																																											0	0	F	BLACK			
NBNORG0000122688	NHMSYS0021167945	Chromista		Bacillariophyceae	Rhopalodiales	Rhopalodiaceae	Rhopalodia	Rhopalodia hirundiniformis	Müller, 1895	Species																																												0	0	F	BLACK			
NBNORG0000069042	NHMSYS0000605932	Chromista		Bacillariophyceae	Rhopalodiales	Rhopalodiaceae	Rhopalodia	Rhopalodia musculus	(Kütz.) O. Müll.	Species																																												0	0	F	BLACK			
NBNORG0000069043	NHMSYS0000605934	Chromista		Bacillariophyceae	Rhopalodiales	Rhopalodiaceae	Rhopalodia	Rhopalodia operculata	(Agardh) Håk., 1979	Species	Rhopalodia operculata var. constricta																																											0	0	F	BLACK			
NBNORG0000069045	NHMSYS0000605937	Chromista		Bacillariophyceae	Rhopalodiales	Rhopalodiaceae	Rhopalodia	Rhopalodia rupestris	(W. Sm.) Krammer, 1987	Species																																												0	0	F	BLACK			
NBNORG0000122485	NHMSYS0021165359	Chromista		Bacillariophyceae	Achnanthales	Achnanthidiaceae	Rossithidium	Rossithidium anastasiae	(Kaczmarska) Potapova	Species			Y																																									1	0	F	GREEN			
NBNORG0000069058	NHMSYS0000605958	Chromista		Bacillariophyceae	Achnanthales	Achnanthidiaceae	Rossithidium	Rossithidium linearis	(W. Sm.) Round et L. Bukht., 1996	Species	Achnanthes linearis																																											0	0	F	BLACK			
NBNORG0000107174	NHMSYS0020955246	Chromista		Bacillariophyceae	Achnanthales	Achnanthidiaceae	Rossithidium	Rossithidium nodosum	(Cleve) M. Aboal, 2003	Species																																												0	0	F	BLACK			
NBNORG0000107175	NHMSYS0020955247	Chromista		Bacillariophyceae	Achnanthales	Achnanthidiaceae	Rossithidium	Rossithidium petersenii	(Hustedt) Round & L. Bukhtiyarova ex Aboal, 2003	Species	Achnanthes pusilla var. petersenii;Rossithidium petersennii																																											0	0	F	BLACK			
NBNORG0000069059	NHMSYS0000605960	Chromista		Bacillariophyceae	Achnanthales	Achnanthidiaceae	Rossithidium	Rossithidium pusillum	(Grunow) Round et L. Bukht., 1996	Species	Achnanthes pusilla																																											0	0	F	BLACK			
NBNORG0000122662	NHMSYS0021168111	Chromista		Bacillariophyceae	Thalassiosirales	Thalassiosiraceae	Roundia	Roundia cardiophora	(F.E.Round) I.V.Makarova	Species																																												1	0	D	GREEN		OTU_003133	
NBNORG0000062379	NHMSYS0000548141	Chromista		Bacillariophyceae	Melosirales	Melosiraceae	Schroederella	Schroederella delicatula	(H. Peragallo) Pavillard, 1913	Species																																												0	0	F	BLACK			
NBNORG0000069147	NHMSYS0000606109	Chromista		Bacillariophyceae	Naviculales	Scolioneidaceae	Scolioneis	Scolioneis tumida	(Bréb. ex Kütz.) D.G.Mann	Species	Navicula tumida;Scolioneis tumida var. adriatica																																											0	0	F	BLACK			
NBNORG0000122689	NHMSYS0021167957	Chromista		Bacillariophyceae	Naviculales	Scoliotropidaceae	Scoliopleura	Scoliopleura peisonis	Grunow, 1860	Species																																												1	0	D	GREEN		OTU_002506	
NBNORG0000069148	NHMSYS0000606110	Chromista		Bacillariophyceae	Naviculales	Scoliotropidaceae	Scoliopleura	Scoliopleura tumida	(Bréb. ex Kütz.) Rabenh.	Species	Scoliopleura tumida var. adriatica																																											0	0	F	BLACK			
NBNORG0000122486	NHMSYS0021165360	Chromista		Bacillariophyceae	Naviculales	Sellaphoraceae	Sellaphora	Sellaphora absoluta	(Hust.) C.E. Wetzel, Ector, Van de Vijver et D.G. Mann, 2015	Species	Navicula absoluta;Navicula hustedtii var. obtusa;Naviculadicta absoluta		Y																																									0	0	F	BLACK			
NBNORG0000069171	NHMSYS0000606150	Chromista		Bacillariophyceae	Naviculales	Sellaphoraceae	Sellaphora	Sellaphora americana	(Ehrenb.) D.G. Mann, 1989	Species	Navicula americana																																											0	0	F	BLACK			
NBNORG0000122487	NHMSYS0021165361	Chromista		Bacillariophyceae	Naviculales	Sellaphoraceae	Sellaphora	Sellaphora arvensis	(Hust.) C.E. Wetzel, Ector et Ector, 2015	Species			Y																																									0	0	F	BLACK			
NBNORG0000122488	NHMSYS0021165372	Chromista		Bacillariophyceae	Naviculales	Sellaphoraceae	Sellaphora	Sellaphora atomoides	(Grunow) C.E. Wetzel & van de Vijver in Wetzel et al., 2015	Species			Y																																									0	0	F	BLACK			
NBNORG0000122489	NHMSYS0021165367	Chromista		Bacillariophyceae	Naviculales	Sellaphoraceae	Sellaphora	Sellaphora auldreekie	D.G.Mann & S.M.McDonald, 2004	Species			Y																																									10	2	E	RED		OTU_000707;OTU_002711	Sellaphora pupula
NBNORG0000107182	NHMSYS0020955255	Chromista		Bacillariophyceae	Naviculales	Sellaphoraceae	Sellaphora	Sellaphora bacilloides	(Hustedt) Z. Levkov et al	Species																																												0	0	F	BLACK			
NBNORG0000069172	NHMSYS0000606151	Chromista		Bacillariophyceae	Naviculales	Sellaphoraceae	Sellaphora	Sellaphora bacillum	(Ehrenb.) D.G. Mann, 1989	Species	Navicula bacillum;Sellaphora bacillum var. gregoryana;Sellaphora bacillum var. lepida																																											4	0	C	GREEN		OTU_000804;OTU_002808	
NBNORG0000122690	NHMSYS0021167963	Chromista		Bacillariophyceae	Naviculales	Sellaphoraceae	Sellaphora	Sellaphora bisexualis	D.G. Mann & K.M. Evans in Mann et al., 2009	Species																																												2	0	E	RED		OTU_000703	Sellaphora blackfordensis;Sellaphora pupula
NBNORG0000122490	NHMSYS0021165368	Chromista		Bacillariophyceae	Naviculales	Sellaphoraceae	Sellaphora	Sellaphora blackfordensis	D.G.Mann & S.Droop, 2004	Species			Y																																									9	0	E	RED		OTU_000700;OTU_000703;OTU_002704	Sellaphora bisexualis;Sellaphora caput;Sellaphora pupula
NBNORG0000122491	NHMSYS0021165369	Chromista		Bacillariophyceae	Naviculales	Sellaphoraceae	Sellaphora	Sellaphora capitata	D.G.Mann & S.M.McDonald in D.G.Mann et al. 2004	Species			Y																																									6	0	E	RED		OTU_000704;OTU_002708	Sellaphora pupula
NBNORG0000122492	NHMSYS0021165370	Chromista		Bacillariophyceae	Naviculales	Sellaphoraceae	Sellaphora	Sellaphora caput	K.M.Evans & D.G.Mann, 2009	Species			Y																																									2	0	E	RED		OTU_000700;OTU_003699	Sellaphora blackfordensis;Sellaphora pupula
NBNORG0000122493	NHMSYS0021165362	Chromista		Bacillariophyceae	Naviculales	Sellaphoraceae	Sellaphora	Sellaphora difficillima	(Hust.) C.E. Wetzel, Ector et D.G. Mann, 2015	Species			Y																																									0	0	F	BLACK			
NBNORG0000069175	NHMSYS0000606154	Chromista		Bacillariophyceae	Naviculales	Sellaphoraceae	Sellaphora	Sellaphora disjuncta	(Hust.) D.G. Mann, 1989	Species	Navicula disjuncta																																											0	0	F	BLACK			
NBNORG0000107183	NHMSYS0020955256	Chromista		Bacillariophyceae	Naviculales	Sellaphoraceae	Sellaphora	Sellaphora joubaudii	(Germain) Aboal in Aboal, Alvarez-Cobelas, Cambra & Ector, 2003	Species																																												0	0	F	BLACK			
NBNORG0000069176	NHMSYS0000606155	Chromista		Bacillariophyceae	Naviculales	Sellaphoraceae	Sellaphora	Sellaphora laevissima	(Kütz.) D.G. Mann, 1989	Species	Navicula laevissima;Sellaphora laevissima var. perhibita																																											6	0	C	GREEN		OTU_000697;OTU_000702;OTU_002701;OTU_002706	
NBNORG0000122494	NHMSYS0021165371	Chromista		Bacillariophyceae	Naviculales	Sellaphoraceae	Sellaphora	Sellaphora lanceolata	D.G.Mann & S.Droop, 2004	Species			Y																																									2	0	C	GREEN		OTU_000708;OTU_002712	
NBNORG0000107184	NHMSYS0020955257	Chromista		Bacillariophyceae	Naviculales	Sellaphoraceae	Sellaphora	Sellaphora minima	(Grunow) Mann, 1990	Species																																												0	0	F	BLACK			
NBNORG0000069177	NHMSYS0000606156	Chromista		Bacillariophyceae	Naviculales	Sellaphoraceae	Sellaphora	Sellaphora mutata	(Krasske) Lange-Bert. et Moser, 1994	Species	Navicula sellaphora var. mutata																																											0	0	F	BLACK			
NBNORG0000122495	NHMSYS0021165373	Chromista		Bacillariophyceae	Naviculales	Sellaphoraceae	Sellaphora	Sellaphora nigrii	(De Not.) C.E. Wetzel & Ector in Wetzel et al., 2015	Species			Y																																									0	0	F	BLACK			
NBNORG0000122496	NHMSYS0021165313	Chromista		Bacillariophyceae	Naviculales	Sellaphoraceae	Sellaphora	Sellaphora obesa	D.G.Mann & M.M.Bayer, 2004	Species			Y																																									1	0	D	GREEN		OTU_003700	
NBNORG0000069178	NHMSYS0000606157	Chromista		Bacillariophyceae	Naviculales	Sellaphoraceae	Sellaphora	Sellaphora parapupula	Lange-Bert.	Species	Navicula sellaphora var. capitata;Sellaphora parapula																																											0	0	F	BLACK			
NBNORG0000122497	NHMSYS0021165260	Chromista		Bacillariophyceae	Naviculales	Sellaphoraceae	Sellaphora	Sellaphora pseudopupula	(Krasske) Lange-Bertalot in Lange-Bertalot et al., 1996	Species			Y																																									1	0	D	GREEN		OTU_003780	
NBNORG0000129565	NHMSYS0021235343	Chromista		Bacillariophyceae	Naviculales	Sellaphoraceae	Sellaphora	Sellaphora pseudoventralis	(Hustedt) Chudaev & Gololobova	Species	Navicula pseudoventralis;Naviculadicta pseudoventralis			Y																																								0	0	F	BLACK			
NBNORG0000069179	NHMSYS0000606158	Chromista		Bacillariophyceae	Naviculales	Sellaphoraceae	Sellaphora	Sellaphora pupula	(Kütz.) Mereschk., 1902	Species	Sellaphora pupula form rostrata;Sellaphora pupula var. aquaeductae;Sellaphora pupula var. elliptica;Sellaphora pupula var. pseudopupula;Sellaphora pupula var. rectangularis																																											78	2	E	RED		OTU_000698;OTU_000700;OTU_000701;OTU_000703;OTU_000704;OTU_000706;OTU_000707;OTU_000713;OTU_000714;OTU_000715;OTU_000810;OTU_000959;OTU_001088;OTU_001695;OTU_001701;OTU_001770;OTU_002702;OTU_002705;OTU_002707;OTU_002709;OTU_002710;OTU_002717;OTU_002718;OTU_002719;OTU_002814;OTU_002963;OTU_002965;OTU_003092;OTU_003701;OTU_003702;OTU_003703;OTU_003704;OTU_003705;OTU_003706;OTU_003707;OTU_003708;OTU_003709;OTU_003773;OTU_003774;OTU_003775;OTU_003963	Sellaphora auldreekie;Sellaphora bisexualis;Sellaphora blackfordensis;Sellaphora capitata;Sellaphora caput
NBNORG0000122498	NHMSYS0021165366	Chromista		Bacillariophyceae	Naviculales	Sellaphoraceae	Sellaphora	Sellaphora rotunda	(Hust.) C.E. Wetzel, Ector, Van de Vijver, Compére et D.G. Mann, 2015	Species			Y																																									0	0	F	BLACK			
NBNORG0000122499	NHMSYS0021165374	Chromista		Bacillariophyceae	Naviculales	Sellaphoraceae	Sellaphora	Sellaphora saugerressi	(Desm.) C.E. Wetzel & D.M. Mann in Wetzel et al., 2015	Species			Y																																									0	0	F	BLACK			
NBNORG0000069184	NHMSYS0000606163	Chromista		Bacillariophyceae	Naviculales	Sellaphoraceae	Sellaphora	Sellaphora seminulum	(Grunow) D.G. Mann, 1989	Species	Navicula seminulum																																											1	1	D	GREEN		OTU_002452	
NBNORG0000107185	NHMSYS0020955258	Chromista		Bacillariophyceae	Naviculales	Sellaphoraceae	Sellaphora	Sellaphora stroemii	(Hustedt) H. Kobayasi in S. Mayama, M. Idei, K. Osada & T. Nagumo, 2002	Species																																												0	0	F	BLACK			
NBNORG0000122500	NHMSYS0021165363	Chromista		Bacillariophyceae	Naviculales	Sellaphoraceae	Sellaphora	Sellaphora submuralis	(Hust.) C.E. Wetzel, Ecor, Van de Vijver, Compére et D.G. Mann, 2015	Species			Y																																									0	0	F	BLACK			
NBNORG0000122501	NHMSYS0021165364	Chromista		Bacillariophyceae	Naviculales	Sellaphoraceae	Sellaphora	Sellaphora subrotundata	(Hust.) C.E. Wetzel, Ector, Van de Vijver, Compére et D.G. Mann, 2015	Species			Y																																									0	0	F	BLACK			
NBNORG0000122502	NHMSYS0021165365	Chromista		Bacillariophyceae	Naviculales	Sellaphoraceae	Sellaphora	Sellaphora utermoehlii	(Hust.) C.E. Wetzel et D.G. Mann, 2015	Species			Y																																									0	0	F	BLACK			
NBNORG0000069185	NHMSYS0000606164	Chromista		Bacillariophyceae	Naviculales	Sellaphoraceae	Sellaphora	Sellaphora vitabunda	(Hust.) D.G. Mann, 1989	Species	Navicula vitabunda;Naviucla verecunda																																											0	0	F	BLACK			
NBNORG0000122504	NHMSYS0021165376	Chromista		Bacillariophyceae	Naviculales	Naviculaceae	Seminavis	Seminavis robusta	D.B.Danielidis & D.G.Mann, 2002	Species			Y																																									145	0	C	GREEN		OTU_000642;OTU_001308;OTU_002646;OTU_003312	
NBNORG0000069187	NHMSYS0000606166	Chromista		Bacillariophyceae	Eunotiales	Eunotiaceae	Semiorbis	Semiorbis hemicyclus	(Ehrenb.) R.M. Patrick in R.M. Patrick et Reimer, 1966	Species	Amphicampa hemicyclus;Eunotia hemicyclus																																											0	0	F	BLACK			
NBNORG0000122649	NHMSYS0021168117	Chromista		Bacillariophyceae	Thalassiosirales	Thalassiosiraceae	Shionodiscus	Shionodiscus ritscheri	(Hustedt) Alverson, Kang & Theriot, 2006	Species																																												1	0	D	GREEN		OTU_002156	
NBNORG0000122691	NHMSYS0021167969	Chromista		Bacillariophyceae	Bacillariales	Bacillariaceae	Simonsenia	Simonsenia aveniformis	A.Witkowski, A.Gomes & E.Gusev in Witkowski et al., 2015	Species																																												1	0	D	GREEN		OTU_002356	
NBNORG0000069193	NHMSYS0000606176	Chromista		Bacillariophyceae	Bacillariales	Bacillariaceae	Simonsenia	Simonsenia delognei	(Grunow in Van Heurck) Lange-Bert., 1979	Species	Nitzschia delognei																																											1	0	D	GREEN		OTU_003928	
NBNORG0000062389	NHMSYS0000548151	Chromista		Bacillariophyceae	Thalassiosirales	Skeletonemaceae	Skeletonema	Skeletonema costatum	(Greville) Cleve, 1873	Species					Y																																							8	0	E	RED		OTU_000155;OTU_000719;OTU_002723;OTU_003203	Skeletonema dohrnii;Skeletonema grethae;Skeletonema japonicum;Skeletonema marinoi;Skeletonema sp.
NBNORG0000069202	NHMSYS0000606188	Chromista		Bacillariophyceae	Thalassiosirales	Skeletonemaceae	Skeletonema	Skeletonema mirabile	Grunow	Species																																												0	0	F	BLACK			
NBNORG0000069203	NHMSYS0000606189	Chromista		Bacillariophyceae	Thalassiosirales	Skeletonemaceae	Skeletonema	Skeletonema potamos	(Weber) Hasle	Species																																												2	0	C	GREEN		OTU_000256;OTU_002260	
NBNORG0000069204	NHMSYS0000606190	Chromista		Bacillariophyceae	Thalassiosirales	Skeletonemaceae	Skeletonema	Skeletonema subsalsum	(A.Cleve) Bethge	Species																																												10	0	C	GREEN		OTU_000157;OTU_002161	
NBNORG0000125696	NHMSYS0021201006	Chromista		Bacillariophyceae	Asterolamprales	Asterolampraceae	Spatangidium	Spatangidium heptactis	Brébisson, 1857	Species	Asteromphalus heptactis				Y																																							0	0	F	BLACK			
NBNORG0000069670	NHMSYS0000606775	Chromista		Bacillariophyceae	Naviculales	Stauroneidaceae	Stauroneis	Stauroneis acuta	W. Sm., 1853	Species																																												1	0	D	GREEN		OTU_002198	
NBNORG0000069671	NHMSYS0000606776	Chromista		Bacillariophyceae	Naviculales	Stauroneidaceae	Stauroneis	Stauroneis agrestis	J.B. Petersen, 1915	Species																																												0	0	F	BLACK			
NBNORG0000069672	NHMSYS0000606777	Chromista		Bacillariophyceae	Naviculales	Stauroneidaceae	Stauroneis	Stauroneis alpina	Hust., 1943	Species																																												0	0	F	BLACK			
NBNORG0000069673	NHMSYS0000606778	Chromista		Bacillariophyceae	Naviculales	Stauroneidaceae	Stauroneis	Stauroneis amphoroides	Grunow ex A. Schmidt, 1875	Species																																												0	0	F	BLACK			
NBNORG0000069674	NHMSYS0000606779	Chromista		Bacillariophyceae	Naviculales	Stauroneidaceae	Stauroneis	Stauroneis anceps	Ehrenb., 1843	Species	Stauroneis anceps form gracilis;Stauroneis anceps form linearis;Stauroneis anceps var. hyalina;Stauroneis anceps var. javanica;Stauroneis anceps var. rhomboidalis;Stauroneis anceps var. siberica																																											2	0	C	GREEN		OTU_003232;OTU_003731	
NBNORG0000069679	NHMSYS0000606787	Chromista		Bacillariophyceae	Naviculales	Stauroneidaceae	Stauroneis	Stauroneis biundulata	A. Cleve, 1934	Species																																												0	0	F	BLACK			
NBNORG0000069680	NHMSYS0000606788	Chromista		Bacillariophyceae	Naviculales	Stauroneidaceae	Stauroneis	Stauroneis borrichii	(J.B. Petersen) Lund, 1946	Species																																												0	0	F	BLACK			
NBNORG0000069681	NHMSYS0000606789	Chromista		Bacillariophyceae	Naviculales	Stauroneidaceae	Stauroneis	Stauroneis branderii	Hust., 1959	Species	Caloneis branderii																																											0	0	F	BLACK			
NBNORG0000069682	NHMSYS0000606790	Chromista		Bacillariophyceae	Naviculales	Stauroneidaceae	Stauroneis	Stauroneis constricta	Ehrenb., 1843	Species																																												0	0	F	BLACK			
NBNORG0000069683	NHMSYS0000606792	Chromista		Bacillariophyceae	Naviculales	Stauroneidaceae	Stauroneis	Stauroneis decipiens	Hust., 1959	Species	Stauronella decipiens																																											0	0	F	BLACK			
NBNORG0000069684	NHMSYS0000606793	Chromista		Bacillariophyceae	Naviculales	Stauroneidaceae	Stauroneis	Stauroneis dilatata	Ehrenb., 1843	Species																																												0	0	F	BLACK			
NBNORG0000069685	NHMSYS0000606794	Chromista		Bacillariophyceae	Naviculales	Stauroneidaceae	Stauroneis	Stauroneis dubitabilis	Hust., 1959	Species																																												0	0	F	BLACK			
NBNORG0000069686	NHMSYS0000606795	Chromista		Bacillariophyceae	Naviculales	Stauroneidaceae	Stauroneis	Stauroneis elata	Hust., 1959	Species																																												0	0	F	BLACK			
NBNORG0000122505	NHMSYS0021165314	Chromista		Bacillariophyceae	Naviculales	Stauroneidaceae	Stauroneis	Stauroneis gracilior	E. Reichardt, 1995	Species			Y																																									1	0	D	GREEN		OTU_003758	
NBNORG0000069687	NHMSYS0000606796	Chromista		Bacillariophyceae	Naviculales	Stauroneidaceae	Stauroneis	Stauroneis gracillima	Hust., 1943	Species	Nupela gracillima																																											0	0	F	BLACK			
NBNORG0000125703	NHMSYS0021201036	Chromista		Bacillariophyceae	Naviculales	Stauroneidaceae	Stauroneis	Stauroneis granii	E.Jorgensen, 1905	Species					Y																																							0	0	F	BLACK			
NBNORG0000069688	NHMSYS0000606798	Chromista		Bacillariophyceae	Naviculales	Stauroneidaceae	Stauroneis	Stauroneis javanica	(Grunow) Cleve, 1894	Species	Stauroneis javanica form lapponica																																											0	0	F	BLACK			
NBNORG0000069690	NHMSYS0000606800	Chromista		Bacillariophyceae	Naviculales	Stauroneidaceae	Stauroneis	Stauroneis joignerezii	Fusey, 1950	Species																																												0	0	F	BLACK			
NBNORG0000069691	NHMSYS0000606801	Chromista		Bacillariophyceae	Naviculales	Stauroneidaceae	Stauroneis	Stauroneis kriegeri	R.M. Patrick, 1945	Species	Stauroneis kriegeri form undulata																																											3	0	C	GREEN		OTU_001741;OTU_003727;OTU_003745	
NBNORG0000069693	NHMSYS0000606803	Chromista		Bacillariophyceae	Naviculales	Stauroneidaceae	Stauroneis	Stauroneis lapidicola	J.B. Petersen, 1928	Species																																												0	0	F	BLACK			
NBNORG0000069694	NHMSYS0000606804	Chromista		Bacillariophyceae	Naviculales	Stauroneidaceae	Stauroneis	Stauroneis lapponica	A. Cleve, 1895	Species																																												0	0	F	BLACK			
NBNORG0000069695	NHMSYS0000606805	Chromista		Bacillariophyceae	Naviculales	Stauroneidaceae	Stauroneis	Stauroneis laterostrata	Hust., 1943	Species																																												0	0	F	BLACK			
NBNORG0000069696	NHMSYS0000606806	Chromista		Bacillariophyceae	Naviculales	Stauroneidaceae	Stauroneis	Stauroneis lauenburgiana	Hust., 1950	Species																																												0	0	F	BLACK			
NBNORG0000069697	NHMSYS0000606807	Chromista		Bacillariophyceae	Naviculales	Stauroneidaceae	Stauroneis	Stauroneis legumen	(Ehrenb.) Kütz., 1844	Species																																												0	0	F	BLACK			
NBNORG0000069698	NHMSYS0000606808	Chromista		Bacillariophyceae	Naviculales	Stauroneidaceae	Stauroneis	Stauroneis lundii	Hust., 1959	Species																																												0	0	F	BLACK			
NBNORG0000069699	NHMSYS0000606809	Chromista		Bacillariophyceae	Naviculales	Stauroneidaceae	Stauroneis	Stauroneis membranacea	(Cleve) Hust.	Species																																												0	0	F	BLACK			
NBNORG0000069700	NHMSYS0000606810	Chromista		Bacillariophyceae	Naviculales	Stauroneidaceae	Stauroneis	Stauroneis montana	Krasske ex Hust., 1930	Species																																												0	0	F	BLACK			
NBNORG0000069701	NHMSYS0000606811	Chromista		Bacillariophyceae	Naviculales	Stauroneidaceae	Stauroneis	Stauroneis muriella	Lund, 1946	Species																																												0	0	F	BLACK			
NBNORG0000069702	NHMSYS0000606812	Chromista		Bacillariophyceae	Naviculales	Stauroneidaceae	Stauroneis	Stauroneis nana	Hust., 1957	Species																																												0	0	F	BLACK			
NBNORG0000069703	NHMSYS0000606813	Chromista		Bacillariophyceae	Naviculales	Stauroneidaceae	Stauroneis	Stauroneis nobilis	Schum., 1867	Species																																												0	0	F	BLACK			
NBNORG0000069704	NHMSYS0000606814	Chromista		Bacillariophyceae	Naviculales	Stauroneidaceae	Stauroneis	Stauroneis obtusa	Lagerst., 1873	Species																																												0	0	F	BLACK			
NBNORG0000069705	NHMSYS0000606815	Chromista		Bacillariophyceae	Naviculales	Stauroneidaceae	Stauroneis	Stauroneis palustris	Hust., 1945	Species																																												0	0	F	BLACK			
NBNORG0000123426	NHMSYS0021182450	Chromista		Bacillariophyceae	Naviculales	Stauroneidaceae	Stauroneis	Stauroneis parathermicola	Lange-Bert.	Species				Y																																								0	0	F	BLACK			
NBNORG0000069706	NHMSYS0000606816	Chromista		Bacillariophyceae	Naviculales	Stauroneidaceae	Stauroneis	Stauroneis phoenicenteron	(Nitzsch) Ehrenb., 1843	Species	Stauroneis phoenicenteron form gracilis;Stauroneis phoenicenteron var. brunii																																											4	1	E	RED		OTU_000456;OTU_002460;OTU_003744	Stauroneis sp.
NBNORG0000069709	NHMSYS0000606819	Chromista		Bacillariophyceae	Naviculales	Stauroneidaceae	Stauroneis	Stauroneis producta	Grunow in Van Heurck, 1880	Species																																												0	0	F	BLACK			
NBNORG0000069710	NHMSYS0000606820	Chromista		Bacillariophyceae	Naviculales	Stauroneidaceae	Stauroneis	Stauroneis prominula	(Grunow) Hust., 1959	Species																																												0	0	F	BLACK			
NBNORG0000069711	NHMSYS0000606821	Chromista		Bacillariophyceae	Naviculales	Stauroneidaceae	Stauroneis	Stauroneis pseudosuboptusoides	H. Germ., 1981	Species																																												0	0	F	BLACK			
NBNORG0000069712	NHMSYS0000606822	Chromista		Bacillariophyceae	Naviculales	Stauroneidaceae	Stauroneis	Stauroneis quadripedis	(A. Cleve) Hendey, 1964	Species																																												0	0	F	BLACK			
NBNORG0000069713	NHMSYS0000606823	Chromista		Bacillariophyceae	Naviculales	Stauroneidaceae	Stauroneis	Stauroneis recondita	Krasske, 1937	Species																																												0	0	F	BLACK			
NBNORG0000069714	NHMSYS0000606826	Chromista		Bacillariophyceae	Naviculales	Stauroneidaceae	Stauroneis	Stauroneis schimanskii	Krammer, 1985	Species																																												0	0	F	BLACK			
NBNORG0000122692	NHMSYS0021167975	Chromista		Bacillariophyceae	Naviculales	Stauroneidaceae	Stauroneis	Stauroneis schmidiae	R. Jahn & N Abraca in Zimmerman et al., 2014	Species																																												2	0	F	GREEN			
NBNORG0000069715	NHMSYS0000606827	Chromista		Bacillariophyceae	Naviculales	Stauroneidaceae	Stauroneis	Stauroneis septentrionalis	Grunow, 1884	Species																																												0	0	F	BLACK			
NBNORG0000069716	NHMSYS0000606828	Chromista		Bacillariophyceae	Naviculales	Stauroneidaceae	Stauroneis	Stauroneis simulans	(Donkin) R. Ross in B. Hartley, 1986	Species																																												0	0	F	BLACK			
NBNORG0000069717	NHMSYS0000606829	Chromista		Bacillariophyceae	Naviculales	Stauroneidaceae	Stauroneis	Stauroneis smithii	Grunow, 1860	Species	Stauroneis smithii var. borgei;Stauroneis smithii var. incisa;Stauroneis smithii var. sagitta																																											0	0	F	BLACK			
NBNORG0000069721	NHMSYS0000606834	Chromista		Bacillariophyceae	Naviculales	Stauroneidaceae	Stauroneis	Stauroneis subalpina	J.R. Carter, 1981	Species																																												0	0	F	BLACK			
NBNORG0000107195	NHMSYS0020955269	Chromista		Bacillariophyceae	Naviculales	Stauroneidaceae	Stauroneis	Stauroneis tackei	(Hustedt) Krammer & Lange-Bertalot, 1985	Species																																												0	0	F	BLACK			
NBNORG0000069722	NHMSYS0000606836	Chromista		Bacillariophyceae	Naviculales	Stauroneidaceae	Stauroneis	Stauroneis thermicola	(J.B. Petersen) Lund, 1946	Species																																												0	0	F	BLACK			
NBNORG0000069723	NHMSYS0000606837	Chromista		Bacillariophyceae	Naviculales	Stauroneidaceae	Stauroneis	Stauroneis undata	Hust., 1939	Species																																												0	0	F	BLACK			
NBNORG0000069725	NHMSYS0000606841	Chromista		Bacillariophyceae	Cymbellales	Anomoeoneidaceae	Staurophora	Staurophora amphioxys	(Greg.) D.G. Mann in Round et al., 1990	Species	Staurophora amphioxys var. obtusa																																											0	0	F	BLACK			
NBNORG0000069727	NHMSYS0000606843	Chromista		Bacillariophyceae	Cymbellales	Anomoeoneidaceae	Staurophora	Staurophora rossii	(Hendey) D.G. Mann in Round et al., 1990	Species	Stauroneis rossii																																											0	0	F	BLACK			
NBNORG0000069728	NHMSYS0000606844	Chromista		Bacillariophyceae	Cymbellales	Anomoeoneidaceae	Staurophora	Staurophora salina	(W. Sm.) Mereschk., 1903	Species	Stauroneis salina																																											0	0	F	BLACK			
NBNORG0000069729	NHMSYS0000606845	Chromista		Bacillariophyceae	Cymbellales	Anomoeoneidaceae	Staurophora	Staurophora wislouchii	(V.S. Poretsky et Anisimova) D.G. Mann in Round et al., 1990	Species	Stauroneis wislouchii																																											0	0	F	BLACK			
NBNORG0000069731	NHMSYS0000606847	Chromista		Bacillariophyceae	Fragilariales	Fragilariaceae	Staurosira	Staurosira construens	Ehrenb., 1843	Species	Fragilaria construens;Staurosira construens var. binodis;Staurosira construens var. exigua;Staurosira construens var. pumila;Staurosira construens var. triundulata;Staurosira construens var. venter																																											2	0	E	RED		OTU_000022;OTU_002205	Staurosira martyi;Staurosira sp.
NBNORG0000069736	NHMSYS0000606853	Chromista		Bacillariophyceae	Fragilariales	Fragilariaceae	Staurosira	Staurosira elliptica	(Schum.) D.M. Williams et Round, 1987	Species	Fragilaria elliptica																																											2	0	E	RED		OTU_000024;OTU_002028	Staurosira venter
NBNORG0000091406	NHMSYS0020063227	Chromista		Bacillariophyceae	Fragilariales	Fragilariaceae	Staurosira	Staurosira oldenburgiana	(Hust.) Lange-Bert. 2000	Species																																												0	0	F	BLACK			
NBNORG0000122506	NHMSYS0021165237	Chromista		Bacillariophyceae	Fragilariales	Fragilariaceae	Staurosira	Staurosira subsalina	(Hustedt) Lange-Bertalot, 2000	Species	Fragilaria construens var. subsalina;Pseudostaurosira subsalina;Staurosira construens form subsalina;Staurosira construens var. subsalina		Y																																									0	0	F	BLACK			
NBNORG0000122507	NHMSYS0021165377	Chromista		Bacillariophyceae	Fragilariales	Fragilariaceae	Staurosira	Staurosira venter	(Ehrenberg) Grunow in Pantocsek, 1889	Species			Y																																									6	6	E	RED		OTU_000024;OTU_000430;OTU_002434	Staurosira elliptica
NBNORG0000069738	NHMSYS0000606855	Chromista		Bacillariophyceae	Fragilariales	Fragilariaceae	Staurosirella	Staurosirella africana	(Hust.) D.M. Williams et Round, 1987	Species	Fragilaria africana																																											0	0	F	BLACK			
NBNORG0000069739	NHMSYS0000606856	Chromista		Bacillariophyceae	Fragilariales	Fragilariaceae	Staurosirella	Staurosirella berolinensis	(Lemmerm.) Bukht., 1995	Species	Fragilaria berolinensis;Synedra berolinensis																																											0	0	F	BLACK			
NBNORG0000069740	NHMSYS0000606857	Chromista		Bacillariophyceae	Fragilariales	Fragilariaceae	Staurosirella	Staurosirella lapponica	(J.R. Carter) L. Bukht. in L. Bukht. et Round, 1996	Species	Fragilaria lapponica																																											0	0	F	BLACK			
NBNORG0000069741	NHMSYS0000606858	Chromista		Bacillariophyceae	Fragilariales	Fragilariaceae	Staurosirella	Staurosirella leptostauron	(Ehrenb.) D.M. Williams et Round, 1987	Species	Fragilaria leptostauron;Staurosirella leptostauron var. dubia																																											0	0	F	BLACK			
NBNORG0000069743	NHMSYS0000606860	Chromista		Bacillariophyceae	Fragilariales	Fragilariaceae	Staurosirella	Staurosirella pinnata	(Ehrenb.) D.M. Williams et Round, 1987	Species	Fragilaria pinnata;Staurosirella pinnata var. intercedens;Staurosirella pinnata var. lancettula;Staurosirella pinnata var. trigona																																											0	0	F	BLACK			
NBNORG0000069746	NHMSYS0000606867	Chromista		Bacillariophyceae	Surirellales	Surirellaceae	Stenopterobia	Stenopterobia anceps	(Lewis) Bréb. ex Van Heurck, 1896	Species	Surirella anceps																																											0	0	F	BLACK			
NBNORG0000069747	NHMSYS0000606868	Chromista		Bacillariophyceae	Surirellales	Surirellaceae	Stenopterobia	Stenopterobia curvula	(W. Sm.) Krammer, 1987	Species	Surirella intermedia																																											0	0	F	BLACK			
NBNORG0000069748	NHMSYS0000606869	Chromista		Bacillariophyceae	Surirellales	Surirellaceae	Stenopterobia	Stenopterobia delicatissima	(Lewis) Bréb. ex Van Heurck, 1896	Species	Stenopterobia delicatissima form longirostris;Surirella delicatissima																																											0	0	F	BLACK			
NBNORG0000069749	NHMSYS0000606870	Chromista		Bacillariophyceae	Surirellales	Surirellaceae	Stenopterobia	Stenopterobia densestriata	(Hust.) Krammer, 1987	Species	Stenopterobia intermedia form densestriata																																											0	0	F	BLACK			
NBNORG0000122508	NHMSYS0021165378	Chromista		Bacillariophyceae	Surirellales	Surirellaceae	Stenopterobia	Stenopterobia pumila	Lange-Bertalot & U.Rumrich in U.Rumrich, Lange-Bertalot & M.Rumrich, 2000	Species			Y																																									0	0	F	BLACK			
NBNORG0000069750	NHMSYS0000606872	Chromista		Bacillariophyceae	Surirellales	Surirellaceae	Stenopterobia	Stenopterobia sigmatella	(Greg.) R. Ross in B. Hartley, 1986	Species	Stenopterobia sigmatella var. capitata																																											0	0	F	BLACK			
NBNORG0000069753	NHMSYS0000606875	Chromista		Bacillariophyceae	Thalassiosirales	Stephanodiscaceae	Stephanocostis	Stephanocostis chantaicus	Genkal et Kuzmin	Species																																												0	0	F	BLACK			
NBNORG0000069755	NHMSYS0000606877	Chromista		Bacillariophyceae	Thalassiosirales	Stephanodiscaceae	Stephanodiscus	Stephanodiscus aegyptiacus	Ehrenb.	Species																																												0	0	F	BLACK			
NBNORG0000069756	NHMSYS0000606878	Chromista		Bacillariophyceae	Thalassiosirales	Stephanodiscaceae	Stephanodiscus	Stephanodiscus agassizensis	Håk. et Kling	Species																																												1	0	E	RED		OTU_000130	Stephanodiscus binatus;Stephanodiscus binderanus;Stephanodiscus cf. akanensis;Stephanodiscus hantzschii;Stephanodiscus minutulus;Stephanodiscus neglectus;Stephanodiscus neoastraea;Stephanodiscus sp.
NBNORG0000069757	NHMSYS0000606879	Chromista		Bacillariophyceae	Thalassiosirales	Stephanodiscaceae	Stephanodiscus	Stephanodiscus alpinus	Hust.	Species																																												0	0	F	BLACK			
NBNORG0000069758	NHMSYS0000606880	Chromista		Bacillariophyceae	Thalassiosirales	Stephanodiscaceae	Stephanodiscus	Stephanodiscus atmosphaerica	(Ehrenb.) Håk. et Locker	Species																																												0	0	F	BLACK			
NBNORG0000069759	NHMSYS0000606881	Chromista		Bacillariophyceae	Thalassiosirales	Stephanodiscaceae	Stephanodiscus	Stephanodiscus berolinensis	Ehrenb.	Species																																												0	0	F	BLACK			
NBNORG0000069760	NHMSYS0000606882	Chromista		Bacillariophyceae	Thalassiosirales	Stephanodiscaceae	Stephanodiscus	Stephanodiscus binderanus	(Kütz.) Willi Krieg.	Species																																												2	0	E	RED		OTU_000130	Stephanodiscus agassizensis;Stephanodiscus binatus;Stephanodiscus cf. akanensis;Stephanodiscus hantzschii;Stephanodiscus minutulus;Stephanodiscus neglectus;Stephanodiscus neoastraea;Stephanodiscus sp.
NBNORG0000069761	NHMSYS0000606883	Chromista		Bacillariophyceae	Thalassiosirales	Stephanodiscaceae	Stephanodiscus	Stephanodiscus excentricus	Hust.	Species																																												0	0	F	BLACK			
NBNORG0000069762	NHMSYS0000606884	Chromista		Bacillariophyceae	Thalassiosirales	Stephanodiscaceae	Stephanodiscus	Stephanodiscus galileensis	Håk. et Ehrlich	Species																																												0	0	F	BLACK			
NBNORG0000069763	NHMSYS0000606885	Chromista		Bacillariophyceae	Thalassiosirales	Stephanodiscaceae	Stephanodiscus	Stephanodiscus hantzschii	Grunow	Species	Stephanodiscus hantzschii form tenuis																																											8	1	E	RED		OTU_000130;OTU_002134	Stephanodiscus agassizensis;Stephanodiscus binatus;Stephanodiscus binderanus;Stephanodiscus cf. akanensis;Stephanodiscus minutulus;Stephanodiscus neglectus;Stephanodiscus neoastraea;Stephanodiscus sp.
NBNORG0000069765	NHMSYS0000606889	Chromista		Bacillariophyceae	Thalassiosirales	Stephanodiscaceae	Stephanodiscus	Stephanodiscus irregularis	Druart, Reymond Pelletier et Gasse	Species																																												0	0	F	BLACK			
NBNORG0000069766	NHMSYS0000606890	Chromista		Bacillariophyceae	Thalassiosirales	Stephanodiscaceae	Stephanodiscus	Stephanodiscus lucens	Hust.	Species																																												0	0	F	BLACK			
NBNORG0000069767	NHMSYS0000606891	Chromista		Bacillariophyceae	Thalassiosirales	Stephanodiscaceae	Stephanodiscus	Stephanodiscus medius	Håk.	Species																																												0	0	F	BLACK			
NBNORG0000069768	NHMSYS0000606892	Chromista		Bacillariophyceae	Thalassiosirales	Stephanodiscaceae	Stephanodiscus	Stephanodiscus minor	Reverdin	Species																																												0	0	F	BLACK			
NBNORG0000069769	NHMSYS0000606893	Chromista		Bacillariophyceae	Thalassiosirales	Stephanodiscaceae	Stephanodiscus	Stephanodiscus minutulus	(Kütz.) Cleve et V.Möller	Species	Cyclotella minutula;Stephanodiscus rotula var. minutulus																																											4	0	E	RED		OTU_000130	Stephanodiscus agassizensis;Stephanodiscus binatus;Stephanodiscus binderanus;Stephanodiscus cf. akanensis;Stephanodiscus hantzschii;Stephanodiscus neglectus;Stephanodiscus neoastraea;Stephanodiscus sp.
NBNORG0000069770	NHMSYS0000606894	Chromista		Bacillariophyceae	Thalassiosirales	Stephanodiscaceae	Stephanodiscus	Stephanodiscus neoastraea	Håk. et Hickel	Species	Stephanodiscus heterostylus																																											2	0	E	RED		OTU_000130;OTU_003853	Stephanodiscus agassizensis;Stephanodiscus binatus;Stephanodiscus binderanus;Stephanodiscus cf. akanensis;Stephanodiscus hantzschii;Stephanodiscus minutulus;Stephanodiscus neglectus;Stephanodiscus sp.
NBNORG0000069771	NHMSYS0000606895	Chromista		Bacillariophyceae	Thalassiosirales	Stephanodiscaceae	Stephanodiscus	Stephanodiscus niagarae	Ehrenb.	Species	Stephanodiscus niagarae var. magnifica																																											3	0	E	RED		OTU_000163;OTU_002167	Stephanodiscus reimerii;Stephanodiscus yellowstonensis
NBNORG0000069773	NHMSYS0000606897	Chromista		Bacillariophyceae	Thalassiosirales	Stephanodiscaceae	Stephanodiscus	Stephanodiscus oregonicus	(Ehrenb.) Håk.	Species																																												0	0	F	BLACK			
NBNORG0000069774	NHMSYS0000606898	Chromista		Bacillariophyceae	Thalassiosirales	Stephanodiscaceae	Stephanodiscus	Stephanodiscus parvus	Stoermer et Håk.	Species																																												0	0	F	BLACK			
NBNORG0000069775	NHMSYS0000606899	Chromista		Bacillariophyceae	Thalassiosirales	Stephanodiscaceae	Stephanodiscus	Stephanodiscus rotula	(Kütz.) Hendey	Species																																												0	0	F	BLACK			
NBNORG0000069776	NHMSYS0000606901	Chromista		Bacillariophyceae	Thalassiosirales	Stephanodiscaceae	Stephanodiscus	Stephanodiscus subtilis	(Goor) A.Cleve	Species																																												0	0	F	BLACK			
NBNORG0000069777	NHMSYS0000606902	Chromista		Bacillariophyceae	Thalassiosirales	Stephanodiscaceae	Stephanodiscus	Stephanodiscus transsylvanicus	Pant.	Species																																												0	0	F	BLACK			
NBNORG0000069778	NHMSYS0000606903	Chromista		Bacillariophyceae	Thalassiosirales	Stephanodiscaceae	Stephanodiscus	Stephanodiscus vestibulis	Håk., Theriot et Stoermer	Species																																												0	0	F	BLACK			
NBNORG0000122509	NHMSYS0021165379	Chromista		Bacillariophyceae	Thalassiosirales	Stephanodiscaceae	Stephanodiscus	Stephanodiscus yellowstonensis	E.C.Theriot & Stoermer	Species			Y																																									1	0	E	RED		OTU_000163	Stephanodiscus niagarae;Stephanodiscus reimerii
NBNORG0000062397	NHMSYS0000548162	Chromista		Bacillariophyceae	Melosirales	Stephanopyxidaceae	Stephanopyxis	Stephanopyxis palmeriana	(Greville) Grunow, 1884	Species					Y																																							1	0	D	GREEN		OTU_003836	
NBNORG0000115083	NHMSYS0021058203	Chromista		Bacillariophyceae	Melosirales	Stephanopyxidaceae	Stephanopyxis	Stephanopyxis turris	(Greville) Ralfs, 1861	Species					Y																																							3	0	C	GREEN		OTU_000241;OTU_002245;OTU_002564	
NBNORG0000062400	NHMSYS0000548165	Chromista		Bacillariophyceae	Lithodesmiales	Lithodesmiaceae	Streptotheca	Streptotheca tamesis	Shrubsole, 1891	Species																																												0	0	F	BLACK			
NBNORG0000069825	NHMSYS0000606967	Chromista		Bacillariophyceae	Surirellales	Surirellaceae	Surirella	Surirella amphioxys	W. Sm., 1856	Species																																												0	0	F	BLACK			
NBNORG0000069826	NHMSYS0000606969	Chromista		Bacillariophyceae	Surirellales	Surirellaceae	Surirella	Surirella angusta	Kütz., 1844	Species																																												5	3	E	RED		OTU_000021	Surirella cf. pinnata;Surirella ovalis var. apiculata
NBNORG0000069827	NHMSYS0000606970	Chromista		Bacillariophyceae	Surirellales	Surirellaceae	Surirella	Surirella astridae	Hust., 1925	Species																																												0	0	F	BLACK			
NBNORG0000069828	NHMSYS0000606971	Chromista		Bacillariophyceae	Surirellales	Surirellaceae	Surirella	Surirella asymmetrica	Østrup, 1918	Species																																												0	0	F	BLACK			
NBNORG0000069829	NHMSYS0000606972	Chromista		Bacillariophyceae	Surirellales	Surirellaceae	Surirella	Surirella barrowcliffia	Donkin, 1869	Species																																												0	0	F	BLACK			
NBNORG0000069830	NHMSYS0000606973	Chromista		Bacillariophyceae	Surirellales	Surirellaceae	Surirella	Surirella bifrons	Ehrenb., 1843	Species	Surirella biseriata var. bifrons																																											0	0	F	BLACK			
NBNORG0000069831	NHMSYS0000606974	Chromista		Bacillariophyceae	Surirellales	Surirellaceae	Surirella	Surirella birostrata	Hust., 1912	Species																																												0	0	F	BLACK			
NBNORG0000069832	NHMSYS0000606975	Chromista		Bacillariophyceae	Surirellales	Surirellaceae	Surirella	Surirella biseriata	Bréb. in Bréb. et Godey, 1835	Species	Surirella biseriata form minor;Surirella biseriata form punctata;Surirella biseriata var. bicuspidata;Surirella biseriata var. bifrons;Surirella biseriata var. constricta		Y																																									0	0	F	BLACK			
NBNORG0000069837	NHMSYS0000606981	Chromista		Bacillariophyceae	Surirellales	Surirellaceae	Surirella	Surirella bohemica	Maly, 1895	Species																																												0	0	F	BLACK			
NBNORG0000069838	NHMSYS0000606982	Chromista		Bacillariophyceae	Surirellales	Surirellaceae	Surirella	Surirella brebissonii	Krammer et Lange-Bert., 1987	Species	Surirella brebissonii var. kuetzingii;Surirella brebissonii var. punctata																																											6	5	E	RED		OTU_000276	Surirella brightwellii;Surirella cf. minuta;Surirella lacrimula;Surirella sp.
NBNORG0000069841	NHMSYS0000606985	Chromista		Bacillariophyceae	Surirellales	Surirellaceae	Surirella	Surirella brightwellii	W. Sm., 1853	Species	Surirella brightwellii var. baltica;Surirella ovalis var. brightwellii																																											2	0	E	RED		OTU_000276	Surirella brebissonii;Surirella brebissonii var. kuetzingii;Surirella cf. minuta;Surirella lacrimula;Surirella sp.
NBNORG0000069843	NHMSYS0000606987	Chromista		Bacillariophyceae	Surirellales	Surirellaceae	Surirella	Surirella capronii	Bréb. in Kitton, 1869	Species	Surirella capronii var. calcarata																																											0	0	F	BLACK			
NBNORG0000069845	NHMSYS0000606989	Chromista		Bacillariophyceae	Surirellales	Surirellaceae	Surirella	Surirella caspia	Brun, 1891	Species																																												0	0	F	BLACK			
NBNORG0000069846	NHMSYS0000606990	Chromista		Bacillariophyceae	Surirellales	Surirellaceae	Surirella	Surirella constricta	W. Sm., 1851	Species																																												0	0	F	BLACK			
NBNORG0000122511	NHMSYS0021165381	Chromista		Bacillariophyceae	Surirellales	Surirellaceae	Surirella	Surirella costata	Jurilj, 1949	Species			Y																																									0	0	F	BLACK			
NBNORG0000069847	NHMSYS0000606991	Chromista		Bacillariophyceae	Surirellales	Surirellaceae	Surirella	Surirella cruciata	A. Schmidt, 1877	Species																																												0	0	F	BLACK			
NBNORG0000069848	NHMSYS0000606992	Chromista		Bacillariophyceae	Surirellales	Surirellaceae	Surirella	Surirella crumena	Bréb. ex Kütz.	Species	Surirella ovata var. crumena																																											0	0	F	BLACK			
NBNORG0000069849	NHMSYS0000606995	Chromista		Bacillariophyceae	Surirellales	Surirellaceae	Surirella	Surirella didyma	Kütz., 1844	Species																																												0	0	F	BLACK			
NBNORG0000069850	NHMSYS0000606996	Chromista		Bacillariophyceae	Surirellales	Surirellaceae	Surirella	Surirella elegans	Ehrenb. (1841), 1843	Species																																												0	0	F	BLACK			
NBNORG0000069851	NHMSYS0000606997	Chromista		Bacillariophyceae	Surirellales	Surirellaceae	Surirella	Surirella fluminensis	Grunow, 1862	Species																																												0	0	F	BLACK			
NBNORG0000069852	NHMSYS0000606998	Chromista		Bacillariophyceae	Surirellales	Surirellaceae	Surirella	Surirella gemma	(Ehrenb.) Kütz., 1841	Species																																												0	0	F	BLACK			
NBNORG0000069853	NHMSYS0000606999	Chromista		Bacillariophyceae	Surirellales	Surirellaceae	Surirella	Surirella gracilis	(W. Sm.) Grunow, 1862	Species																																												0	0	F	BLACK			
NBNORG0000069854	NHMSYS0000607000	Chromista		Bacillariophyceae	Surirellales	Surirellaceae	Surirella	Surirella hastata	A. Schmidt, 1875	Species																																												0	0	F	BLACK			
NBNORG0000122512	NHMSYS0021165382	Chromista		Bacillariophyceae	Surirellales	Surirellaceae	Surirella	Surirella helissella	Jurilj, 1954	Species			Y																																									0	0	F	BLACK			
NBNORG0000069855	NHMSYS0000607001	Chromista		Bacillariophyceae	Surirellales	Surirellaceae	Surirella	Surirella helvetica	Brun, 1880	Species	Surirella helvetica var. tibetica;Surirella linearis var. helvetica																																											0	0	F	BLACK			
NBNORG0000069857	NHMSYS0000607003	Chromista		Bacillariophyceae	Surirellales	Surirellaceae	Surirella	Surirella hispida	R. Ross et Hartley et al. (1986) in, 1949	Species																																												0	0	F	BLACK			
NBNORG0000069858	NHMSYS0000607004	Chromista		Bacillariophyceae	Surirellales	Surirellaceae	Surirella	Surirella hoefleri	Hust., 1959	Species																																												0	0	F	BLACK			
NBNORG0000069859	NHMSYS0000607005	Chromista		Bacillariophyceae	Surirellales	Surirellaceae	Surirella	Surirella hybrida	Grunow in Van Heurck, 1881	Species																																												0	0	F	BLACK			
NBNORG0000122513	NHMSYS0021165383	Chromista		Bacillariophyceae	Surirellales	Surirellaceae	Surirella	Surirella iconella	A.Jurilj	Species			Y																																									0	0	F	BLACK			
NBNORG0000122514	NHMSYS0021165384	Chromista		Bacillariophyceae	Surirellales	Surirellaceae	Surirella	Surirella imbuta	Jurilj, 1949	Species			Y																																									0	0	F	BLACK			
NBNORG0000069860	NHMSYS0000607007	Chromista		Bacillariophyceae	Surirellales	Surirellaceae	Surirella	Surirella islandica	Østrup, 1918	Species																																												0	0	F	BLACK			
NBNORG0000069861	NHMSYS0000607008	Chromista		Bacillariophyceae	Surirellales	Surirellaceae	Surirella	Surirella ladogensis	Weisse, 1864	Species																																												0	0	F	BLACK			
NBNORG0000069862	NHMSYS0000607009	Chromista		Bacillariophyceae	Surirellales	Surirellaceae	Surirella	Surirella lapponica	A. Cleve, 1895	Species																																												0	0	F	BLACK			
NBNORG0000069863	NHMSYS0000607010	Chromista		Bacillariophyceae	Surirellales	Surirellaceae	Surirella	Surirella linearis	W. Sm., 1853	Species	Surirella linearis var. constricta																																											0	0	F	BLACK			
NBNORG0000122515	NHMSYS0021165385	Chromista		Bacillariophyceae	Surirellales	Surirellaceae	Surirella	Surirella lineopunctata	Jurilj, 1949	Species			Y																																									0	0	F	BLACK			
NBNORG0000069865	NHMSYS0000607013	Chromista		Bacillariophyceae	Surirellales	Surirellaceae	Surirella	Surirella minima	R. Ross et Hartley et al. (1986) in, 1949	Species																																												0	0	F	BLACK			
NBNORG0000069871	NHMSYS0021058051	Chromista		Bacillariophyceae	Surirellales	Surirellaceae	Surirella	Surirella minuta	Brébisson, 1849	Species	Surirella ovalis var. salina;Surirella ovata;Surirella ovata var. aequalis;Surirella ovata var. minuta;Surirella ovata var. salina				Y																																							2	0	C	GREEN		OTU_002025;OTU_002280	
NBNORG0000069867	NHMSYS0000607015	Chromista		Bacillariophyceae	Surirellales	Surirellaceae	Surirella	Surirella moelleriana	Grunow ex Möller, 1868	Species																																												0	0	F	BLACK			
NBNORG0000069868	NHMSYS0000607016	Chromista		Bacillariophyceae	Surirellales	Surirellaceae	Surirella	Surirella nana	A. Cleve, 1915	Species																																												0	0	F	BLACK			
NBNORG0000069869	NHMSYS0000607018	Chromista		Bacillariophyceae	Surirellales	Surirellaceae	Surirella	Surirella ovalis	Bréb., 1838	Species	Surirella ovalis var. maxima																																											4	0	E	RED		OTU_000242;OTU_002246	Surirella cf. ovalis;Surirella sp.
NBNORG0000069874	NHMSYS0000607027	Chromista		Bacillariophyceae	Surirellales	Surirellaceae	Surirella	Surirella pandura	H. Perag. et Perag., 1897-8	Species																																												0	0	F	BLACK			
NBNORG0000069875	NHMSYS0000607028	Chromista		Bacillariophyceae	Surirellales	Surirellaceae	Surirella	Surirella patella	Kütz., 1844	Species																																												0	0	F	BLACK			
NBNORG0000069876	NHMSYS0000607030	Chromista		Bacillariophyceae	Surirellales	Surirellaceae	Surirella	Surirella pyriformis	Kitt. ex A. Schmidt, 1875	Species																																												0	0	F	BLACK			
NBNORG0000069877	NHMSYS0000607031	Chromista		Bacillariophyceae	Surirellales	Surirellaceae	Surirella	Surirella rhombica	A. Cleve in Backman et A. Cleve, 1922	Species																																												0	0	F	BLACK			
NBNORG0000069878	NHMSYS0000607032	Chromista		Bacillariophyceae	Surirellales	Surirellaceae	Surirella	Surirella roba	Leclercq, 1983	Species																																												0	0	F	BLACK			
NBNORG0000069879	NHMSYS0000607033	Chromista		Bacillariophyceae	Surirellales	Surirellaceae	Surirella	Surirella robusta	Ehrenb., 1841	Species																																												0	0	F	BLACK			
NBNORG0000069880	NHMSYS0000607035	Chromista		Bacillariophyceae	Surirellales	Surirellaceae	Surirella	Surirella saxonica	Auersw. ex Rabenh., 1861	Species																																												0	0	F	BLACK			
NBNORG0000069881	NHMSYS0000607036	Chromista		Bacillariophyceae	Surirellales	Surirellaceae	Surirella	Surirella simplex	A. Cleve, 1939	Species																																												0	0	F	BLACK			
NBNORG0000115544	NHMSYS0021058053	Chromista		Bacillariophyceae	Surirellales	Surirellaceae	Surirella	Surirella smithii	Ralfs, 1861	Species																																												0	0	F	BLACK			
NBNORG0000069883	NHMSYS0000607038	Chromista		Bacillariophyceae	Surirellales	Surirellaceae	Surirella	Surirella spiralis	Kütz., 1844	Species																																												0	0	F	BLACK			
NBNORG0000069884	NHMSYS0000607039	Chromista		Bacillariophyceae	Surirellales	Surirellaceae	Surirella	Surirella splendida	(Ehrenb.) Kütz., 1844	Species	Surirella robusta var. splendida																																											0	0	F	BLACK			
NBNORG0000069885	NHMSYS0000607040	Chromista		Bacillariophyceae	Surirellales	Surirellaceae	Surirella	Surirella striatula	Turpin, 1828	Species																																												4	0	C	GREEN		OTU_000280;OTU_002284	
NBNORG0000069886	NHMSYS0000607041	Chromista		Bacillariophyceae	Surirellales	Surirellaceae	Surirella	Surirella suecica	Grunow	Species																																												0	0	F	BLACK			
NBNORG0000069887	NHMSYS0000607042	Chromista		Bacillariophyceae	Surirellales	Surirellaceae	Surirella	Surirella tenera	Greg., 1856	Species	Surirella tenera var. nervosa																																											0	0	F	BLACK			
NBNORG0000069889	NHMSYS0000607044	Chromista		Bacillariophyceae	Surirellales	Surirellaceae	Surirella	Surirella tenuis	Mayer, 1916	Species																																												0	0	F	BLACK			
NBNORG0000122516	NHMSYS0021165380	Chromista		Bacillariophyceae	Surirellales	Surirellaceae	Surirella	Surirella tenuissima	Hustedt	Species			Y																																									0	0	F	BLACK			
NBNORG0000103616	NHMSYS0020748848	Chromista		Bacillariophyceae	Surirellales	Surirellaceae	Surirella	Surirella terricola	Lange-Bert & Alles	Species																																												0	0	F	BLACK			
NBNORG0000069890	NHMSYS0000607045	Chromista		Bacillariophyceae	Surirellales	Surirellaceae	Surirella	Surirella turgida	W. Sm., 1853	Species	Surirella turgida var. margarita																																											0	0	F	BLACK			
NBNORG0000069892	NHMSYS0000607047	Chromista		Bacillariophyceae	Surirellales	Surirellaceae	Surirella	Surirella variabilis	A. Cleve, 1951	Species																																												0	0	F	BLACK			
NBNORG0000069893	NHMSYS0000607048	Chromista		Bacillariophyceae	Surirellales	Surirellaceae	Surirella	Surirella verrucosa	Pant., 1892	Species																																												0	0	F	BLACK			
NBNORG0000069894	NHMSYS0000607049	Chromista		Bacillariophyceae	Surirellales	Surirellaceae	Surirella	Surirella visurgis	Hust., 1957	Species																																												0	0	F	BLACK			
NBNORG0000125706	NHMSYS0021201054	Chromista		Bacillariophyceae			Syndendrium	Syndendrium diadema	Ehrenberg, 1854	Species	Chaetoceros diadema				Y																																							1	0	D	BLUE		OTU_003175	
NBNORG0000069904	NHMSYS0000607060	Chromista		Bacillariophyceae	Fragilariales	Fragilariaceae	Synedra	Synedra acus	Kütz., 1844	Species	Fragilaria ulna var. acus;Synedra acus var. angustissima;Synedra acus var. delicatissima																																											0	0	F	BLACK			
NBNORG0000069905	NHMSYS0000607061	Chromista		Bacillariophyceae	Fragilariales	Fragilariaceae	Synedra	Synedra amphicephala	Kütz., 1844	Species																																												0	0	F	BLACK			
NBNORG0000069906	NHMSYS0000607063	Chromista		Bacillariophyceae	Fragilariales	Fragilariaceae	Synedra	Synedra bacillaris	(Grunow) Hust., 1932	Species																																												1	0	D	GREEN		OTU_003479	
NBNORG0000069907	NHMSYS0000607064	Chromista		Bacillariophyceae	Fragilariales	Fragilariaceae	Synedra	Synedra baculus	Greg., 1857	Species																																												0	0	F	BLACK			
NBNORG0000069908	NHMSYS0000607067	Chromista		Bacillariophyceae	Fragilariales	Fragilariaceae	Synedra	Synedra capitata	Ehrenb., 1836	Species	Fragilaria dilatata;Ulnaria capitata																																											0	0	F	BLACK			
NBNORG0000069909	NHMSYS0000607068	Chromista		Bacillariophyceae	Fragilariales	Fragilariaceae	Synedra	Synedra cyclopum	Brutschy, 1922	Species																																												0	0	F	BLACK			
NBNORG0000069910	NHMSYS0000607069	Chromista		Bacillariophyceae	Fragilariales	Fragilariaceae	Synedra	Synedra delicatissima	W. Sm., 1853	Species	Synedra delicatissima var. angustissima																																											0	0	F	BLACK			
NBNORG0000122693	NHMSYS0021167981	Chromista		Bacillariophyceae	Fragilariales	Fragilariaceae	Synedra	Synedra fragilarioides	Fritsch & F.Rich	Species																																												1	0	E	RED		OTU_000876	Cratericulifera crinigera;Hyalosynedra prasadii
NBNORG0000122517	NHMSYS0021165391	Chromista		Bacillariophyceae	Fragilariales	Fragilariaceae	Synedra	Synedra fulgens	(Greville) W.Smith	Species	Synedra fulgens var. gigantea		Y																																									0	0	F	BLACK			
NBNORG0000062406	NHMSYS0000548172	Chromista		Bacillariophyceae	Fragilariales	Fragilariaceae	Synedra	Synedra gaillonii	(Bory) Ehrenberg, 1830	Species																																												0	0	F	BLACK			
NBNORG0000069912	NHMSYS0000607072	Chromista		Bacillariophyceae	Fragilariales	Fragilariaceae	Synedra	Synedra gracilis	Kütz., 1844	Species																																												0	0	F	BLACK			
NBNORG0000069913	NHMSYS0000607073	Chromista		Bacillariophyceae	Fragilariales	Fragilariaceae	Synedra	Synedra hyperborea	Grunow, 1884	Species																																												0	0	F	BLACK			
NBNORG0000069914	NHMSYS0000607074	Chromista		Bacillariophyceae	Fragilariales	Fragilariaceae	Synedra	Synedra investiens	W. Sm., 1856	Species																																												0	0	F	BLACK			
NBNORG0000122519	NHMSYS0021165262	Chromista		Bacillariophyceae	Fragilariales	Fragilariaceae	Synedra	Synedra minuscula	Grunow in Van Heurck, 1881	Species			Y																																									0	0	F	BLACK			
NBNORG0000125708	NHMSYS0021201060	Chromista		Bacillariophyceae	Fragilariales	Fragilariaceae	Synedra	Synedra minutissima	Kützing, 1844	Species	Synedra minutissima var. pelliculosa				Y																																							0	0	F	BLACK			
NBNORG0000069915	NHMSYS0000607077	Chromista		Bacillariophyceae	Fragilariales	Fragilariaceae	Synedra	Synedra montana	Krasske ex Hust., 1932	Species																																												0	0	F	BLACK			
NBNORG0000069916	NHMSYS0000607078	Chromista		Bacillariophyceae	Fragilariales	Fragilariaceae	Synedra	Synedra nana	F. Meister, 1912	Species	Fragilaria nanana																																											0	0	F	BLACK			
NBNORG0000125912	NHMSYS0021202080	Chromista		Bacillariophyceae	Fragilariales	Fragilariaceae	Synedra	Synedra nitzschioides	Maly, 1895	Species	Synedra nitzschioides f. nitzschioides				Y																																							0	0	F	BLACK			
NBNORG0000069917	NHMSYS0000607084	Chromista		Bacillariophyceae	Fragilariales	Fragilariaceae	Synedra	Synedra robusta	Ralfs in A. Pritch., 1861	Species																																												0	0	F	BLACK			
NBNORG0000107209	NHMSYS0020955285	Chromista		Bacillariophyceae	Fragilariales	Fragilariaceae	Synedra	Synedra tabulata	(C.Agardh) Kützing, 1844	Species																																												0	0	F	BLACK			
NBNORG0000069918	NHMSYS0000607087	Chromista		Bacillariophyceae	Fragilariales	Fragilariaceae	Synedra	Synedra tenera	W. Sm., 1856	Species	Synedra tenera var. utermoehlii																																											0	0	F	BLACK			
NBNORG0000069920	NHMSYS0000607089	Chromista		Bacillariophyceae	Fragilariales	Fragilariaceae	Synedra	Synedra tenuissima	(Kütz.) Kütz., 1844	Species																																												0	0	F	BLACK			
NBNORG0000069921	NHMSYS0000607090	Chromista		Bacillariophyceae	Fragilariales	Fragilariaceae	Synedra	Synedra ulna	(Nitzsch) Ehrenb., 1836	Species	Fragilaria ulna;Synedra ulna var. aequalis;Synedra ulna var. amphirhynchus;Synedra ulna var. biceps;Synedra ulna var. danica;Synedra ulna var. impressa;Synedra ulna var. longissima;Synedra ulna var. oxyrhynchus;Synedra ulna var. spathulifera;Ulnaria ulna																																											37	13	E	RED		OTU_000048;OTU_000055;OTU_000058;OTU_000076;OTU_002052;OTU_002059;OTU_002080;OTU_003997;OTU_003998	Ulnaria acus;Ulnaria danica;Ulnaria sp. ks-2019-2
NBNORG0000107210	NHMSYS0020955286	Chromista		Bacillariophyceae	Fragilariales	Fragilariaceae	Synedrella	Synedrella parasitica	(W. Smith) F.E. Round & N.I. Maidana, 2001	Species	Fragilaria parasitica;Synedra parasitica																																											0	0	F	BLACK			
NBNORG0000107211	NHMSYS0020955287	Chromista		Bacillariophyceae	Fragilariales	Fragilariaceae	Synedrella	Synedrella subconstricta	(Grunow in Van Heurck) F.E. Round & N.I. Maidana, 2001	Species	Fragilaria parasitica var. subconstricta;Synedra parasitica var. subconstricta																																											0	0	F	BLACK			
NBNORG0000122522	NHMSYS0021165387	Chromista		Bacillariophyceae	Fragilariales	Fragilariaceae	Synedropsis	Synedropsis hyperborea	(Grunow) G.R.Hasle, Medlin & E.E.Syvertsen, 1994	Species			Y																																									0	0	F	BLACK			
NBNORG0000122523	NHMSYS0021165388	Chromista		Bacillariophyceae	Fragilariales	Fragilariaceae	Synedropsis	Synedropsis recta	G.R.Hasle, Medlin & E.E.Syvertsen, 1994	Species			Y																																									0	0	F	BLACK			
NBNORG0000069941	NHMSYS0000607117	Chromista		Bacillariophyceae	Tabellariales	Tabellariaceae	Tabellaria	Tabellaria fenestrata	(Lyngb.) Kütz., 1844	Species																																												0	0	F	BLACK			
NBNORG0000069942	NHMSYS0021058336	Chromista		Bacillariophyceae	Tabellariales	Tabellariaceae	Tabellaria	Tabellaria flocculosa	(Roth) Kützing, 1844	Species	Tabellaria flocculosa var. asterionelloides		Y																																									11	8	C	GREEN		OTU_000198;OTU_000389;OTU_000410;OTU_002202;OTU_002393;OTU_002414	
NBNORG0000107213	NHMSYS0020955289	Chromista		Bacillariophyceae	Tabellariales	Tabellariaceae	Tabellaria	Tabellaria kuetzingiana	Lange-Bertalot, 1988	Species																																												0	0	F	BLACK			
NBNORG0000069944	NHMSYS0000607120	Chromista		Bacillariophyceae	Tabellariales	Tabellariaceae	Tabellaria	Tabellaria quadriseptata	B.M. Knudson, 1952	Species																																												0	0	F	BLACK			
NBNORG0000069945	NHMSYS0000607121	Chromista		Bacillariophyceae	Tabellariales	Tabellariaceae	Tabellaria	Tabellaria ventricosa	Kütz., 1844	Species																																												0	0	F	BLACK			
NBNORG0000069947	NHMSYS0000607123	Chromista		Bacillariophyceae	Fragilariales	Fragilariaceae	Tabularia	Tabularia barbatula	(Kütz.) D.M. Williams et Round, 1986	Species	Synedra barbatula																																											0	0	F	BLACK			
NBNORG0000069948	NHMSYS0000607124	Chromista		Bacillariophyceae	Fragilariales	Fragilariaceae	Tabularia	Tabularia fasciculata	(Agardh) D.M. Williams et Round, 1986	Species	Fragilaria fasciculata;Synedra fasciculata;Tabularia tabulata																																											4	0	C	AMBER		OTU_000222;OTU_002226;OTU_003831;OTU_003832	
NBNORG0000122524	NHMSYS0021165390	Chromista		Bacillariophyceae	Fragilariales	Fragilariaceae	Tabularia	Tabularia laevis	Kützing	Species			Y																																									1	0	D	GREEN		OTU_002580	
NBNORG0000122669	NHMSYS0021168123	Chromista		Bacillariophyceae	Biddulphiales	Biddulphiaceae	Terpsinoe	Terpsinoe americana	(Bailey) Grunow, 1868	Species																																												1	0	D	GREEN		OTU_003013	
NBNORG0000069967	NHMSYS0000607148	Chromista		Bacillariophyceae	Tabellariales	Tabellariaceae	Tetracyclus	Tetracyclus ellipticus	(Ehrenb.) Grunow, 1862	Species																																												0	0	F	BLACK			
NBNORG0000069968	NHMSYS0000607149	Chromista		Bacillariophyceae	Tabellariales	Tabellariaceae	Tetracyclus	Tetracyclus emarginatus	(Ehrenb.) W. Sm., 156	Species																																												0	0	F	BLACK			
NBNORG0000069969	NHMSYS0000607150	Chromista		Bacillariophyceae	Tabellariales	Tabellariaceae	Tetracyclus	Tetracyclus glans	(Ehrenb.) Mills, 1935	Species	Tetracyclus lacustris																																											0	0	F	BLACK			
NBNORG0000069970	NHMSYS0000607152	Chromista		Bacillariophyceae	Tabellariales	Tabellariaceae	Tetracyclus	Tetracyclus rupestris	(A.Braun) Grunow in Van Heurck, 1881	Species																																												0	0	F	BLACK			
NBNORG0000115121	NHMSYS0021199705	Chromista		Bacillariophyceae	Thalassionematales	Thalassionemataceae	Thalassionema	Thalassionema frauenfeldii	(Grunow) Tempère & Peragallo, 1910	Species	Thalassiothrix frauenfeldii				Y																																							6	0	C	GREEN		OTU_000620;OTU_000979;OTU_002624;OTU_002918;OTU_002948;OTU_002983	
NBNORG0000122628	NHMSYS0021167993	Chromista		Bacillariophyceae	Thalassiosirales	Thalassiosiraceae	Thalassiosira	Thalassiosira aestivalis	Gran in Gran & Angst, 1931	Species																																												1	0	D	GREEN		OTU_002147	
NBNORG0000062417	NHMSYS0000548183	Chromista		Bacillariophyceae	Thalassiosirales	Thalassiosiraceae	Thalassiosira	Thalassiosira angstii	(Gran) Makarova	Species																																												0	0	F	BLACK			
NBNORG0000115043	NHMSYS0021058277	Chromista		Bacillariophyceae	Thalassiosirales	Thalassiosiraceae	Thalassiosira	Thalassiosira angulata	(W.Gregory) Hasle, 1978	Species	Thalassiosira decipiens				Y																																							1	0	D	GREEN		OTU_002365	
NBNORG0000115039	NHMSYS0021058280	Chromista		Bacillariophyceae	Thalassiosirales	Thalassiosiraceae	Thalassiosira	Thalassiosira antarctica	Comber, 1896	Species					Y																																							1	0	D	GREEN		OTU_002148	
NBNORG0000115081	NHMSYS0021058281	Chromista		Bacillariophyceae	Thalassiosirales	Thalassiosiraceae	Thalassiosira	Thalassiosira baltica	(Grunow) Ostenfeld, 1901	Species					Y																																							0	0	F	BLACK			
NBNORG0000069998	NHMSYS0000607206	Chromista		Bacillariophyceae	Thalassiosirales	Thalassiosiraceae	Thalassiosira	Thalassiosira bioculata	(Grunow) Ostenf.	Species																																												0	0	F	BLACK			
NBNORG0000069999	NHMSYS0000607207	Chromista		Bacillariophyceae	Thalassiosirales	Thalassiosiraceae	Thalassiosira	Thalassiosira bramaputrae	(Ehrenb.) Håk. et Locker	Species																																												0	0	F	BLACK			
NBNORG0000115139	NHMSYS0021058282	Chromista		Bacillariophyceae	Thalassiosirales	Thalassiosiraceae	Thalassiosira	Thalassiosira concaviuscula	I.V.Makarova	Species					Y																																							0	0	F	BLACK			
NBNORG0000115138	NHMSYS0021058283	Chromista		Bacillariophyceae	Thalassiosirales	Thalassiosiraceae	Thalassiosira	Thalassiosira constricta	Gaardner	Species					Y																																							0	0	F	BLACK			
NBNORG0000062418	NHMSYS0000548186	Chromista		Bacillariophyceae	Thalassiosirales	Thalassiosiraceae	Thalassiosira	Thalassiosira eccentrica	(Ehrenberg) Cleve, 1903	Species					Y																																							2	0	C	GREEN		OTU_000519;OTU_002523	
NBNORG0000125712	NHMSYS0021201078	Chromista		Bacillariophyceae	Thalassiosirales	Thalassiosiraceae	Thalassiosira	Thalassiosira expecta	VanLandingham, 1978	Species	Shionodiscus gracilis var. expectus				Y																																							0	0	F	BLACK			
NBNORG0000062419	NHMSYS0000548187	Chromista		Bacillariophyceae	Thalassiosirales	Thalassiosiraceae	Thalassiosira	Thalassiosira fallax	Meunier	Species																																												0	0	F	BLACK			
NBNORG0000122627	NHMSYS0021167999	Chromista		Bacillariophyceae	Thalassiosirales	Thalassiosiraceae	Thalassiosira	Thalassiosira gessneri	Hustedt in Gessner & Vareschi, 1956	Species																																												1	0	D	GREEN		OTU_002522	
NBNORG0000062420	NHMSYS0000548188	Chromista		Bacillariophyceae	Thalassiosirales	Thalassiosiraceae	Thalassiosira	Thalassiosira gravida	Cleve, 1896	Species					Y																																							1	0	D	GREEN		OTU_003478	
NBNORG0000122629	NHMSYS0021168005	Chromista		Bacillariophyceae	Thalassiosirales	Thalassiosiraceae	Thalassiosira	Thalassiosira guiard	Hasle, 1978	Species																																												0	0	F	BLACK			
NBNORG0000070001	NHMSYS0000607210	Chromista		Bacillariophyceae	Thalassiosirales	Thalassiosiraceae	Thalassiosira	Thalassiosira guillardii	Hasle	Species																																												2	0	C	GREEN		OTU_000381;OTU_002385	
NBNORG0000114998	NHMSYS0021058287	Chromista		Bacillariophyceae	Thalassiosirales	Thalassiosiraceae	Thalassiosira	Thalassiosira hyalina	(Grunow) Gran, 1897	Species					Y																																							0	0	F	BLACK			
NBNORG0000063824	NHMSYS0000562161	Chromista		Bacillariophyceae	Thalassiosirales	Thalassiosiraceae	Thalassiosira	Thalassiosira kuschirensis		Species																																												0	0	F	BLACK			
NBNORG0000115135	NHMSYS0021058288	Chromista		Bacillariophyceae	Thalassiosirales	Thalassiosiraceae	Thalassiosira	Thalassiosira kushirensis	Takano, 1985	Species					Y																																							0	0	F	BLACK			
NBNORG0000115042	NHMSYS0021058289	Chromista		Bacillariophyceae	Thalassiosirales	Thalassiosiraceae	Thalassiosira	Thalassiosira leptopus	(Grunow ex Van Heurck) Hasle & G.Fryxell, 1977	Species					Y																																							0	0	F	BLACK			
NBNORG0000115134	NHMSYS0021058290	Chromista		Bacillariophyceae	Thalassiosirales	Thalassiosiraceae	Thalassiosira	Thalassiosira levanderi	Goor, 1924	Species					Y																																							0	0	F	BLACK			
NBNORG0000115123	NHMSYS0021058291	Chromista		Bacillariophyceae	Thalassiosirales	Thalassiosiraceae	Thalassiosira	Thalassiosira mala	Takano, 1965	Species					Y																																							0	0	F	BLACK			
NBNORG0000070002	NHMSYS0000607211	Chromista		Bacillariophyceae	Thalassiosirales	Thalassiosiraceae	Thalassiosira	Thalassiosira minima	Gaarder, 1951	Species					Y																																							2	0	C	GREEN		OTU_000257;OTU_002149	
NBNORG0000070003	NHMSYS0000607212	Chromista		Bacillariophyceae	Thalassiosirales	Thalassiosiraceae	Thalassiosira	Thalassiosira minuscula	Krasske	Species																																												2	0	C	GREEN		OTU_000151;OTU_002155	
NBNORG0000122626	NHMSYS0021168011	Chromista		Bacillariophyceae	Thalassiosirales	Thalassiosiraceae	Thalassiosira	Thalassiosira nodulolineata	(Hendey) Hasle & Fryxell, 1977	Species																																												1	0	D	GREEN		OTU_002145	
NBNORG0000062422	NHMSYS0000548190	Chromista		Bacillariophyceae	Thalassiosirales	Thalassiosiraceae	Thalassiosira	Thalassiosira nordenskioeldii	Cleve	Species					Y																																							4	0	C	GREEN		OTU_000150;OTU_001790;OTU_002007;OTU_002154	
NBNORG0000115132	NHMSYS0021058292	Chromista		Bacillariophyceae	Thalassiosirales	Thalassiosiraceae	Thalassiosira	Thalassiosira oceanica	Hasle, 1983	Species					Y																																							1	0	D	GREEN		OTU_002150	
NBNORG0000115140	NHMSYS0021058293	Chromista		Bacillariophyceae	Thalassiosirales	Thalassiosiraceae	Thalassiosira	Thalassiosira pacifica	Gran & Angst, 1931	Species					Y																																							2	0	D	GREEN		OTU_000143	
NBNORG0000070005	NHMSYS0000607214	Chromista		Bacillariophyceae	Thalassiosirales	Thalassiosiraceae	Thalassiosira	Thalassiosira poroseriata	(Ramsfjell) Hasle	Species																																												0	0	F	BLACK			
NBNORG0000070006	NHMSYS0000607215	Chromista		Bacillariophyceae	Thalassiosirales	Thalassiosiraceae	Thalassiosira	Thalassiosira profunda	(Hendey) Hasle	Species																																												3	0	C	GREEN		OTU_001029;OTU_002313;OTU_003033	
NBNORG0000070007	NHMSYS0000607216	Chromista		Bacillariophyceae	Thalassiosirales	Thalassiosiraceae	Thalassiosira	Thalassiosira proschkinae	Makarova	Species																																												1	0	D	GREEN		OTU_002630	
NBNORG0000115130	NHMSYS0021058294	Chromista		Bacillariophyceae	Thalassiosirales	Thalassiosiraceae	Thalassiosira	Thalassiosira pseudonana	Hasle & Heimdal, 1970	Species	Cyclotella nana				Y																																							17	0	E	RED		OTU_000140;OTU_002144;OTU_003849	Thalassiosira delicatula
NBNORG0000115128	NHMSYS0021058296	Chromista		Bacillariophyceae	Thalassiosirales	Thalassiosiraceae	Thalassiosira	Thalassiosira rotula	Meunier, 1910	Species					Y																																							16	0	C	GREEN		OTU_000320;OTU_001757;OTU_002324;OTU_003761	
NBNORG0000070009	NHMSYS0000607218	Chromista		Bacillariophyceae	Thalassiosirales	Thalassiosiraceae	Thalassiosira	Thalassiosira stellaris	Hasle et Guillard	Species																																												0	0	F	BLACK			
NBNORG0000115127	NHMSYS0021058297	Chromista		Bacillariophyceae	Thalassiosirales	Thalassiosiraceae	Thalassiosira	Thalassiosira subtilis	(Ostenfeld) Gran, 1900	Species					Y																																							0	0	F	BLACK			
NBNORG0000062425	NHMSYS0000548196	Chromista		Bacillariophyceae	Thalassiosirales	Thalassiosiraceae	Thalassiosira	Thalassiosira subtilis lebour		Species																																												0	0	F	BLACK			
NBNORG0000115126	NHMSYS0021058298	Chromista		Bacillariophyceae	Thalassiosirales	Thalassiosiraceae	Thalassiosira	Thalassiosira tealata	Takano, 1980	Species		Y			Y																																							0	0	F	BLACK			
NBNORG0000115125	NHMSYS0021058299	Chromista		Bacillariophyceae	Thalassiosirales	Thalassiosiraceae	Thalassiosira	Thalassiosira tenera	Proshkina-Lavrenko, 1961	Species					Y																																							1	0	D	GREEN		OTU_002325	
NBNORG0000122625	NHMSYS0021168017	Chromista		Bacillariophyceae	Thalassiosirales	Thalassiosiraceae	Thalassiosira	Thalassiosira tumida	(Janisch) Hasle in Hasle, Heimdal & Fryxell, 1971	Species																																												7	0	C	GREEN		OTU_000147;OTU_002151	
NBNORG0000070011	NHMSYS0000607220	Chromista		Bacillariophyceae	Thalassiosirales	Thalassiosiraceae	Thalassiosira	Thalassiosira visurgis	Hust.	Species																																												0	0	F	BLACK			
NBNORG0000125713	NHMSYS0021201084	Chromista		Bacillariophyceae	Thalassionematales	Thalassionemataceae	Thalassiothrix	Thalassiothrix delicatula	Cupp, 1943	Species	Lioloma delicatulum				Y																																							0	0	F	BLACK			
NBNORG0000115118	NHMSYS0021058345	Chromista		Bacillariophyceae	Thalassionematales	Thalassionemataceae	Thalassiothrix	Thalassiothrix longissima	Cleve & Grunow, 1880	Species					Y																																							1	0	D	GREEN		OTU_002581	
NBNORG0000122528	NHMSYS0021165316	Chromista		Bacillariophyceae	Toxariales	Toxariaceae	Toxarium	Toxarium hennedyanum	(Gregory) Pelletan, 1889	Species			Y																																									3	0	C	GREEN		OTU_002489;OTU_003431;OTU_003447	
NBNORG0000122529	NHMSYS0021165315	Chromista		Bacillariophyceae	Toxariales	Toxariaceae	Toxarium	Toxarium undulatum	J.W.Bailey, 1854	Species			Y																																									1	0	D	GREEN		OTU_003348	
NBNORG0000115724	NHMSYS0021058025	Chromista		Bacillariophyceae	Naviculales	Naviculaceae	Trachyneis	Trachyneis aspera	(Ehrenberg) Cleve, 1894	Species					Y																																							0	0	F	BLACK			
NBNORG0000115510	NHMSYS0021058093	Chromista		Bacillariophyceae	Triceratiales	Triceratiaceae	Triceratium	Triceratium favus	Ehrenberg, 1839	Species					Y																																							0	0	F	BLACK			
NBNORG0000124136	NHMSYS0021185289	Chromista		Bacillariophyceae	Triceratiales	Triceratiaceae	Trieres	Trieres mobiliensis	(J.W.Bailey) Ashworth & Theriot, 2013	Species					Y																																							0	0	F	BLACK			
NBNORG0000124137	NHMSYS0021185290	Chromista		Bacillariophyceae	Triceratiales	Triceratiaceae	Trieres	Trieres regia	(M.Schultze) M.P.Ashworth & E.C.Theriot, 2013	Species					Y																																							0	0	F	BLACK			
NBNORG0000115561	NHMSYS0021058070	Chromista		Bacillariophyceae	Biddulphiales	Biddulphiaceae	Trigonium	Trigonium alternans	(J.W.Bailey) A.Mann, 1907	Species	Biddulphia alternans				Y																																							0	0	F	BLACK			
NBNORG0000070122	NHMSYS0000607360	Chromista		Bacillariophyceae	Bacillariales	Bacillariaceae	Tryblionella	Tryblionella acuminata	W. Sm., 1853	Species	Nitzschia acuminata;Tryblionella acuminata var. subconstricta																																											0	0	F	BLACK			
NBNORG0000070123	NHMSYS0000607361	Chromista		Bacillariophyceae	Bacillariales	Bacillariaceae	Tryblionella	Tryblionella acuta	(Cleve) D.G. Mann in Round et al., 1990	Species	Nitzschia acuta																																											0	0	F	BLACK			
NBNORG0000070124	NHMSYS0000607362	Chromista		Bacillariophyceae	Bacillariales	Bacillariaceae	Tryblionella	Tryblionella aerophila	(Hust.) D.G. Mann in Round et al., 1990	Species	Nitzschia aerophila																																											0	0	F	BLACK			
NBNORG0000107224	NHMSYS0020955300	Chromista		Bacillariophyceae	Bacillariales	Bacillariaceae	Tryblionella	Tryblionella angustata	W. Smith, 1853	Species																																												0	0	F	BLACK			
NBNORG0000070125	NHMSYS0000607363	Chromista		Bacillariophyceae	Bacillariales	Bacillariaceae	Tryblionella	Tryblionella apiculata	Greg., 1857	Species	Nitzchia apiculata;Nitzschia constricta																																											5	0	E	RED		OTU_000554;OTU_000740;OTU_002215;OTU_002602;OTU_002744	Tryblionella hungarica
NBNORG0000070126	NHMSYS0000607364	Chromista		Bacillariophyceae	Bacillariales	Bacillariaceae	Tryblionella	Tryblionella balatonis	(Grunow in Cleve et Grunow) Pant., 1902	Species	Nitzschia balatonis																																											0	0	F	BLACK			
NBNORG0000070127	NHMSYS0000607365	Chromista		Bacillariophyceae	Bacillariales	Bacillariaceae	Tryblionella	Tryblionella calida	(Grunow in Cleve et Grunow) D.G. Mann in Round et al., 1990	Species	Nitzschia calida																																											0	0	F	BLACK			
NBNORG0000115760	NHMSYS0021057996	Chromista		Bacillariophyceae	Bacillariales	Bacillariaceae	Tryblionella	Tryblionella compressa	(J.W.Bailey) M.Poulin, 1990	Species	Prorocentrum compressum;Pyxidicula compressa;Pyxidicula compressa var. compressa;Tryblionella punctata				Y																																							1	0	D	GREEN		OTU_003692	
NBNORG0000070128	NHMSYS0000607367	Chromista		Bacillariophyceae	Bacillariales	Bacillariaceae	Tryblionella	Tryblionella debilis	Arnott in O'Meara, 1873	Species	Nitzschia debliis;Nitzschia tryblionella var. debilis																																											2	1	C	GREEN		OTU_002439;OTU_003999	
NBNORG0000070129	NHMSYS0000607368	Chromista		Bacillariophyceae	Bacillariales	Bacillariaceae	Tryblionella	Tryblionella gracilis	W. Sm., 1853	Species	Nitzschia tryblionella																																											0	0	F	BLACK			
NBNORG0000070130	NHMSYS0000607369	Chromista		Bacillariophyceae	Bacillariales	Bacillariaceae	Tryblionella	Tryblionella granulata	(Grunow) D.G. Mann in Round et al., 1990	Species	Nitzschia granulata																																											0	0	F	BLACK			
NBNORG0000070131	NHMSYS0000607370	Chromista		Bacillariophyceae	Bacillariales	Bacillariaceae	Tryblionella	Tryblionella hungarica	(Grunow) D.G. Mann in Round et al., 1990	Species	Nitzschia hungarica																																											3	0	E	RED		OTU_000554;OTU_002502;OTU_002558	Tryblionella apiculata
NBNORG0000122530	NHMSYS0021165233	Chromista		Bacillariophyceae	Bacillariales	Bacillariaceae	Tryblionella	Tryblionella lanceola	Grunow	Species			Y																																									0	0	F	BLACK			
NBNORG0000070132	NHMSYS0000607371	Chromista		Bacillariophyceae	Bacillariales	Bacillariaceae	Tryblionella	Tryblionella levidensis	W. Sm., 1856	Species	Nitzschia levidensis;Nitzschia tryblionella var. levidensis																																											0	0	F	BLACK			
NBNORG0000091408	NHMSYS0020063229	Chromista		Bacillariophyceae	Bacillariales	Bacillariaceae	Tryblionella	Tryblionella littoralis	(Grunow in Cleve & Grunow) D.G. Mann in Round et al. 1990	Species	Nitzschia littoralis																																											0	0	F	BLACK			
NBNORG0000070133	NHMSYS0000607372	Chromista		Bacillariophyceae	Bacillariales	Bacillariaceae	Tryblionella	Tryblionella marginulata	(Grunow in Cleve et Grunow) D.G. Mann in Round et al., 1990	Species	Nitzschia marginulata;Nitzschia marginulata var. didyma																																											0	0	F	BLACK			
NBNORG0000070134	NHMSYS0000607373	Chromista		Bacillariophyceae	Bacillariales	Bacillariaceae	Tryblionella	Tryblionella navicularis	(Bréb. ex Kütz.) Ralfs in A. Pritch., 1861	Species	Nitzschia navicularis;Surirella navicularia																																											0	0	F	BLACK			
NBNORG0000070135	NHMSYS0000607374	Chromista		Bacillariophyceae	Bacillariales	Bacillariaceae	Tryblionella	Tryblionella perversa	(Grunow) D.G. Mann in Round et al., 1990	Species	Nitzschia perversa																																											0	0	F	BLACK			
NBNORG0000070136	NHMSYS0000607375	Chromista		Bacillariophyceae	Bacillariales	Bacillariaceae	Tryblionella	Tryblionella plana	(W. Sm.) Pelletan, 1889	Species	Nitzschia plana																																											0	0	F	BLACK			
NBNORG0000105392	NHMSYS0020917711	Chromista		Bacillariophyceae	Bacillariales	Bacillariaceae	Tryblionella	Tryblionella salinarum	(Grunow) Pantocsek	Species	Nitzschia levidensis var. salinarum																																											0	0	F	BLACK			
NBNORG0000070137	NHMSYS0000607376	Chromista		Bacillariophyceae	Bacillariales	Bacillariaceae	Tryblionella	Tryblionella visurgis	(Hust.) D.G. Mann in Round et al., 1990	Species	Nitzschia visurgis																																											0	0	F	BLACK			
NBNORG0000122532	NHMSYS0021165238	Chromista		Bacillariophyceae	Licmophorales	Ulnariaceae	Ulnaria	Ulnaria acus	(Kützing) Aboal in Aboal, Alvarez Cobelas, Cambra & Ector, 2003	Species			Y																																									37	6	E	RED		OTU_000023;OTU_000058;OTU_000076;OTU_000390;OTU_002062;OTU_002066;OTU_002394;OTU_003128	Centronella reicheltii;Fragilaria capucina;Fragilaria cf. crotonensis;Fragilaria cf. nanoides;Fragilaria cf. pararumpens;Fragilaria crotonensis;Fragilaria mesolepta;Fragilaria nanoides;Fragilaria pararumpens;Fragilaria sp.;Fragilaria vaucheriae;Ulnaria danica;Ulnaria sp. ks-2019-2;Ulnaria ulna
NBNORG0000070158	NHMSYS0000607427	Chromista		Bacillariophyceae	Rhizosoleniales	Rhizosoleniaceae	Urosolenia	Urosolenia eriensis	(H.L.Sm.) Round et R.M.Crawford	Species	Rhizosolenia eriensis;Urosolenia eriensis var. morsa																																											1	0	D	GREEN		OTU_002197	
NBNORG0000070160	NHMSYS0000607429	Chromista		Bacillariophyceae	Rhizosoleniales	Rhizosoleniaceae	Urosolenia	Urosolenia longiseta	(Zacharias) L.Bukht.	Species	Rhizosolenia longiseta																																											0	0	F	BLACK			
NBNORG0000125728	NHMSYS0021201156	Chromista		Bacillariophyceae			Vibrio	Vibrio paxillifer	O.F.Müller, 1786	Species	Bacillaria paradoxa;Bacillaria paxillifer;Bacillaria paxillifera				Y																																							12	0	C	BLUE		OTU_001031;OTU_001145;OTU_002234;OTU_002549;OTU_003035;OTU_003064;OTU_003149;OTU_003227;OTU_003361;OTU_003367;OTU_003378;OTU_003930	
NBNORG0000125736	NHMSYS0021201198	Chromista		Bacillariophyceae			Zygoceros	Zygoceros rhombus	Ehrenberg, 1839	Species					Y																																							0	0	F	BLACK			
NBNORG0000125737	NHMSYS0021201204	Chromista		Bacillariophyceae			Zygoceros	Zygoceros surirella	Ehrenberg, 1840	Species	Delphineis surirella				Y																																							0	0	F	BLACK			